{
  "classname": null,
  "name": null,
  "animation": {
    "classname": null,
    "name": "AnimationManager",
    "actionlist": []
  },
  "dataScale": 1,
  "designHeight": 720,
  "designWidth": 1280,
  "textures": [],
  "version": "1.3.0.1",
  "widgetTree": {
    "classname": "Panel",
    "name": null,
    "children": [
      {
        "classname": "Label",
        "name": null,
        "children": [],
        "options": {
          "__type": "LabelSurrogate:#EditorCommon.JsonModel.Component.GUI",
          "classname": "Label",
          "name": "lbl_def_title",
          "ZOrder": 1,
          "actiontag": 134020,
          "anchorPointX": 0.5,
          "anchorPointY": 0.5,
          "classType": "Label",
          "colorB": 22,
          "colorG": 49,
          "colorR": 83,
          "customProperty": "",
          "flipX": false,
          "flipY": false,
          "height": 48,
          "ignoreSize": true,
          "layoutParameter": null,
          "opacity": 255,
          "positionPercentX": 0.4892704,
          "positionPercentY": 0.467532456,
          "positionType": 0,
          "rotation": 0,
          "scaleX": 1,
          "scaleY": 1,
          "sizePercentX": 0.472103,
          "sizePercentY": 0.6233766,
          "sizeType": 0,
          "tag": 93093,
          "touchAble": false,
          "useMergedTexture": false,
          "visible": true,
          "width": 220,
          "x": 228,
          "y": 36,
          "areaHeight": 0,
          "areaWidth": 0,
          "fontFile": null,
          "fontName": "FZDaBiaoSong-B06S.ttf",
          "fontSize": 43,
          "hAlignment": 0,
          "text": "残暴掠夺队",
          "touchScaleEnable": false,
          "vAlignment": 0
        }
      },
      {
        "classname": "Button",
        "name": null,
        "children": [],
        "options": {
          "__type": "ButtonSurrogate:#EditorCommon.JsonModel.Component.GUI",
          "classname": "Button",
          "name": "btn_def_task",
          "ZOrder": 0,
          "actiontag": 134019,
          "anchorPointX": 0.5,
          "anchorPointY": 0.5,
          "classType": "Button",
          "colorB": 255,
          "colorG": 255,
          "colorR": 255,
          "customProperty": "",
          "flipX": false,
          "flipY": false,
          "height": 90,
          "ignoreSize": true,
          "layoutParameter": null,
          "opacity": 255,
          "positionPercentX": 0.497854084,
          "positionPercentY": 0.4935065,
          "positionType": 0,
          "rotation": 0,
          "scaleX": 0.5999999,
          "scaleY": 0.9,
          "sizePercentX": 1.66094422,
          "sizePercentY": 1.16883111,
          "sizeType": 0,
          "tag": 93092,
          "touchAble": true,
          "useMergedTexture": false,
          "visible": true,
          "width": 774,
          "x": 232,
          "y": 38,
          "capInsetsHeight": 1,
          "capInsetsWidth": 1,
          "capInsetsX": 0,
          "capInsetsY": 0,
          "disabled": null,
          "disabledData": {
            "path": null,
            "plistFile": null,
            "resourceType": 0
          },
          "fontName": "微软雅黑",
          "fontSize": 14,
          "fontType": 0,
          "normal": null,
          "normalData": {
            "path": "selectguild.png",
            "plistFile": "",
            "resourceType": 1
          },
          "pressed": null,
          "pressedData": {
            "path": null,
            "plistFile": null,
            "resourceType": 0
          },
          "scale9Enable": false,
          "scale9Height": 90,
          "scale9Width": 774,
          "text": "",
          "textColorB": 255,
          "textColorG": 255,
          "textColorR": 255
        }
      }
    ],
    "options": {
      "__type": "PanelSurrogate:#EditorCommon.JsonModel.Component.GUI",
      "classname": "Panel",
      "name": "panel_def_item",
      "ZOrder": 0,
      "actiontag": -1,
      "anchorPointX": 0,
      "anchorPointY": 0,
      "classType": "Panel",
      "colorB": 255,
      "colorG": 255,
      "colorR": 255,
      "customProperty": "",
      "flipX": false,
      "flipY": false,
      "height": 77,
      "ignoreSize": false,
      "layoutParameter": null,
      "opacity": 255,
      "positionPercentX": 0,
      "positionPercentY": 0,
      "positionType": 0,
      "rotation": 0,
      "scaleX": 1,
      "scaleY": 1,
      "sizePercentX": 0,
      "sizePercentY": 0,
      "sizeType": 0,
      "tag": 93090,
      "touchAble": true,
      "useMergedTexture": false,
      "visible": true,
      "width": 466,
      "x": 0,
      "y": 0,
      "adaptScreen": false,
      "backGroundImage": null,
      "backGroundImageData": null,
      "backGroundScale9Enable": false,
      "bgColorB": 255,
      "bgColorG": 200,
      "bgColorOpacity": 0,
      "bgColorR": 150,
      "bgEndColorB": 255,
      "bgEndColorG": 200,
      "bgEndColorR": 150,
      "bgStartColorB": 255,
      "bgStartColorG": 255,
      "bgStartColorR": 255,
      "capInsetsHeight": 1,
      "capInsetsWidth": 1,
      "capInsetsX": 0,
      "capInsetsY": 0,
      "clipAble": false,
      "colorType": 1,
      "layoutType": 0,
      "vectorX": 0,
      "vectorY": -0.5
    }
  }
}
