{
  "classname": null,
  "name": null,
  "animation": {
    "classname": null,
    "name": "AnimationManager",
    "actionlist": []
  },
  "dataScale": 1,
  "designHeight": 720,
  "designWidth": 1280,
  "textures": [],
  "version": "1.3.0.1",
  "widgetTree": {
    "classname": "Panel",
    "name": null,
    "children": [
      {
        "classname": "ImageView",
        "name": null,
        "children": [
          {
            "classname": "Panel",
            "name": null,
            "children": [
              {
                "classname": "Label",
                "name": null,
                "children": [],
                "options": {
                  "__type": "LabelSurrogate:#EditorCommon.JsonModel.Component.GUI",
                  "classname": "Label",
                  "name": "lbl_intro_title",
                  "ZOrder": 0,
                  "actiontag": 133995,
                  "anchorPointX": 0.5,
                  "anchorPointY": 0.5,
                  "classType": "Label",
                  "colorB": 22,
                  "colorG": 49,
                  "colorR": 83,
                  "customProperty": "",
                  "flipX": false,
                  "flipY": false,
                  "height": 41,
                  "ignoreSize": true,
                  "layoutParameter": null,
                  "opacity": 255,
                  "positionPercentX": 0.191729322,
                  "positionPercentY": 0.87094903,
                  "positionType": 0,
                  "rotation": 0,
                  "scaleX": 1,
                  "scaleY": 1,
                  "sizePercentX": 0.180451125,
                  "sizePercentY": 0.07118055,
                  "sizeType": 0,
                  "tag": 93070,
                  "touchAble": false,
                  "useMergedTexture": false,
                  "visible": true,
                  "width": 144,
                  "x": 153,
                  "y": 501,
                  "areaHeight": 0,
                  "areaWidth": 0,
                  "fontFile": null,
                  "fontName": "FZDaBiaoSong-B06S.ttf",
                  "fontSize": 36,
                  "hAlignment": 0,
                  "text": "玩法说明",
                  "touchScaleEnable": false,
                  "vAlignment": 0
                }
              },
              {
                "classname": "Label",
                "name": null,
                "children": [],
                "options": {
                  "__type": "LabelSurrogate:#EditorCommon.JsonModel.Component.GUI",
                  "classname": "Label",
                  "name": "lbl_intro1",
                  "ZOrder": 0,
                  "actiontag": 133996,
                  "anchorPointX": 0,
                  "anchorPointY": 1,
                  "classType": "Label",
                  "colorB": 22,
                  "colorG": 49,
                  "colorR": 83,
                  "customProperty": "",
                  "flipX": false,
                  "flipY": false,
                  "height": 79,
                  "ignoreSize": false,
                  "layoutParameter": null,
                  "opacity": 255,
                  "positionPercentX": 0.04940922,
                  "positionPercentY": 0.8298611,
                  "positionType": 0,
                  "rotation": 0,
                  "scaleX": 1,
                  "scaleY": 1,
                  "sizePercentX": 0.280701756,
                  "sizePercentY": 0.137152776,
                  "sizeType": 0,
                  "tag": 93071,
                  "touchAble": false,
                  "useMergedTexture": false,
                  "visible": true,
                  "width": 224,
                  "x": 39,
                  "y": 478,
                  "areaHeight": 79,
                  "areaWidth": 224,
                  "fontFile": null,
                  "fontName": "微软雅黑",
                  "fontSize": 21,
                  "hAlignment": 0,
                  "text": "抵御各种强盗队伍袭击自己的矿洞。",
                  "touchScaleEnable": false,
                  "vAlignment": 0
                }
              },
              {
                "classname": "Label",
                "name": null,
                "children": [],
                "options": {
                  "__type": "LabelSurrogate:#EditorCommon.JsonModel.Component.GUI",
                  "classname": "Label",
                  "name": "lbl_intro2",
                  "ZOrder": 0,
                  "actiontag": 133997,
                  "anchorPointX": 0,
                  "anchorPointY": 1,
                  "classType": "Label",
                  "colorB": 22,
                  "colorG": 49,
                  "colorR": 83,
                  "customProperty": "",
                  "flipX": false,
                  "flipY": false,
                  "height": 84,
                  "ignoreSize": false,
                  "layoutParameter": null,
                  "opacity": 255,
                  "positionPercentX": 0.04761905,
                  "positionPercentY": 0.6875,
                  "positionType": 0,
                  "rotation": 0,
                  "scaleX": 1,
                  "scaleY": 1,
                  "sizePercentX": 0.280701756,
                  "sizePercentY": 0.145833328,
                  "sizeType": 0,
                  "tag": 93072,
                  "touchAble": false,
                  "useMergedTexture": false,
                  "visible": true,
                  "width": 224,
                  "x": 38,
                  "y": 396,
                  "areaHeight": 84,
                  "areaWidth": 224,
                  "fontFile": null,
                  "fontName": "微软雅黑",
                  "fontSize": 21,
                  "hAlignment": 0,
                  "text": "在规定时间内积累       数量，根据不同数量获得不同的奖励。",
                  "touchScaleEnable": false,
                  "vAlignment": 0
                }
              },
              {
                "classname": "Label",
                "name": null,
                "children": [],
                "options": {
                  "__type": "LabelSurrogate:#EditorCommon.JsonModel.Component.GUI",
                  "classname": "Label",
                  "name": "lbl_intro3",
                  "ZOrder": 0,
                  "actiontag": 133998,
                  "anchorPointX": 0,
                  "anchorPointY": 1,
                  "classType": "Label",
                  "colorB": 22,
                  "colorG": 49,
                  "colorR": 83,
                  "customProperty": "",
                  "flipX": false,
                  "flipY": false,
                  "height": 83,
                  "ignoreSize": false,
                  "layoutParameter": null,
                  "opacity": 255,
                  "positionPercentX": 0.0506623723,
                  "positionPercentY": 0.4965278,
                  "positionType": 0,
                  "rotation": 0,
                  "scaleX": 1,
                  "scaleY": 1,
                  "sizePercentX": 0.280701756,
                  "sizePercentY": 0.144097224,
                  "sizeType": 0,
                  "tag": 93073,
                  "touchAble": false,
                  "useMergedTexture": false,
                  "visible": true,
                  "width": 224,
                  "x": 40,
                  "y": 286,
                  "areaHeight": 83,
                  "areaWidth": 224,
                  "fontFile": null,
                  "fontName": "微软雅黑",
                  "fontSize": 21,
                  "hAlignment": 0,
                  "text": "奖励将在每周一凌晨，通过邮件形式发放给玩家。",
                  "touchScaleEnable": false,
                  "vAlignment": 0
                }
              },
              {
                "classname": "ImageView",
                "name": null,
                "children": [],
                "options": {
                  "__type": "ImageViewSurrogate:#EditorCommon.JsonModel.Component.GUI",
                  "classname": "ImageView",
                  "name": "img_star",
                  "ZOrder": 0,
                  "actiontag": 134000,
                  "anchorPointX": 0.5,
                  "anchorPointY": 0.5,
                  "classType": "ImageView",
                  "colorB": 255,
                  "colorG": 255,
                  "colorR": 255,
                  "customProperty": "",
                  "flipX": false,
                  "flipY": false,
                  "height": 30,
                  "ignoreSize": false,
                  "layoutParameter": null,
                  "opacity": 255,
                  "positionPercentX": 0.288220555,
                  "positionPercentY": 0.6753472,
                  "positionType": 0,
                  "rotation": 0,
                  "scaleX": 1,
                  "scaleY": 1,
                  "sizePercentX": 0.0375939831,
                  "sizePercentY": 0.0520833321,
                  "sizeType": 0,
                  "tag": 93075,
                  "touchAble": false,
                  "useMergedTexture": false,
                  "visible": true,
                  "width": 30,
                  "x": 230,
                  "y": 389,
                  "capInsetsHeight": 1,
                  "capInsetsWidth": 1,
                  "capInsetsX": 0,
                  "capInsetsY": 0,
                  "fileName": null,
                  "fileNameData": {
                    "path": "star.png",
                    "plistFile": "",
                    "resourceType": 1
                  },
                  "scale9Enable": false,
                  "scale9Height": 30,
                  "scale9Width": 30
                }
              },
              {
                "classname": "ImageView",
                "name": null,
                "children": [],
                "options": {
                  "__type": "ImageViewSurrogate:#EditorCommon.JsonModel.Component.GUI",
                  "classname": "ImageView",
                  "name": "img_star2",
                  "ZOrder": 0,
                  "actiontag": 134012,
                  "anchorPointX": 0.5,
                  "anchorPointY": 0.5,
                  "classType": "ImageView",
                  "colorB": 255,
                  "colorG": 255,
                  "colorR": 255,
                  "customProperty": "",
                  "flipX": false,
                  "flipY": false,
                  "height": 93,
                  "ignoreSize": true,
                  "layoutParameter": null,
                  "opacity": 255,
                  "positionPercentX": 0.850877166,
                  "positionPercentY": 0.7899306,
                  "positionType": 0,
                  "rotation": 0,
                  "scaleX": 0.399999917,
                  "scaleY": 0.399999917,
                  "sizePercentX": 0.121553883,
                  "sizePercentY": 0.161458328,
                  "sizeType": 0,
                  "tag": 93087,
                  "touchAble": false,
                  "useMergedTexture": false,
                  "visible": true,
                  "width": 97,
                  "x": 679,
                  "y": 455,
                  "capInsetsHeight": 1,
                  "capInsetsWidth": 1,
                  "capInsetsX": 0,
                  "capInsetsY": 0,
                  "fileName": null,
                  "fileNameData": {
                    "path": "star.png",
                    "plistFile": "",
                    "resourceType": 1
                  },
                  "scale9Enable": false,
                  "scale9Height": 93,
                  "scale9Width": 97
                }
              },
              {
                "classname": "Button",
                "name": null,
                "children": [
                  {
                    "classname": "Label",
                    "name": null,
                    "children": [],
                    "options": {
                      "__type": "LabelSurrogate:#EditorCommon.JsonModel.Component.GUI",
                      "classname": "Label",
                      "name": "Label_134003",
                      "ZOrder": 0,
                      "actiontag": 134003,
                      "anchorPointX": 0.5,
                      "anchorPointY": 0.5,
                      "classType": "Label",
                      "colorB": 22,
                      "colorG": 49,
                      "colorR": 83,
                      "customProperty": "",
                      "flipX": false,
                      "flipY": false,
                      "height": 28,
                      "ignoreSize": true,
                      "layoutParameter": null,
                      "opacity": 255,
                      "positionPercentX": 0,
                      "positionPercentY": -0.0193548389,
                      "positionType": 0,
                      "rotation": 0,
                      "scaleX": 2.79999948,
                      "scaleY": 2.39999986,
                      "sizePercentX": 0.2580645,
                      "sizePercentY": 0.180645168,
                      "sizeType": 0,
                      "tag": 93078,
                      "touchAble": false,
                      "useMergedTexture": false,
                      "visible": true,
                      "width": 104,
                      "x": 0,
                      "y": -3,
                      "areaHeight": 0,
                      "areaWidth": 0,
                      "fontFile": null,
                      "fontName": "FZDaBiaoSong-B06S.ttf",
                      "fontSize": 25,
                      "hAlignment": 0,
                      "text": "查看奖励",
                      "touchScaleEnable": false,
                      "vAlignment": 0
                    }
                  }
                ],
                "options": {
                  "__type": "ButtonSurrogate:#EditorCommon.JsonModel.Component.GUI",
                  "classname": "Button",
                  "name": "btn_look_award",
                  "ZOrder": 0,
                  "actiontag": 134002,
                  "anchorPointX": 0.5,
                  "anchorPointY": 0.5,
                  "classType": "Button",
                  "colorB": 255,
                  "colorG": 255,
                  "colorR": 255,
                  "customProperty": "",
                  "flipX": false,
                  "flipY": false,
                  "height": 155,
                  "ignoreSize": true,
                  "layoutParameter": null,
                  "opacity": 255,
                  "positionPercentX": 0.1867168,
                  "positionPercentY": 0.28125,
                  "positionType": 0,
                  "rotation": 0,
                  "scaleX": 0.35,
                  "scaleY": 0.399999917,
                  "sizePercentX": 0.5050125,
                  "sizePercentY": 0.2690972,
                  "sizeType": 0,
                  "tag": 93077,
                  "touchAble": true,
                  "useMergedTexture": false,
                  "visible": true,
                  "width": 403,
                  "x": 149,
                  "y": 162,
                  "capInsetsHeight": 1,
                  "capInsetsWidth": 1,
                  "capInsetsX": 0,
                  "capInsetsY": 0,
                  "disabled": null,
                  "disabledData": {
                    "path": null,
                    "plistFile": null,
                    "resourceType": 0
                  },
                  "fontName": "微软雅黑",
                  "fontSize": 14,
                  "fontType": 0,
                  "normal": null,
                  "normalData": {
                    "path": "btn_mission2.png",
                    "plistFile": "",
                    "resourceType": 1
                  },
                  "pressed": null,
                  "pressedData": {
                    "path": "btn_mission2_s.png",
                    "plistFile": "",
                    "resourceType": 1
                  },
                  "scale9Enable": false,
                  "scale9Height": 155,
                  "scale9Width": 403,
                  "text": "",
                  "textColorB": 255,
                  "textColorG": 255,
                  "textColorR": 255
                }
              },
              {
                "classname": "Button",
                "name": null,
                "children": [
                  {
                    "classname": "Label",
                    "name": null,
                    "children": [],
                    "options": {
                      "__type": "LabelSurrogate:#EditorCommon.JsonModel.Component.GUI",
                      "classname": "Label",
                      "name": "Label_134003",
                      "ZOrder": 0,
                      "actiontag": 134079,
                      "anchorPointX": 0.5,
                      "anchorPointY": 0.5,
                      "classType": "Label",
                      "colorB": 22,
                      "colorG": 49,
                      "colorR": 83,
                      "customProperty": "",
                      "flipX": false,
                      "flipY": false,
                      "height": 28,
                      "ignoreSize": true,
                      "layoutParameter": null,
                      "opacity": 255,
                      "positionPercentX": 0,
                      "positionPercentY": -0.0193548389,
                      "positionType": 0,
                      "rotation": 0,
                      "scaleX": 2.79999948,
                      "scaleY": 2.39999986,
                      "sizePercentX": 0.168734491,
                      "sizePercentY": 0.180645168,
                      "sizeType": 0,
                      "tag": 93147,
                      "touchAble": false,
                      "useMergedTexture": false,
                      "visible": true,
                      "width": 68,
                      "x": 0,
                      "y": -3,
                      "areaHeight": 0,
                      "areaWidth": 0,
                      "fontFile": null,
                      "fontName": "FZDaBiaoSong-B06S.ttf",
                      "fontSize": 25,
                      "hAlignment": 0,
                      "text": "坑  洞",
                      "touchScaleEnable": false,
                      "vAlignment": 0
                    }
                  }
                ],
                "options": {
                  "__type": "ButtonSurrogate:#EditorCommon.JsonModel.Component.GUI",
                  "classname": "Button",
                  "name": "btn_digscene",
                  "ZOrder": 0,
                  "actiontag": 134078,
                  "anchorPointX": 0.5,
                  "anchorPointY": 0.5,
                  "classType": "Button",
                  "colorB": 255,
                  "colorG": 255,
                  "colorR": 255,
                  "customProperty": "",
                  "flipX": false,
                  "flipY": false,
                  "height": 155,
                  "ignoreSize": true,
                  "layoutParameter": null,
                  "opacity": 255,
                  "positionPercentX": 0.184210524,
                  "positionPercentY": 0.149305552,
                  "positionType": 0,
                  "rotation": 0,
                  "scaleX": 0.35,
                  "scaleY": 0.399999917,
                  "sizePercentX": 0.5050125,
                  "sizePercentY": 0.2690972,
                  "sizeType": 0,
                  "tag": 93146,
                  "touchAble": true,
                  "useMergedTexture": false,
                  "visible": true,
                  "width": 403,
                  "x": 147,
                  "y": 86,
                  "capInsetsHeight": 1,
                  "capInsetsWidth": 1,
                  "capInsetsX": 0,
                  "capInsetsY": 0,
                  "disabled": null,
                  "disabledData": {
                    "path": null,
                    "plistFile": null,
                    "resourceType": 0
                  },
                  "fontName": "微软雅黑",
                  "fontSize": 14,
                  "fontType": 0,
                  "normal": null,
                  "normalData": {
                    "path": "btn_mission2.png",
                    "plistFile": "",
                    "resourceType": 1
                  },
                  "pressed": null,
                  "pressedData": {
                    "path": "btn_mission2_s.png",
                    "plistFile": "",
                    "resourceType": 1
                  },
                  "scale9Enable": false,
                  "scale9Height": 155,
                  "scale9Width": 403,
                  "text": "",
                  "textColorB": 255,
                  "textColorG": 255,
                  "textColorR": 255
                }
              },
              {
                "classname": "Label",
                "name": null,
                "children": [],
                "options": {
                  "__type": "LabelSurrogate:#EditorCommon.JsonModel.Component.GUI",
                  "classname": "Label",
                  "name": "lbl_title",
                  "ZOrder": 0,
                  "actiontag": 134006,
                  "anchorPointX": 0.5,
                  "anchorPointY": 0.5,
                  "classType": "Label",
                  "colorB": 22,
                  "colorG": 49,
                  "colorR": 83,
                  "customProperty": "",
                  "flipX": false,
                  "flipY": false,
                  "height": 45,
                  "ignoreSize": true,
                  "layoutParameter": null,
                  "opacity": 255,
                  "positionPercentX": 0.654135346,
                  "positionPercentY": 0.8940972,
                  "positionType": 0,
                  "rotation": 0,
                  "scaleX": 1,
                  "scaleY": 1,
                  "sizePercentX": 0.200501248,
                  "sizePercentY": 0.078125,
                  "sizeType": 0,
                  "tag": 93081,
                  "touchAble": false,
                  "useMergedTexture": false,
                  "visible": true,
                  "width": 160,
                  "x": 522,
                  "y": 515,
                  "areaHeight": 0,
                  "areaWidth": 0,
                  "fontFile": null,
                  "fontName": "FZDaBiaoSong-B06S.ttf",
                  "fontSize": 40,
                  "hAlignment": 0,
                  "text": "强盗突袭",
                  "touchScaleEnable": false,
                  "vAlignment": 0
                }
              },
              {
                "classname": "Label",
                "name": null,
                "children": [],
                "options": {
                  "__type": "LabelSurrogate:#EditorCommon.JsonModel.Component.GUI",
                  "classname": "Label",
                  "name": "lbl_task",
                  "ZOrder": 0,
                  "actiontag": 134007,
                  "anchorPointX": 0.5,
                  "anchorPointY": 0.5,
                  "classType": "Label",
                  "colorB": 22,
                  "colorG": 49,
                  "colorR": 83,
                  "customProperty": "",
                  "flipX": false,
                  "flipY": false,
                  "height": 28,
                  "ignoreSize": true,
                  "layoutParameter": null,
                  "opacity": 255,
                  "positionPercentX": 0.4197995,
                  "positionPercentY": 0.8194444,
                  "positionType": 0,
                  "rotation": 0,
                  "scaleX": 1,
                  "scaleY": 1,
                  "sizePercentX": 0.131578952,
                  "sizePercentY": 0.0486111119,
                  "sizeType": 0,
                  "tag": 93082,
                  "touchAble": false,
                  "useMergedTexture": false,
                  "visible": true,
                  "width": 105,
                  "x": 335,
                  "y": 472,
                  "areaHeight": 0,
                  "areaWidth": 0,
                  "fontFile": null,
                  "fontName": "微软雅黑",
                  "fontSize": 21,
                  "hAlignment": 0,
                  "text": "任务数量：",
                  "touchScaleEnable": false,
                  "vAlignment": 0
                }
              },
              {
                "classname": "Label",
                "name": null,
                "children": [],
                "options": {
                  "__type": "LabelSurrogate:#EditorCommon.JsonModel.Component.GUI",
                  "classname": "Label",
                  "name": "lbl_task_num",
                  "ZOrder": 0,
                  "actiontag": 134008,
                  "anchorPointX": 0.5,
                  "anchorPointY": 0.5,
                  "classType": "Label",
                  "colorB": 22,
                  "colorG": 49,
                  "colorR": 83,
                  "customProperty": "",
                  "flipX": false,
                  "flipY": false,
                  "height": 23,
                  "ignoreSize": true,
                  "layoutParameter": null,
                  "opacity": 255,
                  "positionPercentX": 0.508771956,
                  "positionPercentY": 0.8159722,
                  "positionType": 0,
                  "rotation": 0,
                  "scaleX": 1,
                  "scaleY": 1,
                  "sizePercentX": 0.04385965,
                  "sizePercentY": 0.039930556,
                  "sizeType": 0,
                  "tag": 93083,
                  "touchAble": false,
                  "useMergedTexture": false,
                  "visible": true,
                  "width": 35,
                  "x": 406,
                  "y": 470,
                  "areaHeight": 0,
                  "areaWidth": 0,
                  "fontFile": null,
                  "fontName": "Britannic Bold.ttf",
                  "fontSize": 21,
                  "hAlignment": 0,
                  "text": "1/8",
                  "touchScaleEnable": false,
                  "vAlignment": 0
                }
              },
              {
                "classname": "Label",
                "name": null,
                "children": [],
                "options": {
                  "__type": "LabelSurrogate:#EditorCommon.JsonModel.Component.GUI",
                  "classname": "Label",
                  "name": "lbl_task_update",
                  "ZOrder": 0,
                  "actiontag": 134009,
                  "anchorPointX": 0.5,
                  "anchorPointY": 0.5,
                  "classType": "Label",
                  "colorB": 22,
                  "colorG": 49,
                  "colorR": 83,
                  "customProperty": "",
                  "flipX": false,
                  "flipY": false,
                  "height": 28,
                  "ignoreSize": true,
                  "layoutParameter": null,
                  "opacity": 255,
                  "positionPercentX": 0.448621541,
                  "positionPercentY": 0.7725694,
                  "positionType": 0,
                  "rotation": 0,
                  "scaleX": 1,
                  "scaleY": 1,
                  "sizePercentX": 0.1904762,
                  "sizePercentY": 0.0486111119,
                  "sizeType": 0,
                  "tag": 93084,
                  "touchAble": false,
                  "useMergedTexture": false,
                  "visible": true,
                  "width": 152,
                  "x": 358,
                  "y": 445,
                  "areaHeight": 0,
                  "areaWidth": 0,
                  "fontFile": null,
                  "fontName": "微软雅黑",
                  "fontSize": 21,
                  "hAlignment": 0,
                  "text": "新任务刷新时间:",
                  "touchScaleEnable": false,
                  "vAlignment": 0
                }
              },
              {
                "classname": "Label",
                "name": null,
                "children": [],
                "options": {
                  "__type": "LabelSurrogate:#EditorCommon.JsonModel.Component.GUI",
                  "classname": "Label",
                  "name": "lbl_time_update",
                  "ZOrder": 0,
                  "actiontag": 134011,
                  "anchorPointX": 0,
                  "anchorPointY": 1,
                  "classType": "Label",
                  "colorB": 22,
                  "colorG": 49,
                  "colorR": 83,
                  "customProperty": "",
                  "flipX": false,
                  "flipY": false,
                  "height": 23,
                  "ignoreSize": true,
                  "layoutParameter": null,
                  "opacity": 255,
                  "positionPercentX": 0.5576441,
                  "positionPercentY": 0.7899306,
                  "positionType": 0,
                  "rotation": 0,
                  "scaleX": 1,
                  "scaleY": 1,
                  "sizePercentX": 0.112781957,
                  "sizePercentY": 0.039930556,
                  "sizeType": 0,
                  "tag": 93086,
                  "touchAble": false,
                  "useMergedTexture": false,
                  "visible": true,
                  "width": 90,
                  "x": 445,
                  "y": 455,
                  "areaHeight": 0,
                  "areaWidth": 0,
                  "fontFile": null,
                  "fontName": "Britannic Bold.ttf",
                  "fontSize": 21,
                  "hAlignment": 0,
                  "text": "00:30:29",
                  "touchScaleEnable": false,
                  "vAlignment": 0
                }
              },
              {
                "classname": "Label",
                "name": null,
                "children": [],
                "options": {
                  "__type": "LabelSurrogate:#EditorCommon.JsonModel.Component.GUI",
                  "classname": "Label",
                  "name": "lbl_star_num",
                  "ZOrder": 0,
                  "actiontag": 134013,
                  "anchorPointX": 0,
                  "anchorPointY": 1,
                  "classType": "Label",
                  "colorB": 22,
                  "colorG": 49,
                  "colorR": 83,
                  "customProperty": "",
                  "flipX": false,
                  "flipY": false,
                  "height": 23,
                  "ignoreSize": true,
                  "layoutParameter": null,
                  "opacity": 255,
                  "positionPercentX": 0.8834587,
                  "positionPercentY": 0.8038194,
                  "positionType": 0,
                  "rotation": 0,
                  "scaleX": 1,
                  "scaleY": 1,
                  "sizePercentX": 0.05263158,
                  "sizePercentY": 0.039930556,
                  "sizeType": 0,
                  "tag": 93088,
                  "touchAble": false,
                  "useMergedTexture": false,
                  "visible": true,
                  "width": 42,
                  "x": 705,
                  "y": 463,
                  "areaHeight": 0,
                  "areaWidth": 0,
                  "fontFile": null,
                  "fontName": "Britannic Bold.ttf",
                  "fontSize": 21,
                  "hAlignment": 0,
                  "text": "x 12",
                  "touchScaleEnable": false,
                  "vAlignment": 0
                }
              }
            ],
            "options": {
              "__type": "PanelSurrogate:#EditorCommon.JsonModel.Component.GUI",
              "classname": "Panel",
              "name": "Panel_left",
              "ZOrder": 0,
              "actiontag": 133994,
              "anchorPointX": 0,
              "anchorPointY": 0,
              "classType": "Panel",
              "colorB": 255,
              "colorG": 255,
              "colorR": 255,
              "customProperty": "",
              "flipX": false,
              "flipY": false,
              "height": 576,
              "ignoreSize": false,
              "layoutParameter": null,
              "opacity": 255,
              "positionPercentX": -0.483516484,
              "positionPercentY": -0.484193,
              "positionType": 0,
              "rotation": 0,
              "scaleX": 1,
              "scaleY": 1,
              "sizePercentX": 0.974359,
              "sizePercentY": 0.958402634,
              "sizeType": 0,
              "tag": 93069,
              "touchAble": true,
              "useMergedTexture": false,
              "visible": true,
              "width": 798,
              "x": -396,
              "y": -291,
              "adaptScreen": false,
              "backGroundImage": null,
              "backGroundImageData": null,
              "backGroundScale9Enable": false,
              "bgColorB": 255,
              "bgColorG": 200,
              "bgColorOpacity": 0,
              "bgColorR": 150,
              "bgEndColorB": 255,
              "bgEndColorG": 200,
              "bgEndColorR": 150,
              "bgStartColorB": 255,
              "bgStartColorG": 255,
              "bgStartColorR": 255,
              "capInsetsHeight": 1,
              "capInsetsWidth": 1,
              "capInsetsX": 0,
              "capInsetsY": 0,
              "clipAble": false,
              "colorType": 1,
              "layoutType": 0,
              "vectorX": 0,
              "vectorY": -0.5
            }
          },
          {
            "classname": "ImageView",
            "name": null,
            "children": [],
            "options": {
              "__type": "ImageViewSurrogate:#EditorCommon.JsonModel.Component.GUI",
              "classname": "ImageView",
              "name": "img_line",
              "ZOrder": 0,
              "actiontag": 134004,
              "anchorPointX": 0.5,
              "anchorPointY": 0.5,
              "classType": "ImageView",
              "colorB": 255,
              "colorG": 255,
              "colorR": 255,
              "customProperty": "",
              "flipX": false,
              "flipY": false,
              "height": 8,
              "ignoreSize": true,
              "layoutParameter": null,
              "opacity": 255,
              "positionPercentX": -0.148962155,
              "positionPercentY": 0,
              "positionType": 0,
              "rotation": 90,
              "scaleX": 0.75,
              "scaleY": 1,
              "sizePercentX": 0.829059839,
              "sizePercentY": 0.0133111477,
              "sizeType": 0,
              "tag": 93079,
              "touchAble": false,
              "useMergedTexture": false,
              "visible": true,
              "width": 679,
              "x": -122,
              "y": 0,
              "capInsetsHeight": 1,
              "capInsetsWidth": 1,
              "capInsetsX": 0,
              "capInsetsY": 0,
              "fileName": null,
              "fileNameData": {
                "path": "splitline.png",
                "plistFile": "",
                "resourceType": 1
              },
              "scale9Enable": false,
              "scale9Height": 8,
              "scale9Width": 679
            }
          },
          {
            "classname": "ListView",
            "name": null,
            "children": [],
            "options": {
              "__type": "ListViewSurrogate:#EditorCommon.JsonModel.Component.GUI",
              "classname": "ListView",
              "name": "List_def_task",
              "ZOrder": 0,
              "actiontag": 134014,
              "anchorPointX": 0,
              "anchorPointY": 0,
              "classType": "ListView",
              "colorB": 255,
              "colorG": 255,
              "colorR": 255,
              "customProperty": "",
              "flipX": false,
              "flipY": false,
              "height": 403,
              "ignoreSize": false,
              "layoutParameter": null,
              "opacity": 255,
              "positionPercentX": -0.14407815,
              "positionPercentY": -0.4342762,
              "positionType": 0,
              "rotation": 0,
              "scaleX": 1,
              "scaleY": 1,
              "sizePercentX": 0.5909646,
              "sizePercentY": 0.6705491,
              "sizeType": 0,
              "tag": 93089,
              "touchAble": true,
              "useMergedTexture": false,
              "visible": true,
              "width": 484,
              "x": -118,
              "y": -261,
              "backGroundImage": null,
              "backGroundImageData": null,
              "backGroundScale9Enable": false,
              "bgColorB": 255,
              "bgColorG": 150,
              "bgColorOpacity": 0,
              "bgColorR": 150,
              "bgEndColorB": 255,
              "bgEndColorG": 150,
              "bgEndColorR": 150,
              "bgStartColorB": 255,
              "bgStartColorG": 255,
              "bgStartColorR": 255,
              "bounceEnable": true,
              "capInsetsHeight": 1,
              "capInsetsWidth": 1,
              "capInsetsX": 0,
              "capInsetsY": 0,
              "clipAble": false,
              "colorType": 1,
              "direction": 1,
              "gravity": 0,
              "innerHeight": 0,
              "innerWidth": 0,
              "itemMargin": 0,
              "vectorX": 0,
              "vectorY": -0.5
            }
          },
          {
            "classname": "Button",
            "name": null,
            "children": [],
            "options": {
              "__type": "ButtonSurrogate:#EditorCommon.JsonModel.Component.GUI",
              "classname": "Button",
              "name": "btn_back",
              "ZOrder": 1,
              "actiontag": 134076,
              "anchorPointX": 0.5,
              "anchorPointY": 0.5,
              "classType": "Button",
              "colorB": 255,
              "colorG": 255,
              "colorR": 255,
              "customProperty": "",
              "flipX": false,
              "flipY": false,
              "height": 140,
              "ignoreSize": true,
              "layoutParameter": null,
              "opacity": 255,
              "positionPercentX": 0.45787546,
              "positionPercentY": 0.442595661,
              "positionType": 0,
              "rotation": 0,
              "scaleX": 0.799999952,
              "scaleY": 0.799999952,
              "sizePercentX": 0.169719175,
              "sizePercentY": 0.232945085,
              "sizeType": 0,
              "tag": 93144,
              "touchAble": true,
              "useMergedTexture": false,
              "visible": true,
              "width": 139,
              "x": 375,
              "y": 266,
              "capInsetsHeight": 1,
              "capInsetsWidth": 1,
              "capInsetsX": 0,
              "capInsetsY": 0,
              "disabled": null,
              "disabledData": {
                "path": null,
                "plistFile": null,
                "resourceType": 0
              },
              "fontName": "微软雅黑",
              "fontSize": 14,
              "fontType": 0,
              "normal": null,
              "normalData": {
                "path": "btn_close.png",
                "plistFile": "",
                "resourceType": 1
              },
              "pressed": null,
              "pressedData": {
                "path": "btn_close_pressed.png",
                "plistFile": "",
                "resourceType": 1
              },
              "scale9Enable": false,
              "scale9Height": 140,
              "scale9Width": 139,
              "text": "",
              "textColorB": 255,
              "textColorG": 255,
              "textColorR": 255
            }
          },
          {
            "classname": "Label",
            "name": null,
            "children": [],
            "options": {
              "__type": "LabelSurrogate:#EditorCommon.JsonModel.Component.GUI",
              "classname": "Label",
              "name": "lbl_no",
              "ZOrder": 0,
              "actiontag": 134140,
              "anchorPointX": 0.5,
              "anchorPointY": 0.5,
              "classType": "Label",
              "colorB": 22,
              "colorG": 49,
              "colorR": 83,
              "customProperty": "",
              "flipX": false,
              "flipY": false,
              "height": 65,
              "ignoreSize": true,
              "layoutParameter": null,
              "opacity": 255,
              "positionPercentX": 0.144775942,
              "positionPercentY": -0.09032567,
              "positionType": 0,
              "rotation": 0,
              "scaleX": 1,
              "scaleY": 1,
              "sizePercentX": 0.115995117,
              "sizePercentY": 0.0449251235,
              "sizeType": 0,
              "tag": 93201,
              "touchAble": false,
              "useMergedTexture": false,
              "visible": true,
              "width": 406,
              "x": 118,
              "y": -54,
              "areaHeight": 0,
              "areaWidth": 0,
              "fontFile": null,
              "fontName": "FZDaBiaoSong-B06S.ttf",
              "fontSize": 58,
              "hAlignment": 0,
              "text": "暂时没任务刷新",
              "touchScaleEnable": false,
              "vAlignment": 0
            }
          }
        ],
        "options": {
          "__type": "ImageViewSurrogate:#EditorCommon.JsonModel.Component.GUI",
          "classname": "ImageView",
          "name": "img_def_bg",
          "ZOrder": 0,
          "actiontag": 133993,
          "anchorPointX": 0.5,
          "anchorPointY": 0.5,
          "classType": "ImageView",
          "colorB": 255,
          "colorG": 255,
          "colorR": 255,
          "customProperty": "",
          "flipX": false,
          "flipY": false,
          "height": 601,
          "ignoreSize": false,
          "layoutParameter": null,
          "opacity": 255,
          "positionPercentX": 0.5,
          "positionPercentY": 0.5152778,
          "positionType": 0,
          "rotation": 0,
          "scaleX": 1,
          "scaleY": 1,
          "sizePercentX": 0.639843762,
          "sizePercentY": 0.8347222,
          "sizeType": 0,
          "tag": 93068,
          "touchAble": false,
          "useMergedTexture": false,
          "visible": true,
          "width": 819,
          "x": 640,
          "y": 371,
          "capInsetsHeight": 1,
          "capInsetsWidth": 1,
          "capInsetsX": 0,
          "capInsetsY": 0,
          "fileName": null,
          "fileNameData": {
            "path": "PvrCcz/m_bg/bg.pvr.ccz",
            "plistFile": "",
            "resourceType": 0
          },
          "scale9Enable": false,
          "scale9Height": 601,
          "scale9Width": 819
        }
      }
    ],
    "options": {
      "__type": "PanelSurrogate:#EditorCommon.JsonModel.Component.GUI",
      "classname": "Panel",
      "name": "panel_def",
      "ZOrder": 0,
      "actiontag": -1,
      "anchorPointX": 0,
      "anchorPointY": 0,
      "classType": "Panel",
      "colorB": 255,
      "colorG": 255,
      "colorR": 255,
      "customProperty": "",
      "flipX": false,
      "flipY": false,
      "height": 720,
      "ignoreSize": false,
      "layoutParameter": null,
      "opacity": 255,
      "positionPercentX": 0,
      "positionPercentY": 0,
      "positionType": 0,
      "rotation": 0,
      "scaleX": 1,
      "scaleY": 1,
      "sizePercentX": 0,
      "sizePercentY": 0,
      "sizeType": 0,
      "tag": 93066,
      "touchAble": true,
      "useMergedTexture": false,
      "visible": true,
      "width": 1280,
      "x": 0,
      "y": 0,
      "adaptScreen": false,
      "backGroundImage": null,
      "backGroundImageData": null,
      "backGroundScale9Enable": false,
      "bgColorB": 255,
      "bgColorG": 200,
      "bgColorOpacity": 0,
      "bgColorR": 150,
      "bgEndColorB": 255,
      "bgEndColorG": 200,
      "bgEndColorR": 150,
      "bgStartColorB": 255,
      "bgStartColorG": 255,
      "bgStartColorR": 255,
      "capInsetsHeight": 1,
      "capInsetsWidth": 1,
      "capInsetsX": 0,
      "capInsetsY": 0,
      "clipAble": false,
      "colorType": 1,
      "layoutType": 0,
      "vectorX": 0,
      "vectorY": -0.5
    }
  }
}
