{
  "classname": null,
  "name": null,
  "animation": {
    "classname": null,
    "name": "AnimationManager",
    "actionlist": []
  },
  "dataScale": 1,
  "designHeight": 720,
  "designWidth": 1280,
  "textures": [],
  "version": "1.3.0.1",
  "widgetTree": {
    "classname": "Panel",
    "name": null,
    "children": [
      {
        "classname": "ImageView",
        "name": null,
        "children": [
          {
            "classname": "Label",
            "name": null,
            "children": [],
            "options": {
              "__type": "LabelSurrogate:#EditorCommon.JsonModel.Component.GUI",
              "classname": "Label",
              "name": "lbl_train",
              "ZOrder": 1,
              "actiontag": 72476,
              "anchorPointX": 0.5,
              "anchorPointY": 0.5,
              "classType": "Label",
              "colorB": 255,
              "colorG": 255,
              "colorR": 255,
              "customProperty": "",
              "flipX": false,
              "flipY": false,
              "height": 32,
              "ignoreSize": true,
              "layoutParameter": null,
              "opacity": 255,
              "positionPercentX": -0.165178567,
              "positionPercentY": -0.0178571437,
              "positionType": 0,
              "rotation": 0,
              "scaleX": 1,
              "scaleY": 1,
              "sizePercentX": 0.375,
              "sizePercentY": 0.5714286,
              "sizeType": 0,
              "tag": 38378,
              "touchAble": false,
              "useMergedTexture": false,
              "visible": true,
              "width": 84,
              "x": -37,
              "y": -1,
              "areaHeight": 0,
              "areaWidth": 0,
              "fontFile": null,
              "fontName": "FZDaBiaoSong-B06S.ttf",
              "fontSize": 28,
              "hAlignment": 0,
              "text": "挖掘车",
              "touchScaleEnable": false,
              "vAlignment": 0
            }
          },
          {
            "classname": "Label",
            "name": null,
            "children": [],
            "options": {
              "__type": "LabelSurrogate:#EditorCommon.JsonModel.Component.GUI",
              "classname": "Label",
              "name": "lbl_train_s",
              "ZOrder": 0,
              "actiontag": 72477,
              "anchorPointX": 0.5,
              "anchorPointY": 0.5,
              "classType": "Label",
              "colorB": 0,
              "colorG": 0,
              "colorR": 0,
              "customProperty": "",
              "flipX": false,
              "flipY": false,
              "height": 32,
              "ignoreSize": true,
              "layoutParameter": null,
              "opacity": 255,
              "positionPercentX": -0.147321433,
              "positionPercentY": -0.05357143,
              "positionType": 0,
              "rotation": 0,
              "scaleX": 1,
              "scaleY": 1,
              "sizePercentX": 0.375,
              "sizePercentY": 0.5714286,
              "sizeType": 0,
              "tag": 38379,
              "touchAble": false,
              "useMergedTexture": false,
              "visible": true,
              "width": 84,
              "x": -33,
              "y": -3,
              "areaHeight": 0,
              "areaWidth": 0,
              "fontFile": null,
              "fontName": "FZDaBiaoSong-B06S.ttf",
              "fontSize": 28,
              "hAlignment": 0,
              "text": "挖掘车",
              "touchScaleEnable": false,
              "vAlignment": 0
            }
          },
          {
            "classname": "Label",
            "name": null,
            "children": [],
            "options": {
              "__type": "LabelSurrogate:#EditorCommon.JsonModel.Component.GUI",
              "classname": "Label",
              "name": "lbl_lv_s",
              "ZOrder": 0,
              "actiontag": 72478,
              "anchorPointX": 0,
              "anchorPointY": 0.5,
              "classType": "Label",
              "colorB": 0,
              "colorG": 0,
              "colorR": 0,
              "customProperty": "",
              "flipX": false,
              "flipY": false,
              "height": 31,
              "ignoreSize": true,
              "layoutParameter": null,
              "opacity": 255,
              "positionPercentX": 0.102678575,
              "positionPercentY": -0.05357143,
              "positionType": 0,
              "rotation": 0,
              "scaleX": 1,
              "scaleY": 1,
              "sizePercentX": 0.205357149,
              "sizePercentY": 0.5535714,
              "sizeType": 0,
              "tag": 38380,
              "touchAble": false,
              "useMergedTexture": false,
              "visible": true,
              "width": 46,
              "x": 23,
              "y": -3,
              "areaHeight": 0,
              "areaWidth": 0,
              "fontFile": null,
              "fontName": "Britannic Bold.ttf",
              "fontSize": 28,
              "hAlignment": 0,
              "text": "LV1",
              "touchScaleEnable": false,
              "vAlignment": 0
            }
          },
          {
            "classname": "Label",
            "name": null,
            "children": [],
            "options": {
              "__type": "LabelSurrogate:#EditorCommon.JsonModel.Component.GUI",
              "classname": "Label",
              "name": "lbl_lv",
              "ZOrder": 1,
              "actiontag": 72479,
              "anchorPointX": 0,
              "anchorPointY": 0.5,
              "classType": "Label",
              "colorB": 255,
              "colorG": 255,
              "colorR": 255,
              "customProperty": "",
              "flipX": false,
              "flipY": false,
              "height": 31,
              "ignoreSize": true,
              "layoutParameter": null,
              "opacity": 255,
              "positionPercentX": 0.08928572,
              "positionPercentY": -0.0178571437,
              "positionType": 0,
              "rotation": 0,
              "scaleX": 1,
              "scaleY": 1,
              "sizePercentX": 0.205357149,
              "sizePercentY": 0.5535714,
              "sizeType": 0,
              "tag": 38381,
              "touchAble": false,
              "useMergedTexture": false,
              "visible": true,
              "width": 46,
              "x": 20,
              "y": -1,
              "areaHeight": 0,
              "areaWidth": 0,
              "fontFile": null,
              "fontName": "Britannic Bold.ttf",
              "fontSize": 28,
              "hAlignment": 0,
              "text": "LV1",
              "touchScaleEnable": false,
              "vAlignment": 0
            }
          }
        ],
        "options": {
          "__type": "ImageViewSurrogate:#EditorCommon.JsonModel.Component.GUI",
          "classname": "ImageView",
          "name": "img_flag",
          "ZOrder": 1,
          "actiontag": 72475,
          "anchorPointX": 0.5,
          "anchorPointY": 0.5,
          "classType": "ImageView",
          "colorB": 255,
          "colorG": 255,
          "colorR": 255,
          "customProperty": "",
          "flipX": false,
          "flipY": false,
          "height": 56,
          "ignoreSize": true,
          "layoutParameter": null,
          "opacity": 255,
          "positionPercentX": 0.0875,
          "positionPercentY": 0.9583333,
          "positionType": 0,
          "rotation": 0,
          "scaleX": 1,
          "scaleY": 1,
          "sizePercentX": 0.175,
          "sizePercentY": 0.07777778,
          "sizeType": 0,
          "tag": 38377,
          "touchAble": false,
          "useMergedTexture": false,
          "visible": true,
          "width": 224,
          "x": 112,
          "y": 690,
          "capInsetsHeight": 1,
          "capInsetsWidth": 1,
          "capInsetsX": 0,
          "capInsetsY": 0,
          "fileName": null,
          "fileNameData": {
            "path": "invite_lbl_bg.png",
            "plistFile": "",
            "resourceType": 1
          },
          "scale9Enable": false,
          "scale9Height": 56,
          "scale9Width": 224
        }
      },
      {
        "classname": "Panel",
        "name": null,
        "children": [],
        "options": {
          "__type": "PanelSurrogate:#EditorCommon.JsonModel.Component.GUI",
          "classname": "Panel",
          "name": "panel_new",
          "ZOrder": 3,
          "actiontag": 10341,
          "anchorPointX": 0,
          "anchorPointY": 0,
          "classType": "Panel",
          "colorB": 255,
          "colorG": 255,
          "colorR": 255,
          "customProperty": "",
          "flipX": false,
          "flipY": false,
          "height": 720,
          "ignoreSize": false,
          "layoutParameter": null,
          "opacity": 255,
          "positionPercentX": 0,
          "positionPercentY": 0,
          "positionType": 0,
          "rotation": 0,
          "scaleX": 1,
          "scaleY": 1,
          "sizePercentX": 1,
          "sizePercentY": 1,
          "sizeType": 0,
          "tag": 776,
          "touchAble": true,
          "useMergedTexture": false,
          "visible": false,
          "width": 1280,
          "x": 0,
          "y": 0,
          "adaptScreen": false,
          "backGroundImage": null,
          "backGroundImageData": null,
          "backGroundScale9Enable": false,
          "bgColorB": 255,
          "bgColorG": 200,
          "bgColorOpacity": 0,
          "bgColorR": 150,
          "bgEndColorB": 255,
          "bgEndColorG": 200,
          "bgEndColorR": 150,
          "bgStartColorB": 255,
          "bgStartColorG": 255,
          "bgStartColorR": 255,
          "capInsetsHeight": 0,
          "capInsetsWidth": 0,
          "capInsetsX": 0,
          "capInsetsY": 0,
          "clipAble": false,
          "colorType": 1,
          "layoutType": 0,
          "vectorX": 0,
          "vectorY": -0.5
        }
      },
      {
        "classname": "ImageView",
        "name": null,
        "children": [],
        "options": {
          "__type": "ImageViewSurrogate:#EditorCommon.JsonModel.Component.GUI",
          "classname": "ImageView",
          "name": "chain_3",
          "ZOrder": 1,
          "actiontag": 33895,
          "anchorPointX": 0.5,
          "anchorPointY": 0.5,
          "classType": "ImageView",
          "colorB": 255,
          "colorG": 255,
          "colorR": 255,
          "customProperty": "",
          "flipX": false,
          "flipY": false,
          "height": 74,
          "ignoreSize": true,
          "layoutParameter": null,
          "opacity": 255,
          "positionPercentX": 0.9273437,
          "positionPercentY": 0.8472222,
          "positionType": 0,
          "rotation": 0,
          "scaleX": 0.9,
          "scaleY": 1,
          "sizePercentX": 0.09375,
          "sizePercentY": 0.102777779,
          "sizeType": 0,
          "tag": 3928,
          "touchAble": false,
          "useMergedTexture": false,
          "visible": true,
          "width": 120,
          "x": 1187,
          "y": 610,
          "capInsetsHeight": 1,
          "capInsetsWidth": 1,
          "capInsetsX": 0,
          "capInsetsY": 0,
          "fileName": null,
          "fileNameData": {
            "path": "chain_2.png",
            "plistFile": "",
            "resourceType": 1
          },
          "scale9Enable": false,
          "scale9Height": 74,
          "scale9Width": 120
        }
      },
      {
        "classname": "ImageView",
        "name": null,
        "children": [],
        "options": {
          "__type": "ImageViewSurrogate:#EditorCommon.JsonModel.Component.GUI",
          "classname": "ImageView",
          "name": "chain_1",
          "ZOrder": 1,
          "actiontag": 21762,
          "anchorPointX": 0.5,
          "anchorPointY": 0.5,
          "classType": "ImageView",
          "colorB": 255,
          "colorG": 255,
          "colorR": 255,
          "customProperty": "",
          "flipX": false,
          "flipY": false,
          "height": 50,
          "ignoreSize": true,
          "layoutParameter": null,
          "opacity": 255,
          "positionPercentX": 0.9273437,
          "positionPercentY": 0.997222245,
          "positionType": 0,
          "rotation": 0,
          "scaleX": 0.9,
          "scaleY": 1,
          "sizePercentX": 0.0921875,
          "sizePercentY": 0.06944445,
          "sizeType": 0,
          "tag": 1137,
          "touchAble": false,
          "useMergedTexture": false,
          "visible": true,
          "width": 118,
          "x": 1187,
          "y": 718,
          "capInsetsHeight": 0,
          "capInsetsWidth": 0,
          "capInsetsX": 0,
          "capInsetsY": 0,
          "fileName": null,
          "fileNameData": {
            "path": "chain_1.png",
            "plistFile": "",
            "resourceType": 1
          },
          "scale9Enable": false,
          "scale9Height": 50,
          "scale9Width": 118
        }
      },
      {
        "classname": "Button",
        "name": null,
        "children": [
          {
            "classname": "Label",
            "name": null,
            "children": [],
            "options": {
              "__type": "LabelSurrogate:#EditorCommon.JsonModel.Component.GUI",
              "classname": "Label",
              "name": "lbl_back_s",
              "ZOrder": 0,
              "actiontag": 10188,
              "anchorPointX": 0.5,
              "anchorPointY": 0.5,
              "classType": "Label",
              "colorB": 0,
              "colorG": 0,
              "colorR": 0,
              "customProperty": "",
              "flipX": false,
              "flipY": false,
              "height": 32,
              "ignoreSize": true,
              "layoutParameter": null,
              "opacity": 255,
              "positionPercentX": 0.0127388537,
              "positionPercentY": -0.038961038,
              "positionType": 0,
              "rotation": 0,
              "scaleX": 1,
              "scaleY": 1,
              "sizePercentX": 0.7133758,
              "sizePercentY": 0.415584415,
              "sizeType": 0,
              "tag": 707,
              "touchAble": false,
              "useMergedTexture": false,
              "visible": true,
              "width": 112,
              "x": 2,
              "y": -3,
              "areaHeight": 0,
              "areaWidth": 0,
              "fontFile": null,
              "fontName": "FZDaBiaoSong-B06S.ttf",
              "fontSize": 28,
              "hAlignment": 0,
              "text": "返回地面",
              "touchScaleEnable": false,
              "vAlignment": 0
            }
          },
          {
            "classname": "Label",
            "name": null,
            "children": [],
            "options": {
              "__type": "LabelSurrogate:#EditorCommon.JsonModel.Component.GUI",
              "classname": "Label",
              "name": "lbl_back",
              "ZOrder": 1,
              "actiontag": 10187,
              "anchorPointX": 0.5,
              "anchorPointY": 0.5,
              "classType": "Label",
              "colorB": 255,
              "colorG": 255,
              "colorR": 255,
              "customProperty": "",
              "flipX": false,
              "flipY": false,
              "height": 32,
              "ignoreSize": true,
              "layoutParameter": null,
              "opacity": 255,
              "positionPercentX": 0,
              "positionPercentY": 0,
              "positionType": 0,
              "rotation": 0,
              "scaleX": 1,
              "scaleY": 1,
              "sizePercentX": 0.7133758,
              "sizePercentY": 0.415584415,
              "sizeType": 0,
              "tag": 707,
              "touchAble": false,
              "useMergedTexture": false,
              "visible": true,
              "width": 112,
              "x": 0,
              "y": 0,
              "areaHeight": 0,
              "areaWidth": 0,
              "fontFile": null,
              "fontName": "FZDaBiaoSong-B06S.ttf",
              "fontSize": 28,
              "hAlignment": 0,
              "text": "返回地面",
              "touchScaleEnable": false,
              "vAlignment": 0
            }
          }
        ],
        "options": {
          "__type": "ButtonSurrogate:#EditorCommon.JsonModel.Component.GUI",
          "classname": "Button",
          "name": "btn_back",
          "ZOrder": 0,
          "actiontag": 10186,
          "anchorPointX": 0.5,
          "anchorPointY": 0.5,
          "classType": "Button",
          "colorB": 255,
          "colorG": 255,
          "colorR": 255,
          "customProperty": "",
          "flipX": false,
          "flipY": false,
          "height": 77,
          "ignoreSize": true,
          "layoutParameter": null,
          "opacity": 255,
          "positionPercentX": 0.9265625,
          "positionPercentY": 0.9291667,
          "positionType": 0,
          "rotation": 0,
          "scaleX": 1,
          "scaleY": 1,
          "sizePercentX": 0.122656249,
          "sizePercentY": 0.106944442,
          "sizeType": 0,
          "tag": 706,
          "touchAble": true,
          "useMergedTexture": false,
          "visible": true,
          "width": 157,
          "x": 1186,
          "y": 669,
          "capInsetsHeight": 0,
          "capInsetsWidth": 0,
          "capInsetsX": 0,
          "capInsetsY": 0,
          "disabled": null,
          "disabledData": {
            "path": "btn_brown_disabled.png",
            "plistFile": "",
            "resourceType": 1
          },
          "fontName": "微软雅黑",
          "fontSize": 14,
          "fontType": 0,
          "normal": null,
          "normalData": {
            "path": "btn_brown.png",
            "plistFile": "",
            "resourceType": 1
          },
          "pressed": null,
          "pressedData": {
            "path": "btn_brown_pressed.png",
            "plistFile": "",
            "resourceType": 1
          },
          "scale9Enable": false,
          "scale9Height": 77,
          "scale9Width": 157,
          "text": "",
          "textColorB": 255,
          "textColorG": 255,
          "textColorR": 255
        }
      },
      {
        "classname": "Button",
        "name": null,
        "children": [],
        "options": {
          "__type": "ButtonSurrogate:#EditorCommon.JsonModel.Component.GUI",
          "classname": "Button",
          "name": "btn_zoomout",
          "ZOrder": 0,
          "actiontag": 10333,
          "anchorPointX": 0.5,
          "anchorPointY": 0.5,
          "classType": "Button",
          "colorB": 255,
          "colorG": 255,
          "colorR": 255,
          "customProperty": "",
          "flipX": false,
          "flipY": false,
          "height": 77,
          "ignoreSize": true,
          "layoutParameter": null,
          "opacity": 255,
          "positionPercentX": 0.05078125,
          "positionPercentY": 0.5555556,
          "positionType": 0,
          "rotation": 0,
          "scaleX": 0.8,
          "scaleY": 0.8,
          "sizePercentX": 0.122656249,
          "sizePercentY": 0.106944442,
          "sizeType": 0,
          "tag": 767,
          "touchAble": true,
          "useMergedTexture": false,
          "visible": true,
          "width": 157,
          "x": 65,
          "y": 400,
          "capInsetsHeight": 0,
          "capInsetsWidth": 0,
          "capInsetsX": 0,
          "capInsetsY": 0,
          "disabled": null,
          "disabledData": {
            "path": "btn_brown_disabled.png",
            "plistFile": "",
            "resourceType": 1
          },
          "fontName": "FZDaBiaoSong-B06S.ttf",
          "fontSize": 33,
          "fontType": 0,
          "normal": null,
          "normalData": {
            "path": "btn_brown.png",
            "plistFile": "",
            "resourceType": 1
          },
          "pressed": null,
          "pressedData": {
            "path": "btn_brown_pressed.png",
            "plistFile": "",
            "resourceType": 1
          },
          "scale9Enable": false,
          "scale9Height": 77,
          "scale9Width": 157,
          "text": "缩  小",
          "textColorB": 255,
          "textColorG": 255,
          "textColorR": 255
        }
      },
      {
        "classname": "Button",
        "name": null,
        "children": [],
        "options": {
          "__type": "ButtonSurrogate:#EditorCommon.JsonModel.Component.GUI",
          "classname": "Button",
          "name": "btn_zoomin",
          "ZOrder": 0,
          "actiontag": 10332,
          "anchorPointX": 0.5,
          "anchorPointY": 0.5,
          "classType": "Button",
          "colorB": 255,
          "colorG": 255,
          "colorR": 255,
          "customProperty": "",
          "flipX": false,
          "flipY": false,
          "height": 77,
          "ignoreSize": true,
          "layoutParameter": null,
          "opacity": 255,
          "positionPercentX": 0.05078125,
          "positionPercentY": 0.444444448,
          "positionType": 0,
          "rotation": 0,
          "scaleX": 0.8,
          "scaleY": 0.8,
          "sizePercentX": 0.122656249,
          "sizePercentY": 0.106944442,
          "sizeType": 0,
          "tag": 767,
          "touchAble": true,
          "useMergedTexture": false,
          "visible": true,
          "width": 157,
          "x": 65,
          "y": 320,
          "capInsetsHeight": 0,
          "capInsetsWidth": 0,
          "capInsetsX": 0,
          "capInsetsY": 0,
          "disabled": null,
          "disabledData": {
            "path": "btn_brown_disabled.png",
            "plistFile": "",
            "resourceType": 1
          },
          "fontName": "FZDaBiaoSong-B06S.ttf",
          "fontSize": 33,
          "fontType": 0,
          "normal": null,
          "normalData": {
            "path": "btn_brown.png",
            "plistFile": "",
            "resourceType": 1
          },
          "pressed": null,
          "pressedData": {
            "path": "btn_brown_pressed.png",
            "plistFile": "",
            "resourceType": 1
          },
          "scale9Enable": false,
          "scale9Height": 77,
          "scale9Width": 157,
          "text": "放  大",
          "textColorB": 255,
          "textColorG": 255,
          "textColorR": 255
        }
      },
      {
        "classname": "Button",
        "name": null,
        "children": [
          {
            "classname": "Label",
            "name": null,
            "children": [],
            "options": {
              "__type": "LabelSurrogate:#EditorCommon.JsonModel.Component.GUI",
              "classname": "Label",
              "name": "lbl_back_s",
              "ZOrder": 0,
              "actiontag": 32319,
              "anchorPointX": 0.5,
              "anchorPointY": 0.5,
              "classType": "Label",
              "colorB": 0,
              "colorG": 0,
              "colorR": 0,
              "customProperty": "",
              "flipX": false,
              "flipY": false,
              "height": 32,
              "ignoreSize": true,
              "layoutParameter": null,
              "opacity": 255,
              "positionPercentX": 0.0127388537,
              "positionPercentY": -0.038961038,
              "positionType": 0,
              "rotation": 0,
              "scaleX": 1,
              "scaleY": 1,
              "sizePercentX": 0.7133758,
              "sizePercentY": 0.415584415,
              "sizeType": 0,
              "tag": 2516,
              "touchAble": false,
              "useMergedTexture": false,
              "visible": true,
              "width": 112,
              "x": 2,
              "y": -3,
              "areaHeight": 0,
              "areaWidth": 0,
              "fontFile": null,
              "fontName": "FZDaBiaoSong-B06S.ttf",
              "fontSize": 28,
              "hAlignment": 0,
              "text": "取消放置",
              "touchScaleEnable": false,
              "vAlignment": 0
            }
          },
          {
            "classname": "Label",
            "name": null,
            "children": [],
            "options": {
              "__type": "LabelSurrogate:#EditorCommon.JsonModel.Component.GUI",
              "classname": "Label",
              "name": "lbl_back",
              "ZOrder": 1,
              "actiontag": 32320,
              "anchorPointX": 0.5,
              "anchorPointY": 0.5,
              "classType": "Label",
              "colorB": 255,
              "colorG": 255,
              "colorR": 255,
              "customProperty": "",
              "flipX": false,
              "flipY": false,
              "height": 32,
              "ignoreSize": true,
              "layoutParameter": null,
              "opacity": 255,
              "positionPercentX": 0,
              "positionPercentY": 0,
              "positionType": 0,
              "rotation": 0,
              "scaleX": 1,
              "scaleY": 1,
              "sizePercentX": 0.7133758,
              "sizePercentY": 0.415584415,
              "sizeType": 0,
              "tag": 2517,
              "touchAble": false,
              "useMergedTexture": false,
              "visible": true,
              "width": 112,
              "x": 0,
              "y": 0,
              "areaHeight": 0,
              "areaWidth": 0,
              "fontFile": null,
              "fontName": "FZDaBiaoSong-B06S.ttf",
              "fontSize": 28,
              "hAlignment": 0,
              "text": "取消放置",
              "touchScaleEnable": false,
              "vAlignment": 0
            }
          }
        ],
        "options": {
          "__type": "ButtonSurrogate:#EditorCommon.JsonModel.Component.GUI",
          "classname": "Button",
          "name": "btn_del",
          "ZOrder": 0,
          "actiontag": 32318,
          "anchorPointX": 0.5,
          "anchorPointY": 0.5,
          "classType": "Button",
          "colorB": 255,
          "colorG": 255,
          "colorR": 255,
          "customProperty": "",
          "flipX": false,
          "flipY": false,
          "height": 77,
          "ignoreSize": true,
          "layoutParameter": null,
          "opacity": 255,
          "positionPercentX": 0.9265625,
          "positionPercentY": 0.7625,
          "positionType": 0,
          "rotation": 0,
          "scaleX": 1,
          "scaleY": 1,
          "sizePercentX": 0.122656249,
          "sizePercentY": 0.106944442,
          "sizeType": 0,
          "tag": 2515,
          "touchAble": true,
          "useMergedTexture": false,
          "visible": true,
          "width": 157,
          "x": 1186,
          "y": 549,
          "capInsetsHeight": 0,
          "capInsetsWidth": 0,
          "capInsetsX": 0,
          "capInsetsY": 0,
          "disabled": null,
          "disabledData": {
            "path": "btn_brown_disabled.png",
            "plistFile": "",
            "resourceType": 1
          },
          "fontName": "微软雅黑",
          "fontSize": 14,
          "fontType": 0,
          "normal": null,
          "normalData": {
            "path": "btn_brown.png",
            "plistFile": "",
            "resourceType": 1
          },
          "pressed": null,
          "pressedData": {
            "path": "btn_brown_pressed.png",
            "plistFile": "",
            "resourceType": 1
          },
          "scale9Enable": false,
          "scale9Height": 77,
          "scale9Width": 157,
          "text": "",
          "textColorB": 255,
          "textColorG": 255,
          "textColorR": 255
        }
      },
      {
        "classname": "Panel",
        "name": null,
        "children": [
          {
            "classname": "ListView",
            "name": null,
            "children": [],
            "options": {
              "__type": "ListViewSurrogate:#EditorCommon.JsonModel.Component.GUI",
              "classname": "ListView",
              "name": "monster_list",
              "ZOrder": 1,
              "actiontag": 54240,
              "anchorPointX": 0,
              "anchorPointY": 0,
              "classType": "ListView",
              "colorB": 255,
              "colorG": 255,
              "colorR": 255,
              "customProperty": "",
              "flipX": false,
              "flipY": false,
              "height": 145,
              "ignoreSize": false,
              "layoutParameter": null,
              "opacity": 255,
              "positionPercentX": 0,
              "positionPercentY": 0.55,
              "positionType": 0,
              "rotation": 0,
              "scaleX": 0.9,
              "scaleY": 0.9,
              "sizePercentX": 1.109375,
              "sizePercentY": 1.45,
              "sizeType": 0,
              "tag": 22095,
              "touchAble": true,
              "useMergedTexture": false,
              "visible": true,
              "width": 1420,
              "x": 0,
              "y": 55,
              "backGroundImage": null,
              "backGroundImageData": null,
              "backGroundScale9Enable": false,
              "bgColorB": 255,
              "bgColorG": 150,
              "bgColorOpacity": 0,
              "bgColorR": 150,
              "bgEndColorB": 255,
              "bgEndColorG": 150,
              "bgEndColorR": 150,
              "bgStartColorB": 255,
              "bgStartColorG": 255,
              "bgStartColorR": 255,
              "bounceEnable": true,
              "capInsetsHeight": 1,
              "capInsetsWidth": 1,
              "capInsetsX": 0,
              "capInsetsY": 0,
              "clipAble": false,
              "colorType": 1,
              "direction": 2,
              "gravity": 4,
              "innerHeight": 0,
              "innerWidth": 0,
              "itemMargin": 10,
              "vectorX": 0,
              "vectorY": -0.5
            }
          },
          {
            "classname": "Panel",
            "name": null,
            "children": [
              {
                "classname": "ImageView",
                "name": null,
                "children": [],
                "options": {
                  "__type": "ImageViewSurrogate:#EditorCommon.JsonModel.Component.GUI",
                  "classname": "ImageView",
                  "name": "bar_dig",
                  "ZOrder": 1,
                  "actiontag": 114903,
                  "anchorPointX": 0,
                  "anchorPointY": 0.5,
                  "classType": "ImageView",
                  "colorB": 255,
                  "colorG": 255,
                  "colorR": 255,
                  "customProperty": "",
                  "flipX": false,
                  "flipY": false,
                  "height": 77,
                  "ignoreSize": true,
                  "layoutParameter": null,
                  "opacity": 255,
                  "positionPercentX": 0,
                  "positionPercentY": 0.5,
                  "positionType": 0,
                  "rotation": 0,
                  "scaleX": 1,
                  "scaleY": 0.6,
                  "sizePercentX": 1,
                  "sizePercentY": 2.75,
                  "sizeType": 0,
                  "tag": 76050,
                  "touchAble": false,
                  "useMergedTexture": false,
                  "visible": true,
                  "width": 942,
                  "x": 0,
                  "y": 14,
                  "capInsetsHeight": 1,
                  "capInsetsWidth": 1,
                  "capInsetsX": 0,
                  "capInsetsY": 0,
                  "fileName": null,
                  "fileNameData": {
                    "path": "mix_dig_bar.png",
                    "plistFile": "",
                    "resourceType": 1
                  },
                  "scale9Enable": false,
                  "scale9Height": 77,
                  "scale9Width": 942
                }
              },
              {
                "classname": "ImageView",
                "name": null,
                "children": [],
                "options": {
                  "__type": "ImageViewSurrogate:#EditorCommon.JsonModel.Component.GUI",
                  "classname": "ImageView",
                  "name": "bar_ox_using",
                  "ZOrder": 2,
                  "actiontag": 114905,
                  "anchorPointX": 1,
                  "anchorPointY": 0.5,
                  "classType": "ImageView",
                  "colorB": 255,
                  "colorG": 255,
                  "colorR": 255,
                  "customProperty": "",
                  "flipX": false,
                  "flipY": false,
                  "height": 74,
                  "ignoreSize": true,
                  "layoutParameter": null,
                  "opacity": 128,
                  "positionPercentX": 0.98407644,
                  "positionPercentY": 0.5,
                  "positionType": 0,
                  "rotation": 0,
                  "scaleX": 1,
                  "scaleY": 0.6,
                  "sizePercentX": 1,
                  "sizePercentY": 2.642857,
                  "sizeType": 0,
                  "tag": 76052,
                  "touchAble": false,
                  "useMergedTexture": false,
                  "visible": true,
                  "width": 942,
                  "x": 927,
                  "y": 14,
                  "capInsetsHeight": 1,
                  "capInsetsWidth": 1,
                  "capInsetsX": 0,
                  "capInsetsY": 0,
                  "fileName": null,
                  "fileNameData": {
                    "path": "mix_ox_bar.png",
                    "plistFile": "",
                    "resourceType": 1
                  },
                  "scale9Enable": false,
                  "scale9Height": 74,
                  "scale9Width": 942
                }
              },
              {
                "classname": "ImageView",
                "name": null,
                "children": [],
                "options": {
                  "__type": "ImageViewSurrogate:#EditorCommon.JsonModel.Component.GUI",
                  "classname": "ImageView",
                  "name": "bar_ox_used",
                  "ZOrder": 3,
                  "actiontag": 114904,
                  "anchorPointX": 1,
                  "anchorPointY": 0.5,
                  "classType": "ImageView",
                  "colorB": 255,
                  "colorG": 255,
                  "colorR": 255,
                  "customProperty": "",
                  "flipX": false,
                  "flipY": false,
                  "height": 74,
                  "ignoreSize": true,
                  "layoutParameter": null,
                  "opacity": 255,
                  "positionPercentX": 0.98407644,
                  "positionPercentY": 0.5,
                  "positionType": 0,
                  "rotation": 0,
                  "scaleX": 1,
                  "scaleY": 0.6,
                  "sizePercentX": 1,
                  "sizePercentY": 2.642857,
                  "sizeType": 0,
                  "tag": 76051,
                  "touchAble": false,
                  "useMergedTexture": false,
                  "visible": true,
                  "width": 942,
                  "x": 927,
                  "y": 14,
                  "capInsetsHeight": 1,
                  "capInsetsWidth": 1,
                  "capInsetsX": 0,
                  "capInsetsY": 0,
                  "fileName": null,
                  "fileNameData": {
                    "path": "mix_ox_bar.png",
                    "plistFile": "",
                    "resourceType": 1
                  },
                  "scale9Enable": false,
                  "scale9Height": 74,
                  "scale9Width": 942
                }
              },
              {
                "classname": "ImageView",
                "name": null,
                "children": [],
                "options": {
                  "__type": "ImageViewSurrogate:#EditorCommon.JsonModel.Component.GUI",
                  "classname": "ImageView",
                  "name": "mix_front",
                  "ZOrder": 4,
                  "actiontag": 33100,
                  "anchorPointX": 0.5,
                  "anchorPointY": 0.5,
                  "classType": "ImageView",
                  "colorB": 255,
                  "colorG": 255,
                  "colorR": 255,
                  "customProperty": "",
                  "flipX": false,
                  "flipY": false,
                  "height": 36,
                  "ignoreSize": false,
                  "layoutParameter": null,
                  "opacity": 255,
                  "positionPercentX": 0.4936306,
                  "positionPercentY": 0,
                  "positionType": 0,
                  "rotation": 0,
                  "scaleX": 1,
                  "scaleY": 0.8,
                  "sizePercentX": 1.15498936,
                  "sizePercentY": 1.28571427,
                  "sizeType": 0,
                  "tag": 3216,
                  "touchAble": false,
                  "useMergedTexture": false,
                  "visible": true,
                  "width": 1088,
                  "x": 465,
                  "y": 0,
                  "capInsetsHeight": 1,
                  "capInsetsWidth": 10,
                  "capInsetsX": 150,
                  "capInsetsY": 0,
                  "fileName": null,
                  "fileNameData": {
                    "path": "mix_res_front.png",
                    "plistFile": "",
                    "resourceType": 1
                  },
                  "scale9Enable": true,
                  "scale9Height": 36,
                  "scale9Width": 1088
                }
              },
              {
                "classname": "LabelBMFont",
                "name": null,
                "children": [],
                "options": {
                  "__type": "LabelBMFontSurrogate:#EditorCommon.JsonModel.Component.GUI",
                  "classname": "LabelBMFont",
                  "name": "lbl_left_val",
                  "ZOrder": 5,
                  "actiontag": 32333,
                  "anchorPointX": 0.8,
                  "anchorPointY": 0.5,
                  "classType": "LabelBMFont",
                  "colorB": 255,
                  "colorG": 255,
                  "colorR": 255,
                  "customProperty": "",
                  "flipX": false,
                  "flipY": false,
                  "height": 32,
                  "ignoreSize": true,
                  "layoutParameter": null,
                  "opacity": 255,
                  "positionPercentX": 0.473460734,
                  "positionPercentY": 0.4642857,
                  "positionType": 0,
                  "rotation": 0,
                  "scaleX": 0.65,
                  "scaleY": 0.65,
                  "sizePercentX": 0.08598726,
                  "sizePercentY": 1.14285719,
                  "sizeType": 0,
                  "tag": 2530,
                  "touchAble": false,
                  "useMergedTexture": false,
                  "visible": true,
                  "width": 81,
                  "x": 446,
                  "y": 13,
                  "fileNameData": {
                    "path": "fonts/blackNumber.fnt",
                    "plistFile": "",
                    "resourceType": 0
                  },
                  "text": "999"
                }
              },
              {
                "classname": "LabelBMFont",
                "name": null,
                "children": [],
                "options": {
                  "__type": "LabelBMFontSurrogate:#EditorCommon.JsonModel.Component.GUI",
                  "classname": "LabelBMFont",
                  "name": "lbl_used_val",
                  "ZOrder": 5,
                  "actiontag": 32334,
                  "anchorPointX": 0.5,
                  "anchorPointY": 0.5,
                  "classType": "LabelBMFont",
                  "colorB": 255,
                  "colorG": 255,
                  "colorR": 255,
                  "customProperty": "",
                  "flipX": false,
                  "flipY": false,
                  "height": 32,
                  "ignoreSize": true,
                  "layoutParameter": null,
                  "opacity": 255,
                  "positionPercentX": 1.02866244,
                  "positionPercentY": 0.5,
                  "positionType": 0,
                  "rotation": 0,
                  "scaleX": 0.65,
                  "scaleY": 0.65,
                  "sizePercentX": 0.08598726,
                  "sizePercentY": 1.14285719,
                  "sizeType": 0,
                  "tag": 2531,
                  "touchAble": false,
                  "useMergedTexture": false,
                  "visible": true,
                  "width": 81,
                  "x": 969,
                  "y": 14,
                  "fileNameData": {
                    "path": "fonts/blackNumber.fnt",
                    "plistFile": "",
                    "resourceType": 0
                  },
                  "text": "999"
                }
              },
              {
                "classname": "LabelBMFont",
                "name": null,
                "children": [],
                "options": {
                  "__type": "LabelBMFontSurrogate:#EditorCommon.JsonModel.Component.GUI",
                  "classname": "LabelBMFont",
                  "name": "lbl_dig_val",
                  "ZOrder": 5,
                  "actiontag": 32332,
                  "anchorPointX": 0.5,
                  "anchorPointY": 0.5,
                  "classType": "LabelBMFont",
                  "colorB": 255,
                  "colorG": 255,
                  "colorR": 255,
                  "customProperty": "",
                  "flipX": false,
                  "flipY": false,
                  "height": 32,
                  "ignoreSize": true,
                  "layoutParameter": null,
                  "opacity": 255,
                  "positionPercentX": -0.0424628444,
                  "positionPercentY": 0.5,
                  "positionType": 0,
                  "rotation": 0,
                  "scaleX": 0.65,
                  "scaleY": 0.65,
                  "sizePercentX": 0.08598726,
                  "sizePercentY": 1.14285719,
                  "sizeType": 0,
                  "tag": 2529,
                  "touchAble": false,
                  "useMergedTexture": false,
                  "visible": true,
                  "width": 81,
                  "x": -40,
                  "y": 14,
                  "fileNameData": {
                    "path": "fonts/blackNumber.fnt",
                    "plistFile": "",
                    "resourceType": 0
                  },
                  "text": "999"
                }
              },
              {
                "classname": "ImageView",
                "name": null,
                "children": [],
                "options": {
                  "__type": "ImageViewSurrogate:#EditorCommon.JsonModel.Component.GUI",
                  "classname": "ImageView",
                  "name": "img_leafing",
                  "ZOrder": 6,
                  "actiontag": 45177,
                  "anchorPointX": 1,
                  "anchorPointY": 0,
                  "classType": "ImageView",
                  "colorB": 255,
                  "colorG": 255,
                  "colorR": 255,
                  "customProperty": "",
                  "flipX": false,
                  "flipY": false,
                  "height": 36,
                  "ignoreSize": true,
                  "layoutParameter": null,
                  "opacity": 160,
                  "positionPercentX": 0.4893843,
                  "positionPercentY": 0.714285731,
                  "positionType": 0,
                  "rotation": 0,
                  "scaleX": 1,
                  "scaleY": 1,
                  "sizePercentX": 0.0360934176,
                  "sizePercentY": 1.28571427,
                  "sizeType": 0,
                  "tag": 14026,
                  "touchAble": false,
                  "useMergedTexture": false,
                  "visible": true,
                  "width": 34,
                  "x": 461,
                  "y": 20,
                  "capInsetsHeight": 1,
                  "capInsetsWidth": 1,
                  "capInsetsX": 0,
                  "capInsetsY": 0,
                  "fileName": null,
                  "fileNameData": {
                    "path": "leaf_flag.png",
                    "plistFile": "",
                    "resourceType": 1
                  },
                  "scale9Enable": false,
                  "scale9Height": 36,
                  "scale9Width": 34
                }
              },
              {
                "classname": "ImageView",
                "name": null,
                "children": [],
                "options": {
                  "__type": "ImageViewSurrogate:#EditorCommon.JsonModel.Component.GUI",
                  "classname": "ImageView",
                  "name": "img_leaf",
                  "ZOrder": 6,
                  "actiontag": 45176,
                  "anchorPointX": 1,
                  "anchorPointY": 0,
                  "classType": "ImageView",
                  "colorB": 255,
                  "colorG": 255,
                  "colorR": 255,
                  "customProperty": "",
                  "flipX": false,
                  "flipY": false,
                  "height": 36,
                  "ignoreSize": true,
                  "layoutParameter": null,
                  "opacity": 255,
                  "positionPercentX": 0.6093418,
                  "positionPercentY": 0.714285731,
                  "positionType": 0,
                  "rotation": 0,
                  "scaleX": 1,
                  "scaleY": 1,
                  "sizePercentX": 0.0360934176,
                  "sizePercentY": 1.28571427,
                  "sizeType": 0,
                  "tag": 14025,
                  "touchAble": false,
                  "useMergedTexture": false,
                  "visible": true,
                  "width": 34,
                  "x": 574,
                  "y": 20,
                  "capInsetsHeight": 1,
                  "capInsetsWidth": 1,
                  "capInsetsX": 0,
                  "capInsetsY": 0,
                  "fileName": null,
                  "fileNameData": {
                    "path": "leaf_flag.png",
                    "plistFile": "",
                    "resourceType": 1
                  },
                  "scale9Enable": false,
                  "scale9Height": 36,
                  "scale9Width": 34
                }
              },
              {
                "classname": "ImageView",
                "name": null,
                "children": [],
                "options": {
                  "__type": "ImageViewSurrogate:#EditorCommon.JsonModel.Component.GUI",
                  "classname": "ImageView",
                  "name": "img_dig",
                  "ZOrder": 6,
                  "actiontag": 45175,
                  "anchorPointX": 0.35,
                  "anchorPointY": 0,
                  "classType": "ImageView",
                  "colorB": 255,
                  "colorG": 255,
                  "colorR": 255,
                  "customProperty": "",
                  "flipX": false,
                  "flipY": false,
                  "height": 36,
                  "ignoreSize": true,
                  "layoutParameter": null,
                  "opacity": 255,
                  "positionPercentX": 0.373673022,
                  "positionPercentY": 0.714285731,
                  "positionType": 0,
                  "rotation": 0,
                  "scaleX": 1,
                  "scaleY": 1,
                  "sizePercentX": 0.0360934176,
                  "sizePercentY": 1.28571427,
                  "sizeType": 0,
                  "tag": 14024,
                  "touchAble": false,
                  "useMergedTexture": false,
                  "visible": true,
                  "width": 34,
                  "x": 352,
                  "y": 20,
                  "capInsetsHeight": 1,
                  "capInsetsWidth": 1,
                  "capInsetsX": 0,
                  "capInsetsY": 0,
                  "fileName": null,
                  "fileNameData": {
                    "path": "dig_flag.png",
                    "plistFile": "",
                    "resourceType": 1
                  },
                  "scale9Enable": false,
                  "scale9Height": 36,
                  "scale9Width": 34
                }
              }
            ],
            "options": {
              "__type": "PanelSurrogate:#EditorCommon.JsonModel.Component.GUI",
              "classname": "Panel",
              "name": "res_panel",
              "ZOrder": 0,
              "actiontag": 114906,
              "anchorPointX": 0,
              "anchorPointY": 0,
              "classType": "Panel",
              "colorB": 255,
              "colorG": 255,
              "colorR": 255,
              "customProperty": "",
              "flipX": false,
              "flipY": false,
              "height": 28,
              "ignoreSize": false,
              "layoutParameter": null,
              "opacity": 255,
              "positionPercentX": 0.13671875,
              "positionPercentY": 0.14,
              "positionType": 0,
              "rotation": 0,
              "scaleX": 1,
              "scaleY": 1,
              "sizePercentX": 0.7359375,
              "sizePercentY": 0.28,
              "sizeType": 0,
              "tag": 76053,
              "touchAble": false,
              "useMergedTexture": false,
              "visible": true,
              "width": 942,
              "x": 175,
              "y": 14,
              "adaptScreen": false,
              "backGroundImage": null,
              "backGroundImageData": null,
              "backGroundScale9Enable": false,
              "bgColorB": 0,
              "bgColorG": 0,
              "bgColorOpacity": 255,
              "bgColorR": 0,
              "bgEndColorB": 255,
              "bgEndColorG": 200,
              "bgEndColorR": 150,
              "bgStartColorB": 255,
              "bgStartColorG": 255,
              "bgStartColorR": 255,
              "capInsetsHeight": 1,
              "capInsetsWidth": 1,
              "capInsetsX": 0,
              "capInsetsY": 0,
              "clipAble": false,
              "colorType": 1,
              "layoutType": 0,
              "vectorX": 0,
              "vectorY": -0.5
            }
          }
        ],
        "options": {
          "__type": "PanelSurrogate:#EditorCommon.JsonModel.Component.GUI",
          "classname": "Panel",
          "name": "pound_layer",
          "ZOrder": 0,
          "actiontag": 32326,
          "anchorPointX": 0,
          "anchorPointY": 0,
          "classType": "Panel",
          "colorB": 255,
          "colorG": 255,
          "colorR": 255,
          "customProperty": "",
          "flipX": false,
          "flipY": false,
          "height": 100,
          "ignoreSize": false,
          "layoutParameter": null,
          "opacity": 255,
          "positionPercentX": 0,
          "positionPercentY": 0,
          "positionType": 0,
          "rotation": 0,
          "scaleX": 1,
          "scaleY": 1,
          "sizePercentX": 1,
          "sizePercentY": 0.1388889,
          "sizeType": 0,
          "tag": 2523,
          "touchAble": false,
          "useMergedTexture": false,
          "visible": true,
          "width": 1280,
          "x": 0,
          "y": 0,
          "adaptScreen": false,
          "backGroundImage": null,
          "backGroundImageData": null,
          "backGroundScale9Enable": false,
          "bgColorB": 255,
          "bgColorG": 255,
          "bgColorOpacity": 0,
          "bgColorR": 255,
          "bgEndColorB": 255,
          "bgEndColorG": 200,
          "bgEndColorR": 150,
          "bgStartColorB": 255,
          "bgStartColorG": 255,
          "bgStartColorR": 255,
          "capInsetsHeight": 1,
          "capInsetsWidth": 1,
          "capInsetsX": 0,
          "capInsetsY": 0,
          "clipAble": false,
          "colorType": 1,
          "layoutType": 0,
          "vectorX": 0,
          "vectorY": -0.5
        }
      },
      {
        "classname": "Button",
        "name": null,
        "children": [
          {
            "classname": "Label",
            "name": null,
            "children": [],
            "options": {
              "__type": "LabelSurrogate:#EditorCommon.JsonModel.Component.GUI",
              "classname": "Label",
              "name": "lbl_dig_act",
              "ZOrder": 0,
              "actiontag": 55351,
              "anchorPointX": 0.5,
              "anchorPointY": 0.5,
              "classType": "Label",
              "colorB": 255,
              "colorG": 255,
              "colorR": 255,
              "customProperty": "",
              "flipX": false,
              "flipY": false,
              "height": 0,
              "ignoreSize": true,
              "layoutParameter": null,
              "opacity": 255,
              "positionPercentX": 0.115789473,
              "positionPercentY": -0.135135129,
              "positionType": 0,
              "rotation": 0,
              "scaleX": 1,
              "scaleY": 1,
              "sizePercentX": 0.005263158,
              "sizePercentY": 0.009009009,
              "sizeType": 0,
              "tag": 23083,
              "touchAble": false,
              "useMergedTexture": false,
              "visible": true,
              "width": 0,
              "x": 22,
              "y": -15,
              "areaHeight": 0,
              "areaWidth": 0,
              "fontFile": null,
              "fontName": "Britannic Bold.ttf",
              "fontSize": 32,
              "hAlignment": 0,
              "text": "",
              "touchScaleEnable": false,
              "vAlignment": 0
            }
          },
          {
            "classname": "Label",
            "name": null,
            "children": [],
            "options": {
              "__type": "LabelSurrogate:#EditorCommon.JsonModel.Component.GUI",
              "classname": "Label",
              "name": "lbl_dig_new_s",
              "ZOrder": 0,
              "actiontag": 55347,
              "anchorPointX": 0.5,
              "anchorPointY": 0.5,
              "classType": "Label",
              "colorB": 0,
              "colorG": 0,
              "colorR": 0,
              "customProperty": "",
              "flipX": false,
              "flipY": false,
              "height": 32,
              "ignoreSize": true,
              "layoutParameter": null,
              "opacity": 255,
              "positionPercentX": 0.0105263162,
              "positionPercentY": 0.216216221,
              "positionType": 0,
              "rotation": 0,
              "scaleX": 1,
              "scaleY": 1,
              "sizePercentX": 0.442105263,
              "sizePercentY": 0.2882883,
              "sizeType": 0,
              "tag": 23079,
              "touchAble": false,
              "useMergedTexture": false,
              "visible": true,
              "width": 84,
              "x": 2,
              "y": 24,
              "areaHeight": 0,
              "areaWidth": 0,
              "fontFile": null,
              "fontName": "FZDaBiaoSong-B06S.ttf",
              "fontSize": 28,
              "hAlignment": 0,
              "text": "新矿洞",
              "touchScaleEnable": false,
              "vAlignment": 0
            }
          },
          {
            "classname": "Label",
            "name": null,
            "children": [],
            "options": {
              "__type": "LabelSurrogate:#EditorCommon.JsonModel.Component.GUI",
              "classname": "Label",
              "name": "lbl_dig_new",
              "ZOrder": 1,
              "actiontag": 55348,
              "anchorPointX": 0.5,
              "anchorPointY": 0.5,
              "classType": "Label",
              "colorB": 255,
              "colorG": 255,
              "colorR": 255,
              "customProperty": "",
              "flipX": false,
              "flipY": false,
              "height": 32,
              "ignoreSize": true,
              "layoutParameter": null,
              "opacity": 255,
              "positionPercentX": 0,
              "positionPercentY": 0.216216221,
              "positionType": 0,
              "rotation": 0,
              "scaleX": 1,
              "scaleY": 1,
              "sizePercentX": 0.442105263,
              "sizePercentY": 0.2882883,
              "sizeType": 0,
              "tag": 23080,
              "touchAble": false,
              "useMergedTexture": false,
              "visible": true,
              "width": 84,
              "x": 0,
              "y": 24,
              "areaHeight": 0,
              "areaWidth": 0,
              "fontFile": null,
              "fontName": "FZDaBiaoSong-B06S.ttf",
              "fontSize": 28,
              "hAlignment": 0,
              "text": "新矿洞",
              "touchScaleEnable": false,
              "vAlignment": 0
            }
          },
          {
            "classname": "ImageView",
            "name": null,
            "children": [],
            "options": {
              "__type": "ImageViewSurrogate:#EditorCommon.JsonModel.Component.GUI",
              "classname": "ImageView",
              "name": "img_chain",
              "ZOrder": 0,
              "actiontag": 55349,
              "anchorPointX": 0.5,
              "anchorPointY": 0.5,
              "classType": "ImageView",
              "colorB": 255,
              "colorG": 255,
              "colorR": 255,
              "customProperty": "",
              "flipX": false,
              "flipY": false,
              "height": 74,
              "ignoreSize": true,
              "layoutParameter": null,
              "opacity": 255,
              "positionPercentX": 0,
              "positionPercentY": 0.6756757,
              "positionType": 0,
              "rotation": 0,
              "scaleX": 1,
              "scaleY": 1,
              "sizePercentX": 0.6315789,
              "sizePercentY": 0.6666667,
              "sizeType": 0,
              "tag": 23081,
              "touchAble": false,
              "useMergedTexture": false,
              "visible": true,
              "width": 120,
              "x": 0,
              "y": 75,
              "capInsetsHeight": 1,
              "capInsetsWidth": 1,
              "capInsetsX": 0,
              "capInsetsY": 0,
              "fileName": null,
              "fileNameData": {
                "path": "chain_2.png",
                "plistFile": "",
                "resourceType": 1
              },
              "scale9Enable": false,
              "scale9Height": 74,
              "scale9Width": 120
            }
          },
          {
            "classname": "ImageView",
            "name": null,
            "children": [],
            "options": {
              "__type": "ImageViewSurrogate:#EditorCommon.JsonModel.Component.GUI",
              "classname": "ImageView",
              "name": "img_dig_act",
              "ZOrder": 0,
              "actiontag": 55350,
              "anchorPointX": 0.5,
              "anchorPointY": 0.5,
              "classType": "ImageView",
              "colorB": 255,
              "colorG": 255,
              "colorR": 255,
              "customProperty": "",
              "flipX": false,
              "flipY": false,
              "height": 71,
              "ignoreSize": true,
              "layoutParameter": null,
              "opacity": 255,
              "positionPercentX": -0.194736838,
              "positionPercentY": -0.153153151,
              "positionType": 0,
              "rotation": 0,
              "scaleX": 0.75,
              "scaleY": 0.75,
              "sizePercentX": 0.347368419,
              "sizePercentY": 0.6396396,
              "sizeType": 0,
              "tag": 23082,
              "touchAble": false,
              "useMergedTexture": false,
              "visible": true,
              "width": 66,
              "x": -37,
              "y": -17,
              "capInsetsHeight": 1,
              "capInsetsWidth": 1,
              "capInsetsX": 0,
              "capInsetsY": 0,
              "fileName": null,
              "fileNameData": {
                "path": "bar_icon_power.png",
                "plistFile": "",
                "resourceType": 1
              },
              "scale9Enable": false,
              "scale9Height": 71,
              "scale9Width": 66
            }
          },
          {
            "classname": "LabelBMFont",
            "name": null,
            "children": [],
            "options": {
              "__type": "LabelBMFontSurrogate:#EditorCommon.JsonModel.Component.GUI",
              "classname": "LabelBMFont",
              "name": "lbl_cd_left_num",
              "ZOrder": 0,
              "actiontag": 94385,
              "anchorPointX": 0.5,
              "anchorPointY": 0.5,
              "classType": "LabelBMFont",
              "colorB": 255,
              "colorG": 255,
              "colorR": 255,
              "customProperty": "",
              "flipX": false,
              "flipY": false,
              "height": 32,
              "ignoreSize": true,
              "layoutParameter": null,
              "opacity": 255,
              "positionPercentX": -0.189473689,
              "positionPercentY": -0.126126125,
              "positionType": 0,
              "rotation": 0,
              "scaleX": 0.75,
              "scaleY": 0.75,
              "sizePercentX": 0.142105266,
              "sizePercentY": 0.2882883,
              "sizeType": 0,
              "tag": 57763,
              "touchAble": false,
              "useMergedTexture": false,
              "visible": false,
              "width": 27,
              "x": -36,
              "y": -14,
              "fileNameData": {
                "path": "fonts/blackNumber.fnt",
                "plistFile": "",
                "resourceType": 0
              },
              "text": "2"
            }
          },
          {
            "classname": "LabelBMFont",
            "name": null,
            "children": [],
            "options": {
              "__type": "LabelBMFontSurrogate:#EditorCommon.JsonModel.Component.GUI",
              "classname": "LabelBMFont",
              "name": "lbl_cd_left_ch",
              "ZOrder": 0,
              "actiontag": 94386,
              "anchorPointX": 0.5,
              "anchorPointY": 0.5,
              "classType": "LabelBMFont",
              "colorB": 255,
              "colorG": 255,
              "colorR": 255,
              "customProperty": "",
              "flipX": false,
              "flipY": false,
              "height": 32,
              "ignoreSize": true,
              "layoutParameter": null,
              "opacity": 255,
              "positionPercentX": 0.16842106,
              "positionPercentY": -0.117117114,
              "positionType": 0,
              "rotation": 0,
              "scaleX": 0.9,
              "scaleY": 0.9,
              "sizePercentX": 0.184210524,
              "sizePercentY": 0.2882883,
              "sizeType": 0,
              "tag": 57764,
              "touchAble": false,
              "useMergedTexture": false,
              "visible": false,
              "width": 35,
              "x": 32,
              "y": -13,
              "fileNameData": {
                "path": "fonts/blackhms.fnt",
                "plistFile": "",
                "resourceType": 0
              },
              "text": "分"
            }
          }
        ],
        "options": {
          "__type": "ButtonSurrogate:#EditorCommon.JsonModel.Component.GUI",
          "classname": "Button",
          "name": "btn_dig_new",
          "ZOrder": 0,
          "actiontag": 55346,
          "anchorPointX": 0.5,
          "anchorPointY": 0.5,
          "classType": "Button",
          "colorB": 255,
          "colorG": 255,
          "colorR": 255,
          "customProperty": "",
          "flipX": false,
          "flipY": false,
          "height": 111,
          "ignoreSize": true,
          "layoutParameter": null,
          "opacity": 255,
          "positionPercentX": 0.07578125,
          "positionPercentY": 0.8361111,
          "positionType": 0,
          "rotation": 0,
          "scaleX": 1,
          "scaleY": 1,
          "sizePercentX": 0.1484375,
          "sizePercentY": 0.154166669,
          "sizeType": 0,
          "tag": 23078,
          "touchAble": true,
          "useMergedTexture": false,
          "visible": true,
          "width": 190,
          "x": 97,
          "y": 602,
          "capInsetsHeight": 1,
          "capInsetsWidth": 1,
          "capInsetsX": 0,
          "capInsetsY": 0,
          "disabled": null,
          "disabledData": {
            "path": "btn_fat_disabled.png",
            "plistFile": "",
            "resourceType": 1
          },
          "fontName": "微软雅黑",
          "fontSize": 14,
          "fontType": 0,
          "normal": null,
          "normalData": {
            "path": "btn_fat.png",
            "plistFile": "",
            "resourceType": 1
          },
          "pressed": null,
          "pressedData": {
            "path": "btn_fat_pressed.png",
            "plistFile": "",
            "resourceType": 1
          },
          "scale9Enable": false,
          "scale9Height": 111,
          "scale9Width": 190,
          "text": "",
          "textColorB": 255,
          "textColorG": 255,
          "textColorR": 255
        }
      }
    ],
    "options": {
      "__type": "PanelSurrogate:#EditorCommon.JsonModel.Component.GUI",
      "classname": "Panel",
      "name": "dig_panel",
      "ZOrder": 0,
      "actiontag": -1,
      "anchorPointX": 0,
      "anchorPointY": 0,
      "classType": "Panel",
      "colorB": 255,
      "colorG": 255,
      "colorR": 255,
      "customProperty": "",
      "flipX": false,
      "flipY": false,
      "height": 720,
      "ignoreSize": false,
      "layoutParameter": null,
      "opacity": 255,
      "positionPercentX": 0,
      "positionPercentY": 0,
      "positionType": 0,
      "rotation": 0,
      "scaleX": 1,
      "scaleY": 1,
      "sizePercentX": 0,
      "sizePercentY": 0,
      "sizeType": 0,
      "tag": 701,
      "touchAble": false,
      "useMergedTexture": false,
      "visible": true,
      "width": 1280,
      "x": 0,
      "y": 0,
      "adaptScreen": false,
      "backGroundImage": null,
      "backGroundImageData": null,
      "backGroundScale9Enable": false,
      "bgColorB": 255,
      "bgColorG": 200,
      "bgColorOpacity": 0,
      "bgColorR": 150,
      "bgEndColorB": 255,
      "bgEndColorG": 200,
      "bgEndColorR": 150,
      "bgStartColorB": 255,
      "bgStartColorG": 255,
      "bgStartColorR": 255,
      "capInsetsHeight": 0,
      "capInsetsWidth": 0,
      "capInsetsX": 0,
      "capInsetsY": 0,
      "clipAble": true,
      "colorType": 1,
      "layoutType": 0,
      "vectorX": 0,
      "vectorY": -0.5
    }
  }
}
