{
  "classname": null,
  "name": null,
  "animation": {
    "classname": null,
    "name": "AnimationManager",
    "actionlist": []
  },
  "dataScale": 1,
  "designHeight": 720,
  "designWidth": 1280,
  "textures": [],
  "version": "1.3.0.1",
  "widgetTree": {
    "classname": "Panel",
    "name": null,
    "children": [
      {
        "classname": "Panel",
        "name": null,
        "children": [
          {
            "classname": "ImageView",
            "name": null,
            "children": [],
            "options": {
              "__type": "ImageViewSurrogate:#EditorCommon.JsonModel.Component.GUI",
              "classname": "ImageView",
              "name": "img_join",
              "ZOrder": 4,
              "actiontag": 143389,
              "anchorPointX": 0.5,
              "anchorPointY": 0.5,
              "classType": "ImageView",
              "colorB": 255,
              "colorG": 255,
              "colorR": 255,
              "customProperty": "",
              "flipX": false,
              "flipY": false,
              "height": 59,
              "ignoreSize": true,
              "layoutParameter": null,
              "opacity": 255,
              "positionPercentX": 0.329333037,
              "positionPercentY": 0.185555354,
              "positionType": 0,
              "rotation": 0,
              "scaleX": 1,
              "scaleY": 1,
              "sizePercentX": 0.64,
              "sizePercentY": 0.533333361,
              "sizeType": 0,
              "tag": 101549,
              "touchAble": false,
              "useMergedTexture": false,
              "visible": true,
              "width": 62,
              "x": 41,
              "y": 27,
              "capInsetsHeight": 1,
              "capInsetsWidth": 1,
              "capInsetsX": 0,
              "capInsetsY": 0,
              "fileName": null,
              "fileNameData": {
                "path": "btn_yes_pressed.png",
                "plistFile": "",
                "resourceType": 1
              },
              "scale9Enable": false,
              "scale9Height": 59,
              "scale9Width": 62
            }
          },
          {
            "classname": "Label",
            "name": null,
            "children": [],
            "options": {
              "__type": "LabelSurrogate:#EditorCommon.JsonModel.Component.GUI",
              "classname": "Label",
              "name": "lbl_dead",
              "ZOrder": 4,
              "actiontag": 141610,
              "anchorPointX": 0.5,
              "anchorPointY": 0.5,
              "classType": "Label",
              "colorB": 0,
              "colorG": 0,
              "colorR": 255,
              "customProperty": "",
              "flipX": false,
              "flipY": false,
              "height": 23,
              "ignoreSize": true,
              "layoutParameter": null,
              "opacity": 255,
              "positionPercentX": 0.488,
              "positionPercentY": 0.146666661,
              "positionType": 0,
              "rotation": 0,
              "scaleX": 1,
              "scaleY": 1,
              "sizePercentX": 0.432,
              "sizePercentY": 0.153333336,
              "sizeType": 0,
              "tag": 99936,
              "touchAble": false,
              "useMergedTexture": false,
              "visible": false,
              "width": 54,
              "x": 61,
              "y": 22,
              "areaHeight": 0,
              "areaWidth": 0,
              "fontFile": null,
              "fontName": "FZDaBiaoSong-B06S.ttf",
              "fontSize": 20,
              "hAlignment": 0,
              "text": "力  尽",
              "touchScaleEnable": false,
              "vAlignment": 0
            }
          },
          {
            "classname": "ImageView",
            "name": null,
            "children": [
              {
                "classname": "LoadingBar",
                "name": null,
                "children": [],
                "options": {
                  "__type": "LoadingBarSurrogate:#EditorCommon.JsonModel.Component.GUI",
                  "classname": "LoadingBar",
                  "name": "bar_hero_power",
                  "ZOrder": 0,
                  "actiontag": 141275,
                  "anchorPointX": 0.5,
                  "anchorPointY": 0.5,
                  "classType": "LoadingBar",
                  "colorB": 255,
                  "colorG": 255,
                  "colorR": 255,
                  "customProperty": "",
                  "flipX": false,
                  "flipY": false,
                  "height": 16,
                  "ignoreSize": true,
                  "layoutParameter": null,
                  "opacity": 255,
                  "positionPercentX": 0,
                  "positionPercentY": 0,
                  "positionType": 0,
                  "rotation": 0,
                  "scaleX": 1,
                  "scaleY": 1,
                  "sizePercentX": 1,
                  "sizePercentY": 1,
                  "sizeType": 0,
                  "tag": 99603,
                  "touchAble": false,
                  "useMergedTexture": false,
                  "visible": true,
                  "width": 105,
                  "x": 0,
                  "y": 0,
                  "capInsetsHeight": 0,
                  "capInsetsWidth": 0,
                  "capInsetsX": 0,
                  "capInsetsY": 0,
                  "direction": 0,
                  "percent": 100,
                  "scale9Enable": false,
                  "texture": null,
                  "textureData": {
                    "path": "power_front.png",
                    "plistFile": "",
                    "resourceType": 1
                  }
                }
              }
            ],
            "options": {
              "__type": "ImageViewSurrogate:#EditorCommon.JsonModel.Component.GUI",
              "classname": "ImageView",
              "name": "img_hero_power",
              "ZOrder": 3,
              "actiontag": 141274,
              "anchorPointX": 0.5,
              "anchorPointY": 0.5,
              "classType": "ImageView",
              "colorB": 255,
              "colorG": 255,
              "colorR": 255,
              "customProperty": "",
              "flipX": false,
              "flipY": false,
              "height": 16,
              "ignoreSize": true,
              "layoutParameter": null,
              "opacity": 255,
              "positionPercentX": 0.488,
              "positionPercentY": 0.06666667,
              "positionType": 0,
              "rotation": 0,
              "scaleX": 0.75,
              "scaleY": 0.4,
              "sizePercentX": 0.84,
              "sizePercentY": 0.106666669,
              "sizeType": 0,
              "tag": 99602,
              "touchAble": false,
              "useMergedTexture": false,
              "visible": true,
              "width": 105,
              "x": 61,
              "y": 10,
              "capInsetsHeight": 0,
              "capInsetsWidth": 0,
              "capInsetsX": 0,
              "capInsetsY": 0,
              "fileName": null,
              "fileNameData": {
                "path": "power_bg.png",
                "plistFile": "",
                "resourceType": 1
              },
              "scale9Enable": false,
              "scale9Height": 16,
              "scale9Width": 105
            }
          },
          {
            "classname": "ImageView",
            "name": null,
            "children": [
              {
                "classname": "LoadingBar",
                "name": null,
                "children": [],
                "options": {
                  "__type": "LoadingBarSurrogate:#EditorCommon.JsonModel.Component.GUI",
                  "classname": "LoadingBar",
                  "name": "bar_hero_hp",
                  "ZOrder": 0,
                  "actiontag": 141277,
                  "anchorPointX": 0.5,
                  "anchorPointY": 0.5,
                  "classType": "LoadingBar",
                  "colorB": 0,
                  "colorG": 255,
                  "colorR": 0,
                  "customProperty": "",
                  "flipX": false,
                  "flipY": false,
                  "height": 12,
                  "ignoreSize": true,
                  "layoutParameter": null,
                  "opacity": 255,
                  "positionPercentX": 0,
                  "positionPercentY": 0,
                  "positionType": 0,
                  "rotation": 0,
                  "scaleX": 1,
                  "scaleY": 1,
                  "sizePercentX": 1,
                  "sizePercentY": 1,
                  "sizeType": 0,
                  "tag": 99605,
                  "touchAble": false,
                  "useMergedTexture": false,
                  "visible": true,
                  "width": 78,
                  "x": 0,
                  "y": 0,
                  "capInsetsHeight": 0,
                  "capInsetsWidth": 0,
                  "capInsetsX": 0,
                  "capInsetsY": 0,
                  "direction": 0,
                  "percent": 100,
                  "scale9Enable": false,
                  "texture": null,
                  "textureData": {
                    "path": "pic_hp_fore.png",
                    "plistFile": "",
                    "resourceType": 1
                  }
                }
              }
            ],
            "options": {
              "__type": "ImageViewSurrogate:#EditorCommon.JsonModel.Component.GUI",
              "classname": "ImageView",
              "name": "img_hero_hp",
              "ZOrder": 3,
              "actiontag": 141276,
              "anchorPointX": 0.5,
              "anchorPointY": 0.5,
              "classType": "ImageView",
              "colorB": 255,
              "colorG": 255,
              "colorR": 255,
              "customProperty": "",
              "flipX": false,
              "flipY": false,
              "height": 12,
              "ignoreSize": true,
              "layoutParameter": null,
              "opacity": 255,
              "positionPercentX": 0.488,
              "positionPercentY": 0.126666665,
              "positionType": 0,
              "rotation": 0,
              "scaleX": 1,
              "scaleY": 0.6,
              "sizePercentX": 0.624,
              "sizePercentY": 0.08,
              "sizeType": 0,
              "tag": 99604,
              "touchAble": false,
              "useMergedTexture": false,
              "visible": true,
              "width": 78,
              "x": 61,
              "y": 19,
              "capInsetsHeight": 0,
              "capInsetsWidth": 0,
              "capInsetsX": 0,
              "capInsetsY": 0,
              "fileName": null,
              "fileNameData": {
                "path": "pic_hp_bg.png",
                "plistFile": "",
                "resourceType": 1
              },
              "scale9Enable": false,
              "scale9Height": 12,
              "scale9Width": 78
            }
          },
          {
            "classname": "ImageView",
            "name": null,
            "children": [
              {
                "classname": "LabelBMFont",
                "name": null,
                "children": [],
                "options": {
                  "__type": "LabelBMFontSurrogate:#EditorCommon.JsonModel.Component.GUI",
                  "classname": "LabelBMFont",
                  "name": "lbl_lv",
                  "ZOrder": 0,
                  "actiontag": 141279,
                  "anchorPointX": 0.5,
                  "anchorPointY": 0.5,
                  "classType": "LabelBMFont",
                  "colorB": 255,
                  "colorG": 255,
                  "colorR": 255,
                  "customProperty": "",
                  "flipX": false,
                  "flipY": false,
                  "height": 32,
                  "ignoreSize": true,
                  "layoutParameter": null,
                  "opacity": 255,
                  "positionPercentX": 0,
                  "positionPercentY": 0,
                  "positionType": 0,
                  "rotation": 0,
                  "scaleX": 0.4,
                  "scaleY": 0.4,
                  "sizePercentX": 1.92857146,
                  "sizePercentY": 1.06666672,
                  "sizeType": 0,
                  "tag": 99607,
                  "touchAble": false,
                  "useMergedTexture": false,
                  "visible": true,
                  "width": 54,
                  "x": 0,
                  "y": 0,
                  "fileNameData": {
                    "path": "fonts/blackNumber.fnt",
                    "plistFile": "",
                    "resourceType": 0
                  },
                  "text": "99"
                }
              }
            ],
            "options": {
              "__type": "ImageViewSurrogate:#EditorCommon.JsonModel.Component.GUI",
              "classname": "ImageView",
              "name": "img_lv",
              "ZOrder": 3,
              "actiontag": 141278,
              "anchorPointX": 0.5,
              "anchorPointY": 0.5,
              "classType": "ImageView",
              "colorB": 255,
              "colorG": 255,
              "colorR": 255,
              "customProperty": "",
              "flipX": false,
              "flipY": false,
              "height": 30,
              "ignoreSize": true,
              "layoutParameter": null,
              "opacity": 255,
              "positionPercentX": 0.216,
              "positionPercentY": 0.6066667,
              "positionType": 0,
              "rotation": 0,
              "scaleX": 1,
              "scaleY": 1,
              "sizePercentX": 0.224,
              "sizePercentY": 0.2,
              "sizeType": 0,
              "tag": 99606,
              "touchAble": false,
              "useMergedTexture": false,
              "visible": true,
              "width": 28,
              "x": 27,
              "y": 91,
              "capInsetsHeight": 0,
              "capInsetsWidth": 0,
              "capInsetsX": 0,
              "capInsetsY": 0,
              "fileName": null,
              "fileNameData": {
                "path": "lv_green.png",
                "plistFile": "",
                "resourceType": 1
              },
              "scale9Enable": false,
              "scale9Height": 30,
              "scale9Width": 28
            }
          },
          {
            "classname": "Button",
            "name": null,
            "children": [],
            "options": {
              "__type": "ButtonSurrogate:#EditorCommon.JsonModel.Component.GUI",
              "classname": "Button",
              "name": "btn_hero_bg",
              "ZOrder": 1,
              "actiontag": 141280,
              "anchorPointX": 0.5,
              "anchorPointY": 0,
              "classType": "Button",
              "colorB": 255,
              "colorG": 255,
              "colorR": 255,
              "customProperty": "",
              "flipX": false,
              "flipY": false,
              "height": 142,
              "ignoreSize": true,
              "layoutParameter": null,
              "opacity": 255,
              "positionPercentX": 0.496,
              "positionPercentY": 0.006666667,
              "positionType": 0,
              "rotation": 0,
              "scaleX": 0.8,
              "scaleY": 0.8,
              "sizePercentX": 1.136,
              "sizePercentY": 0.946666658,
              "sizeType": 0,
              "tag": 99608,
              "touchAble": true,
              "useMergedTexture": false,
              "visible": true,
              "width": 142,
              "x": 62,
              "y": 1,
              "capInsetsHeight": 1,
              "capInsetsWidth": 1,
              "capInsetsX": 0,
              "capInsetsY": 0,
              "disabled": null,
              "disabledData": {
                "path": null,
                "plistFile": null,
                "resourceType": 0
              },
              "fontName": "微软雅黑",
              "fontSize": 14,
              "fontType": 0,
              "normal": null,
              "normalData": {
                "path": "new_tool_bg.png",
                "plistFile": "",
                "resourceType": 1
              },
              "pressed": null,
              "pressedData": {
                "path": "new_tool_bg_s.png",
                "plistFile": "",
                "resourceType": 1
              },
              "scale9Enable": false,
              "scale9Height": 142,
              "scale9Width": 142,
              "text": "",
              "textColorB": 255,
              "textColorG": 255,
              "textColorR": 255
            }
          },
          {
            "classname": "ImageView",
            "name": null,
            "children": [],
            "options": {
              "__type": "ImageViewSurrogate:#EditorCommon.JsonModel.Component.GUI",
              "classname": "ImageView",
              "name": "img_hero",
              "ZOrder": 2,
              "actiontag": 141282,
              "anchorPointX": 0.5,
              "anchorPointY": 0,
              "classType": "ImageView",
              "colorB": 255,
              "colorG": 255,
              "colorR": 255,
              "customProperty": "",
              "flipX": false,
              "flipY": false,
              "height": 136,
              "ignoreSize": true,
              "layoutParameter": null,
              "opacity": 255,
              "positionPercentX": 0.496,
              "positionPercentY": 0.0333333351,
              "positionType": 0,
              "rotation": 0,
              "scaleX": 1.1,
              "scaleY": 1.1,
              "sizePercentX": 1.344,
              "sizePercentY": 0.9066667,
              "sizeType": 0,
              "tag": 99610,
              "touchAble": false,
              "useMergedTexture": false,
              "visible": true,
              "width": 168,
              "x": 62,
              "y": 5,
              "capInsetsHeight": 0,
              "capInsetsWidth": 0,
              "capInsetsX": 0,
              "capInsetsY": 0,
              "fileName": null,
              "fileNameData": {
                "path": "hero_1.png",
                "plistFile": "",
                "resourceType": 1
              },
              "scale9Enable": false,
              "scale9Height": 136,
              "scale9Width": 168
            }
          },
          {
            "classname": "ImageView",
            "name": null,
            "children": [],
            "options": {
              "__type": "ImageViewSurrogate:#EditorCommon.JsonModel.Component.GUI",
              "classname": "ImageView",
              "name": "img_bar",
              "ZOrder": 1,
              "actiontag": 141845,
              "anchorPointX": 0.5,
              "anchorPointY": 0.1,
              "classType": "ImageView",
              "colorB": 255,
              "colorG": 255,
              "colorR": 255,
              "customProperty": "",
              "flipX": false,
              "flipY": false,
              "height": 132,
              "ignoreSize": true,
              "layoutParameter": null,
              "opacity": 255,
              "positionPercentX": 0.488,
              "positionPercentY": 0.006666667,
              "positionType": 0,
              "rotation": 0,
              "scaleX": 1.08,
              "scaleY": 1.08,
              "sizePercentX": 1.056,
              "sizePercentY": 0.88,
              "sizeType": 0,
              "tag": 100164,
              "touchAble": false,
              "useMergedTexture": false,
              "visible": true,
              "width": 132,
              "x": 61,
              "y": 1,
              "capInsetsHeight": 1,
              "capInsetsWidth": 1,
              "capInsetsX": 0,
              "capInsetsY": 0,
              "fileName": null,
              "fileNameData": {
                "path": "light_Bar.png",
                "plistFile": "",
                "resourceType": 1
              },
              "scale9Enable": false,
              "scale9Height": 132,
              "scale9Width": 132
            }
          }
        ],
        "options": {
          "__type": "PanelSurrogate:#EditorCommon.JsonModel.Component.GUI",
          "classname": "Panel",
          "name": "scale_panel",
          "ZOrder": 0,
          "actiontag": 141273,
          "anchorPointX": 0,
          "anchorPointY": 0,
          "classType": "Panel",
          "colorB": 255,
          "colorG": 255,
          "colorR": 255,
          "customProperty": "",
          "flipX": false,
          "flipY": false,
          "height": 150,
          "ignoreSize": false,
          "layoutParameter": null,
          "opacity": 255,
          "positionPercentX": 0,
          "positionPercentY": 0,
          "positionType": 0,
          "rotation": 0,
          "scaleX": 1.2,
          "scaleY": 1.2,
          "sizePercentX": 0.8333333,
          "sizePercentY": 0.8333333,
          "sizeType": 0,
          "tag": 99601,
          "touchAble": false,
          "useMergedTexture": false,
          "visible": true,
          "width": 125,
          "x": 0,
          "y": 0,
          "adaptScreen": false,
          "backGroundImage": null,
          "backGroundImageData": null,
          "backGroundScale9Enable": false,
          "bgColorB": 255,
          "bgColorG": 200,
          "bgColorOpacity": 0,
          "bgColorR": 150,
          "bgEndColorB": 255,
          "bgEndColorG": 200,
          "bgEndColorR": 150,
          "bgStartColorB": 255,
          "bgStartColorG": 255,
          "bgStartColorR": 255,
          "capInsetsHeight": 1,
          "capInsetsWidth": 1,
          "capInsetsX": 0,
          "capInsetsY": 0,
          "clipAble": false,
          "colorType": 1,
          "layoutType": 0,
          "vectorX": 0,
          "vectorY": -0.5
        }
      }
    ],
    "options": {
      "__type": "PanelSurrogate:#EditorCommon.JsonModel.Component.GUI",
      "classname": "Panel",
      "name": "hero_panel",
      "ZOrder": 0,
      "actiontag": -1,
      "anchorPointX": 0,
      "anchorPointY": 0,
      "classType": "Panel",
      "colorB": 255,
      "colorG": 255,
      "colorR": 255,
      "customProperty": "",
      "flipX": false,
      "flipY": false,
      "height": 180,
      "ignoreSize": false,
      "layoutParameter": null,
      "opacity": 255,
      "positionPercentX": 0,
      "positionPercentY": 0,
      "positionType": 0,
      "rotation": 0,
      "scaleX": 1,
      "scaleY": 1,
      "sizePercentX": 0,
      "sizePercentY": 0,
      "sizeType": 0,
      "tag": 1059,
      "touchAble": false,
      "useMergedTexture": false,
      "visible": true,
      "width": 150,
      "x": 0,
      "y": 0,
      "adaptScreen": false,
      "backGroundImage": null,
      "backGroundImageData": null,
      "backGroundScale9Enable": false,
      "bgColorB": 255,
      "bgColorG": 200,
      "bgColorOpacity": 0,
      "bgColorR": 150,
      "bgEndColorB": 255,
      "bgEndColorG": 200,
      "bgEndColorR": 150,
      "bgStartColorB": 255,
      "bgStartColorG": 255,
      "bgStartColorR": 255,
      "capInsetsHeight": 0,
      "capInsetsWidth": 0,
      "capInsetsX": 0,
      "capInsetsY": 0,
      "clipAble": false,
      "colorType": 1,
      "layoutType": 0,
      "vectorX": 0,
      "vectorY": -0.5
    }
  }
}
