{
  "classname": null,
  "name": null,
  "animation": {
    "classname": null,
    "name": "AnimationManager",
    "actionlist": []
  },
  "dataScale": 1,
  "designHeight": 720,
  "designWidth": 1280,
  "textures": [],
  "version": "1.3.0.1",
  "widgetTree": {
    "classname": "Panel",
    "name": null,
    "children": [
      {
        "classname": "Panel",
        "name": null,
        "children": [
          {
            "classname": "Label",
            "name": null,
            "children": [],
            "options": {
              "__type": "LabelSurrogate:#EditorCommon.JsonModel.Component.GUI",
              "classname": "Label",
              "name": "lbl_up_note",
              "ZOrder": 1,
              "actiontag": 88510,
              "anchorPointX": 0.5,
              "anchorPointY": 0.5,
              "classType": "Label",
              "colorB": 22,
              "colorG": 49,
              "colorR": 83,
              "customProperty": "",
              "flipX": false,
              "flipY": false,
              "height": 27,
              "ignoreSize": true,
              "layoutParameter": null,
              "opacity": 255,
              "positionPercentX": 0.54375,
              "positionPercentY": 0.9,
              "positionType": 0,
              "rotation": 0,
              "scaleX": 1,
              "scaleY": 1,
              "sizePercentX": 0.6,
              "sizePercentY": 0.15,
              "sizeType": 0,
              "tag": 52551,
              "touchAble": false,
              "useMergedTexture": false,
              "visible": true,
              "width": 96,
              "x": 87,
              "y": 162,
              "areaHeight": 0,
              "areaWidth": 0,
              "fontFile": null,
              "fontName": "FZDaBiaoSong-B06S.ttf",
              "fontSize": 24,
              "hAlignment": 0,
              "text": "升级啦！",
              "touchScaleEnable": false,
              "vAlignment": 0
            }
          },
          {
            "classname": "LabelBMFont",
            "name": null,
            "children": [],
            "options": {
              "__type": "LabelBMFontSurrogate:#EditorCommon.JsonModel.Component.GUI",
              "classname": "LabelBMFont",
              "name": "lbl_add_exp",
              "ZOrder": 1,
              "actiontag": 88509,
              "anchorPointX": 0,
              "anchorPointY": 0.5,
              "classType": "LabelBMFont",
              "colorB": 255,
              "colorG": 255,
              "colorR": 255,
              "customProperty": "",
              "flipX": false,
              "flipY": false,
              "height": 32,
              "ignoreSize": true,
              "layoutParameter": null,
              "opacity": 255,
              "positionPercentX": 0.25,
              "positionPercentY": 0.322222233,
              "positionType": 0,
              "rotation": 0,
              "scaleX": 0.5,
              "scaleY": 0.5,
              "sizePercentX": 0.49375,
              "sizePercentY": 0.177777782,
              "sizeType": 0,
              "tag": 52550,
              "touchAble": false,
              "useMergedTexture": false,
              "visible": true,
              "width": 79,
              "x": 40,
              "y": 58,
              "fileNameData": {
                "path": "fonts/orangeNum.fnt",
                "plistFile": "",
                "resourceType": 0
              },
              "text": "+10"
            }
          },
          {
            "classname": "ImageView",
            "name": null,
            "children": [
              {
                "classname": "ImageView",
                "name": null,
                "children": [
                  {
                    "classname": "LabelBMFont",
                    "name": null,
                    "children": [],
                    "options": {
                      "__type": "LabelBMFontSurrogate:#EditorCommon.JsonModel.Component.GUI",
                      "classname": "LabelBMFont",
                      "name": "lbl_lv_val",
                      "ZOrder": 0,
                      "actiontag": 18019,
                      "anchorPointX": 0.5,
                      "anchorPointY": 0.5,
                      "classType": "LabelBMFont",
                      "colorB": 255,
                      "colorG": 255,
                      "colorR": 255,
                      "customProperty": "",
                      "flipX": false,
                      "flipY": false,
                      "height": 32,
                      "ignoreSize": true,
                      "layoutParameter": null,
                      "opacity": 255,
                      "positionPercentX": 0,
                      "positionPercentY": 0.0333333351,
                      "positionType": 0,
                      "rotation": 0,
                      "scaleX": 0.4,
                      "scaleY": 0.4,
                      "sizePercentX": 1.92857146,
                      "sizePercentY": 1.06666672,
                      "sizeType": 0,
                      "tag": 1192,
                      "touchAble": false,
                      "useMergedTexture": false,
                      "visible": true,
                      "width": 54,
                      "x": 0,
                      "y": 1,
                      "fileNameData": {
                        "path": "fonts/blackNumber.fnt",
                        "plistFile": "",
                        "resourceType": 0
                      },
                      "text": "99"
                    }
                  }
                ],
                "options": {
                  "__type": "ImageViewSurrogate:#EditorCommon.JsonModel.Component.GUI",
                  "classname": "ImageView",
                  "name": "img_lv",
                  "ZOrder": 1,
                  "actiontag": 18018,
                  "anchorPointX": 0.5,
                  "anchorPointY": 0.5,
                  "classType": "ImageView",
                  "colorB": 255,
                  "colorG": 255,
                  "colorR": 255,
                  "customProperty": "",
                  "flipX": false,
                  "flipY": false,
                  "height": 30,
                  "ignoreSize": true,
                  "layoutParameter": null,
                  "opacity": 255,
                  "positionPercentX": 0.302325577,
                  "positionPercentY": 0.209302321,
                  "positionType": 0,
                  "rotation": 0,
                  "scaleX": 1,
                  "scaleY": 1,
                  "sizePercentX": 0.3255814,
                  "sizePercentY": 0.3488372,
                  "sizeType": 0,
                  "tag": 1191,
                  "touchAble": false,
                  "useMergedTexture": false,
                  "visible": true,
                  "width": 28,
                  "x": 26,
                  "y": 18,
                  "capInsetsHeight": 0,
                  "capInsetsWidth": 0,
                  "capInsetsX": 0,
                  "capInsetsY": 0,
                  "fileName": null,
                  "fileNameData": {
                    "path": "lv_green.png",
                    "plistFile": "",
                    "resourceType": 1
                  },
                  "scale9Enable": false,
                  "scale9Height": 30,
                  "scale9Width": 28
                }
              },
              {
                "classname": "ImageView",
                "name": null,
                "children": [],
                "options": {
                  "__type": "ImageViewSurrogate:#EditorCommon.JsonModel.Component.GUI",
                  "classname": "ImageView",
                  "name": "img_hero",
                  "ZOrder": 0,
                  "actiontag": 17936,
                  "anchorPointX": 0.5,
                  "anchorPointY": 0,
                  "classType": "ImageView",
                  "colorB": 255,
                  "colorG": 255,
                  "colorR": 255,
                  "customProperty": "",
                  "flipX": false,
                  "flipY": false,
                  "height": 136,
                  "ignoreSize": true,
                  "layoutParameter": null,
                  "opacity": 255,
                  "positionPercentX": 0,
                  "positionPercentY": 0,
                  "positionType": 0,
                  "rotation": 0,
                  "scaleX": 1,
                  "scaleY": 1,
                  "sizePercentX": 1.95348835,
                  "sizePercentY": 1.58139539,
                  "sizeType": 0,
                  "tag": 1154,
                  "touchAble": false,
                  "useMergedTexture": false,
                  "visible": true,
                  "width": 168,
                  "x": 0,
                  "y": 0,
                  "capInsetsHeight": 0,
                  "capInsetsWidth": 0,
                  "capInsetsX": 0,
                  "capInsetsY": 0,
                  "fileName": null,
                  "fileNameData": {
                    "path": "hero_1.png",
                    "plistFile": "",
                    "resourceType": 1
                  },
                  "scale9Enable": false,
                  "scale9Height": 136,
                  "scale9Width": 168
                }
              }
            ],
            "options": {
              "__type": "ImageViewSurrogate:#EditorCommon.JsonModel.Component.GUI",
              "classname": "ImageView",
              "name": "hero_box",
              "ZOrder": 0,
              "actiontag": 17935,
              "anchorPointX": 0.5,
              "anchorPointY": 0,
              "classType": "ImageView",
              "colorB": 255,
              "colorG": 255,
              "colorR": 255,
              "customProperty": "",
              "flipX": false,
              "flipY": false,
              "height": 86,
              "ignoreSize": true,
              "layoutParameter": null,
              "opacity": 255,
              "positionPercentX": 0.5125,
              "positionPercentY": 0.25555557,
              "positionType": 0,
              "rotation": 0,
              "scaleX": 1,
              "scaleY": 1,
              "sizePercentX": 0.5375,
              "sizePercentY": 0.477777779,
              "sizeType": 0,
              "tag": 689,
              "touchAble": false,
              "useMergedTexture": false,
              "visible": true,
              "width": 86,
              "x": 82,
              "y": 46,
              "capInsetsHeight": 0,
              "capInsetsWidth": 0,
              "capInsetsX": 0,
              "capInsetsY": 0,
              "fileName": null,
              "fileNameData": {
                "path": "showbox.png",
                "plistFile": "",
                "resourceType": 1
              },
              "scale9Enable": false,
              "scale9Height": 86,
              "scale9Width": 86
            }
          },
          {
            "classname": "ImageView",
            "name": null,
            "children": [
              {
                "classname": "Label",
                "name": null,
                "children": [],
                "options": {
                  "__type": "LabelSurrogate:#EditorCommon.JsonModel.Component.GUI",
                  "classname": "Label",
                  "name": "lbl_max_exp",
                  "ZOrder": 1,
                  "actiontag": 82922,
                  "anchorPointX": 0.5,
                  "anchorPointY": 0.5,
                  "classType": "Label",
                  "colorB": 255,
                  "colorG": 255,
                  "colorR": 255,
                  "customProperty": "",
                  "flipX": false,
                  "flipY": false,
                  "height": 17,
                  "ignoreSize": true,
                  "layoutParameter": null,
                  "opacity": 255,
                  "positionPercentX": 0,
                  "positionPercentY": 0,
                  "positionType": 0,
                  "rotation": 0,
                  "scaleX": 1,
                  "scaleY": 1,
                  "sizePercentX": 0.5769231,
                  "sizePercentY": 1.5,
                  "sizeType": 0,
                  "tag": 47622,
                  "touchAble": false,
                  "useMergedTexture": false,
                  "visible": true,
                  "width": 36,
                  "x": 0,
                  "y": 0,
                  "areaHeight": 0,
                  "areaWidth": 0,
                  "fontFile": null,
                  "fontName": "Britannic Bold.ttf",
                  "fontSize": 16,
                  "hAlignment": 0,
                  "text": "MAX!",
                  "touchScaleEnable": false,
                  "vAlignment": 0
                }
              },
              {
                "classname": "LoadingBar",
                "name": null,
                "children": [],
                "options": {
                  "__type": "LoadingBarSurrogate:#EditorCommon.JsonModel.Component.GUI",
                  "classname": "LoadingBar",
                  "name": "exp_bar",
                  "ZOrder": 0,
                  "actiontag": 17938,
                  "anchorPointX": 0.5,
                  "anchorPointY": 0.5,
                  "classType": "LoadingBar",
                  "colorB": 255,
                  "colorG": 255,
                  "colorR": 0,
                  "customProperty": "",
                  "flipX": false,
                  "flipY": false,
                  "height": 12,
                  "ignoreSize": true,
                  "layoutParameter": null,
                  "opacity": 255,
                  "positionPercentX": 0,
                  "positionPercentY": 0,
                  "positionType": 0,
                  "rotation": 0,
                  "scaleX": 1,
                  "scaleY": 1,
                  "sizePercentX": 1,
                  "sizePercentY": 1,
                  "sizeType": 0,
                  "tag": 705,
                  "touchAble": false,
                  "useMergedTexture": false,
                  "visible": true,
                  "width": 78,
                  "x": 0,
                  "y": 0,
                  "capInsetsHeight": 0,
                  "capInsetsWidth": 0,
                  "capInsetsX": 0,
                  "capInsetsY": 0,
                  "direction": 0,
                  "percent": 100,
                  "scale9Enable": false,
                  "texture": null,
                  "textureData": {
                    "path": "pic_hp_fore.png",
                    "plistFile": "",
                    "resourceType": 1
                  }
                }
              }
            ],
            "options": {
              "__type": "ImageViewSurrogate:#EditorCommon.JsonModel.Component.GUI",
              "classname": "ImageView",
              "name": "exp_bg",
              "ZOrder": 0,
              "actiontag": 17939,
              "anchorPointX": 0.5,
              "anchorPointY": 0.5,
              "classType": "ImageView",
              "colorB": 255,
              "colorG": 255,
              "colorR": 0,
              "customProperty": "",
              "flipX": false,
              "flipY": false,
              "height": 12,
              "ignoreSize": true,
              "layoutParameter": null,
              "opacity": 255,
              "positionPercentX": 0.5125,
              "positionPercentY": 0.0833333358,
              "positionType": 0,
              "rotation": 0,
              "scaleX": 1.2,
              "scaleY": 1.1,
              "sizePercentX": 0.4875,
              "sizePercentY": 0.06666667,
              "sizeType": 0,
              "tag": 703,
              "touchAble": false,
              "useMergedTexture": false,
              "visible": true,
              "width": 78,
              "x": 82,
              "y": 15,
              "capInsetsHeight": 0,
              "capInsetsWidth": 0,
              "capInsetsX": 0,
              "capInsetsY": 0,
              "fileName": null,
              "fileNameData": {
                "path": "pic_hp_bg.png",
                "plistFile": "",
                "resourceType": 1
              },
              "scale9Enable": false,
              "scale9Height": 12,
              "scale9Width": 78
            }
          },
          {
            "classname": "Label",
            "name": null,
            "children": [],
            "options": {
              "__type": "LabelSurrogate:#EditorCommon.JsonModel.Component.GUI",
              "classname": "Label",
              "name": "exp_txt",
              "ZOrder": 0,
              "actiontag": 17940,
              "anchorPointX": 0.5,
              "anchorPointY": 0.5,
              "classType": "Label",
              "colorB": 22,
              "colorG": 49,
              "colorR": 83,
              "customProperty": "",
              "flipX": false,
              "flipY": false,
              "height": 22,
              "ignoreSize": true,
              "layoutParameter": null,
              "opacity": 255,
              "positionPercentX": 0.10625,
              "positionPercentY": 0.0833333358,
              "positionType": 0,
              "rotation": 0,
              "scaleX": 1,
              "scaleY": 1,
              "sizePercentX": 0.1875,
              "sizePercentY": 0.111111112,
              "sizeType": 0,
              "tag": 694,
              "touchAble": false,
              "useMergedTexture": false,
              "visible": true,
              "width": 34,
              "x": 17,
              "y": 15,
              "areaHeight": 0,
              "areaWidth": 0,
              "fontFile": null,
              "fontName": "Britannic Bold.ttf",
              "fontSize": 20,
              "hAlignment": 0,
              "text": "EXP",
              "touchScaleEnable": false,
              "vAlignment": 0
            }
          },
          {
            "classname": "Label",
            "name": null,
            "children": [],
            "options": {
              "__type": "LabelSurrogate:#EditorCommon.JsonModel.Component.GUI",
              "classname": "Label",
              "name": "hp_txt",
              "ZOrder": 0,
              "actiontag": 17941,
              "anchorPointX": 0.5,
              "anchorPointY": 0.5,
              "classType": "Label",
              "colorB": 22,
              "colorG": 49,
              "colorR": 83,
              "customProperty": "",
              "flipX": false,
              "flipY": false,
              "height": 22,
              "ignoreSize": true,
              "layoutParameter": null,
              "opacity": 255,
              "positionPercentX": 0.09375,
              "positionPercentY": 0.177777782,
              "positionType": 0,
              "rotation": 0,
              "scaleX": 1,
              "scaleY": 1,
              "sizePercentX": 0.125,
              "sizePercentY": 0.111111112,
              "sizeType": 0,
              "tag": 694,
              "touchAble": false,
              "useMergedTexture": false,
              "visible": true,
              "width": 25,
              "x": 15,
              "y": 32,
              "areaHeight": 0,
              "areaWidth": 0,
              "fontFile": null,
              "fontName": "Britannic Bold.ttf",
              "fontSize": 20,
              "hAlignment": 0,
              "text": "HP",
              "touchScaleEnable": false,
              "vAlignment": 0
            }
          },
          {
            "classname": "ImageView",
            "name": null,
            "children": [
              {
                "classname": "LoadingBar",
                "name": null,
                "children": [],
                "options": {
                  "__type": "LoadingBarSurrogate:#EditorCommon.JsonModel.Component.GUI",
                  "classname": "LoadingBar",
                  "name": "hp_bar",
                  "ZOrder": 0,
                  "actiontag": 17942,
                  "anchorPointX": 0.5,
                  "anchorPointY": 0.5,
                  "classType": "LoadingBar",
                  "colorB": 0,
                  "colorG": 0,
                  "colorR": 255,
                  "customProperty": "",
                  "flipX": false,
                  "flipY": false,
                  "height": 12,
                  "ignoreSize": true,
                  "layoutParameter": null,
                  "opacity": 255,
                  "positionPercentX": 0,
                  "positionPercentY": 0,
                  "positionType": 0,
                  "rotation": 0,
                  "scaleX": 1,
                  "scaleY": 1,
                  "sizePercentX": 1,
                  "sizePercentY": 1,
                  "sizeType": 0,
                  "tag": 702,
                  "touchAble": false,
                  "useMergedTexture": false,
                  "visible": true,
                  "width": 78,
                  "x": 0,
                  "y": 0,
                  "capInsetsHeight": 0,
                  "capInsetsWidth": 0,
                  "capInsetsX": 0,
                  "capInsetsY": 0,
                  "direction": 0,
                  "percent": 100,
                  "scale9Enable": false,
                  "texture": null,
                  "textureData": {
                    "path": "pic_hp_fore.png",
                    "plistFile": "",
                    "resourceType": 1
                  }
                }
              }
            ],
            "options": {
              "__type": "ImageViewSurrogate:#EditorCommon.JsonModel.Component.GUI",
              "classname": "ImageView",
              "name": "hp_bg",
              "ZOrder": 0,
              "actiontag": 17943,
              "anchorPointX": 0.5,
              "anchorPointY": 0.5,
              "classType": "ImageView",
              "colorB": 255,
              "colorG": 255,
              "colorR": 255,
              "customProperty": "",
              "flipX": false,
              "flipY": false,
              "height": 12,
              "ignoreSize": true,
              "layoutParameter": null,
              "opacity": 255,
              "positionPercentX": 0.5125,
              "positionPercentY": 0.188888893,
              "positionType": 0,
              "rotation": 0,
              "scaleX": 1.2,
              "scaleY": 1.1,
              "sizePercentX": 0.4875,
              "sizePercentY": 0.06666667,
              "sizeType": 0,
              "tag": 703,
              "touchAble": false,
              "useMergedTexture": false,
              "visible": true,
              "width": 78,
              "x": 82,
              "y": 34,
              "capInsetsHeight": 0,
              "capInsetsWidth": 0,
              "capInsetsX": 0,
              "capInsetsY": 0,
              "fileName": null,
              "fileNameData": {
                "path": "pic_hp_bg.png",
                "plistFile": "",
                "resourceType": 1
              },
              "scale9Enable": false,
              "scale9Height": 12,
              "scale9Width": 78
            }
          }
        ],
        "options": {
          "__type": "PanelSurrogate:#EditorCommon.JsonModel.Component.GUI",
          "classname": "Panel",
          "name": "lvup_panel",
          "ZOrder": 0,
          "actiontag": 17932,
          "anchorPointX": 0,
          "anchorPointY": 0,
          "classType": "Panel",
          "colorB": 255,
          "colorG": 255,
          "colorR": 255,
          "customProperty": "",
          "flipX": false,
          "flipY": false,
          "height": 180,
          "ignoreSize": false,
          "layoutParameter": null,
          "opacity": 255,
          "positionPercentX": 0,
          "positionPercentY": 0,
          "positionType": 0,
          "rotation": 0,
          "scaleX": 1,
          "scaleY": 1,
          "sizePercentX": 1,
          "sizePercentY": 1,
          "sizeType": 0,
          "tag": 1104,
          "touchAble": false,
          "useMergedTexture": false,
          "visible": true,
          "width": 160,
          "x": 0,
          "y": 0,
          "adaptScreen": false,
          "backGroundImage": null,
          "backGroundImageData": null,
          "backGroundScale9Enable": false,
          "bgColorB": 255,
          "bgColorG": 200,
          "bgColorOpacity": 0,
          "bgColorR": 150,
          "bgEndColorB": 255,
          "bgEndColorG": 200,
          "bgEndColorR": 150,
          "bgStartColorB": 255,
          "bgStartColorG": 255,
          "bgStartColorR": 255,
          "capInsetsHeight": 0,
          "capInsetsWidth": 0,
          "capInsetsX": 0,
          "capInsetsY": 0,
          "clipAble": false,
          "colorType": 1,
          "layoutType": 0,
          "vectorX": 0,
          "vectorY": -0.5
        }
      },
      {
        "classname": "ImageView",
        "name": null,
        "children": [],
        "options": {
          "__type": "ImageViewSurrogate:#EditorCommon.JsonModel.Component.GUI",
          "classname": "ImageView",
          "name": "img_killed",
          "ZOrder": 1,
          "actiontag": 18097,
          "anchorPointX": 0.5,
          "anchorPointY": 0.5,
          "classType": "ImageView",
          "colorB": 255,
          "colorG": 255,
          "colorR": 255,
          "customProperty": "",
          "flipX": false,
          "flipY": false,
          "height": 112,
          "ignoreSize": true,
          "layoutParameter": null,
          "opacity": 255,
          "positionPercentX": 0.50625,
          "positionPercentY": 0.4722222,
          "positionType": 0,
          "rotation": 0,
          "scaleX": 1,
          "scaleY": 1,
          "sizePercentX": 0.8125,
          "sizePercentY": 0.622222245,
          "sizeType": 0,
          "tag": 1268,
          "touchAble": false,
          "useMergedTexture": false,
          "visible": false,
          "width": 130,
          "x": 81,
          "y": 85,
          "capInsetsHeight": 0,
          "capInsetsWidth": 0,
          "capInsetsX": 0,
          "capInsetsY": 0,
          "fileName": null,
          "fileNameData": {
            "path": "kill.png",
            "plistFile": "",
            "resourceType": 1
          },
          "scale9Enable": false,
          "scale9Height": 112,
          "scale9Width": 130
        }
      }
    ],
    "options": {
      "__type": "PanelSurrogate:#EditorCommon.JsonModel.Component.GUI",
      "classname": "Panel",
      "name": "hero_lvup",
      "ZOrder": 0,
      "actiontag": -1,
      "anchorPointX": 0,
      "anchorPointY": 0,
      "classType": "Panel",
      "colorB": 255,
      "colorG": 255,
      "colorR": 255,
      "customProperty": "",
      "flipX": false,
      "flipY": false,
      "height": 180,
      "ignoreSize": false,
      "layoutParameter": null,
      "opacity": 255,
      "positionPercentX": 0,
      "positionPercentY": 0,
      "positionType": 0,
      "rotation": 0,
      "scaleX": 1,
      "scaleY": 1,
      "sizePercentX": 0,
      "sizePercentY": 0,
      "sizeType": 0,
      "tag": 681,
      "touchAble": true,
      "useMergedTexture": false,
      "visible": true,
      "width": 160,
      "x": 0,
      "y": 0,
      "adaptScreen": false,
      "backGroundImage": null,
      "backGroundImageData": null,
      "backGroundScale9Enable": false,
      "bgColorB": 255,
      "bgColorG": 200,
      "bgColorOpacity": 0,
      "bgColorR": 150,
      "bgEndColorB": 255,
      "bgEndColorG": 200,
      "bgEndColorR": 150,
      "bgStartColorB": 255,
      "bgStartColorG": 255,
      "bgStartColorR": 255,
      "capInsetsHeight": 0,
      "capInsetsWidth": 0,
      "capInsetsX": 0,
      "capInsetsY": 0,
      "clipAble": false,
      "colorType": 1,
      "layoutType": 0,
      "vectorX": 0,
      "vectorY": -0.5
    }
  }
}
