{
  "classname": null,
  "name": null,
  "animation": {
    "classname": null,
    "name": "AnimationManager",
    "actionlist": [
      {
        "classname": null,
        "name": "show",
        "actionnodelist": [
          {
            "classname": null,
            "name": "lvup_bg",
            "ActionTag": 2290,
            "actionframelist": [
              {
                "classname": null,
                "name": null,
                "colorb": 255,
                "colorg": 255,
                "colorr": 255,
                "frameid": 0,
                "opacity": 255,
                "positionx": 640,
                "positiony": 1080,
                "rotation": 0,
                "scalex": 1,
                "scaley": 1,
                "starttime": 0,
                "tweenParameter": [
                  0,
                  0,
                  1,
                  1
                ],
                "tweenType": 0,
                "visible": false
              },
              {
                "classname": null,
                "name": null,
                "colorb": 255,
                "colorg": 255,
                "colorr": 255,
                "frameid": 3,
                "opacity": 255,
                "positionx": 640,
                "positiony": 360,
                "rotation": 0,
                "scalex": 1,
                "scaley": 1,
                "starttime": 0,
                "tweenParameter": [
                  0,
                  0,
                  1,
                  1
                ],
                "tweenType": 0,
                "visible": false
              },
              {
                "classname": null,
                "name": null,
                "colorb": 255,
                "colorg": 255,
                "colorr": 255,
                "frameid": 5,
                "opacity": 255,
                "positionx": 640,
                "positiony": 400,
                "rotation": 0,
                "scalex": 1,
                "scaley": 1,
                "starttime": 0,
                "tweenParameter": [
                  0,
                  0,
                  1,
                  1
                ],
                "tweenType": 0,
                "visible": false
              },
              {
                "classname": null,
                "name": null,
                "colorb": 255,
                "colorg": 255,
                "colorr": 255,
                "frameid": 7,
                "opacity": 255,
                "positionx": 640,
                "positiony": 360,
                "rotation": 0,
                "scalex": 1,
                "scaley": 1,
                "starttime": 0,
                "tweenParameter": [
                  0,
                  0,
                  1,
                  1
                ],
                "tweenType": 0,
                "visible": false
              }
            ]
          }
        ],
        "loop": false,
        "unittime": 0.1
      },
      {
        "classname": null,
        "name": "hide",
        "actionnodelist": [
          {
            "classname": null,
            "name": "lvup_bg",
            "ActionTag": 2290,
            "actionframelist": [
              {
                "classname": null,
                "name": null,
                "colorb": 255,
                "colorg": 255,
                "colorr": 255,
                "frameid": 0,
                "opacity": 255,
                "positionx": 640,
                "positiony": 360,
                "rotation": 0,
                "scalex": 1,
                "scaley": 1,
                "starttime": 0,
                "tweenParameter": [
                  0,
                  0,
                  1,
                  1
                ],
                "tweenType": 0,
                "visible": false
              },
              {
                "classname": null,
                "name": null,
                "colorb": 255,
                "colorg": 255,
                "colorr": 255,
                "frameid": 2,
                "opacity": 255,
                "positionx": 640,
                "positiony": 1080,
                "rotation": 0,
                "scalex": 1,
                "scaley": 1,
                "starttime": 0,
                "tweenParameter": [
                  0,
                  0,
                  1,
                  1
                ],
                "tweenType": 0,
                "visible": false
              }
            ]
          }
        ],
        "loop": false,
        "unittime": 0.1
      }
    ]
  },
  "dataScale": 1,
  "designHeight": 720,
  "designWidth": 1280,
  "textures": [],
  "version": "1.3.0.1",
  "widgetTree": {
    "classname": "Panel",
    "name": null,
    "children": [
      {
        "classname": "ImageView",
        "name": null,
        "children": [
          {
            "classname": "Panel",
            "name": null,
            "children": [
              {
                "classname": "ImageView",
                "name": null,
                "children": [],
                "options": {
                  "__type": "ImageViewSurrogate:#EditorCommon.JsonModel.Component.GUI",
                  "classname": "ImageView",
                  "name": "img_2",
                  "ZOrder": 0,
                  "actiontag": 47290,
                  "anchorPointX": 0.5,
                  "anchorPointY": 0.5,
                  "classType": "ImageView",
                  "colorB": 255,
                  "colorG": 255,
                  "colorR": 255,
                  "customProperty": "",
                  "flipX": false,
                  "flipY": false,
                  "height": 140,
                  "ignoreSize": true,
                  "layoutParameter": null,
                  "opacity": 255,
                  "positionPercentX": 0.126666665,
                  "positionPercentY": 0.535,
                  "positionType": 0,
                  "rotation": 0,
                  "scaleX": 0.7,
                  "scaleY": 0.7,
                  "sizePercentX": 0.283333331,
                  "sizePercentY": 0.51,
                  "sizeType": 0,
                  "tag": 15896,
                  "touchAble": false,
                  "useMergedTexture": false,
                  "visible": true,
                  "width": 168,
                  "x": 38,
                  "y": 107,
                  "capInsetsHeight": 1,
                  "capInsetsWidth": 1,
                  "capInsetsX": 0,
                  "capInsetsY": 0,
                  "fileName": null,
                  "fileNameData": {
                    "path": "digLv.png",
                    "plistFile": "",
                    "resourceType": 1
                  },
                  "scale9Enable": false,
                  "scale9Height": 140,
                  "scale9Width": 168
                }
              },
              {
                "classname": "ImageView",
                "name": null,
                "children": [],
                "options": {
                  "__type": "ImageViewSurrogate:#EditorCommon.JsonModel.Component.GUI",
                  "classname": "ImageView",
                  "name": "img_1",
                  "ZOrder": 0,
                  "actiontag": 47291,
                  "anchorPointX": 0.5,
                  "anchorPointY": 0.5,
                  "classType": "ImageView",
                  "colorB": 255,
                  "colorG": 255,
                  "colorR": 255,
                  "customProperty": "",
                  "flipX": false,
                  "flipY": false,
                  "height": 140,
                  "ignoreSize": true,
                  "layoutParameter": null,
                  "opacity": 255,
                  "positionPercentX": 0.13666667,
                  "positionPercentY": 0.15,
                  "positionType": 0,
                  "rotation": 0,
                  "scaleX": 0.7,
                  "scaleY": 0.7,
                  "sizePercentX": 0.283333331,
                  "sizePercentY": 0.51,
                  "sizeType": 0,
                  "tag": 15897,
                  "touchAble": false,
                  "useMergedTexture": false,
                  "visible": true,
                  "width": 168,
                  "x": 41,
                  "y": 30,
                  "capInsetsHeight": 1,
                  "capInsetsWidth": 1,
                  "capInsetsX": 0,
                  "capInsetsY": 0,
                  "fileName": null,
                  "fileNameData": {
                    "path": "digLv.png",
                    "plistFile": "",
                    "resourceType": 1
                  },
                  "scale9Enable": false,
                  "scale9Height": 140,
                  "scale9Width": 168
                }
              },
              {
                "classname": "ImageView",
                "name": null,
                "children": [],
                "options": {
                  "__type": "ImageViewSurrogate:#EditorCommon.JsonModel.Component.GUI",
                  "classname": "ImageView",
                  "name": "img_3",
                  "ZOrder": 0,
                  "actiontag": 47292,
                  "anchorPointX": 0.5,
                  "anchorPointY": 0.5,
                  "classType": "ImageView",
                  "colorB": 255,
                  "colorG": 255,
                  "colorR": 255,
                  "customProperty": "",
                  "flipX": false,
                  "flipY": false,
                  "height": 140,
                  "ignoreSize": true,
                  "layoutParameter": null,
                  "opacity": 255,
                  "positionPercentX": 0.126666665,
                  "positionPercentY": 0.905,
                  "positionType": 0,
                  "rotation": 0,
                  "scaleX": 0.7,
                  "scaleY": 0.7,
                  "sizePercentX": 0.283333331,
                  "sizePercentY": 0.51,
                  "sizeType": 0,
                  "tag": 15898,
                  "touchAble": false,
                  "useMergedTexture": false,
                  "visible": true,
                  "width": 168,
                  "x": 38,
                  "y": 181,
                  "capInsetsHeight": 1,
                  "capInsetsWidth": 1,
                  "capInsetsX": 0,
                  "capInsetsY": 0,
                  "fileName": null,
                  "fileNameData": {
                    "path": "digLv.png",
                    "plistFile": "",
                    "resourceType": 1
                  },
                  "scale9Enable": false,
                  "scale9Height": 140,
                  "scale9Width": 168
                }
              },
              {
                "classname": "Label",
                "name": null,
                "children": [],
                "options": {
                  "__type": "LabelSurrogate:#EditorCommon.JsonModel.Component.GUI",
                  "classname": "Label",
                  "name": "lbl_1",
                  "ZOrder": 0,
                  "actiontag": 47293,
                  "anchorPointX": 0,
                  "anchorPointY": 0.5,
                  "classType": "Label",
                  "colorB": 22,
                  "colorG": 49,
                  "colorR": 83,
                  "customProperty": "",
                  "flipX": false,
                  "flipY": false,
                  "height": 40,
                  "ignoreSize": true,
                  "layoutParameter": null,
                  "opacity": 255,
                  "positionPercentX": 0.333333343,
                  "positionPercentY": 0.135,
                  "positionType": 0,
                  "rotation": 0,
                  "scaleX": 1,
                  "scaleY": 1,
                  "sizePercentX": 0.196666673,
                  "sizePercentY": 0.2,
                  "sizeType": 0,
                  "tag": 15899,
                  "touchAble": false,
                  "useMergedTexture": false,
                  "visible": true,
                  "width": 59,
                  "x": 100,
                  "y": 27,
                  "areaHeight": 0,
                  "areaWidth": 0,
                  "fontFile": null,
                  "fontName": "Britannic Bold.ttf",
                  "fontSize": 36,
                  "hAlignment": 0,
                  "text": "LV1",
                  "touchScaleEnable": false,
                  "vAlignment": 0
                }
              },
              {
                "classname": "Label",
                "name": null,
                "children": [],
                "options": {
                  "__type": "LabelSurrogate:#EditorCommon.JsonModel.Component.GUI",
                  "classname": "Label",
                  "name": "lbl_2",
                  "ZOrder": 0,
                  "actiontag": 47294,
                  "anchorPointX": 0,
                  "anchorPointY": 0.5,
                  "classType": "Label",
                  "colorB": 22,
                  "colorG": 49,
                  "colorR": 83,
                  "customProperty": "",
                  "flipX": false,
                  "flipY": false,
                  "height": 40,
                  "ignoreSize": true,
                  "layoutParameter": null,
                  "opacity": 255,
                  "positionPercentX": 0.333333343,
                  "positionPercentY": 0.535,
                  "positionType": 0,
                  "rotation": 0,
                  "scaleX": 1,
                  "scaleY": 1,
                  "sizePercentX": 0.196666673,
                  "sizePercentY": 0.2,
                  "sizeType": 0,
                  "tag": 15900,
                  "touchAble": false,
                  "useMergedTexture": false,
                  "visible": true,
                  "width": 59,
                  "x": 100,
                  "y": 107,
                  "areaHeight": 0,
                  "areaWidth": 0,
                  "fontFile": null,
                  "fontName": "Britannic Bold.ttf",
                  "fontSize": 36,
                  "hAlignment": 0,
                  "text": "LV1",
                  "touchScaleEnable": false,
                  "vAlignment": 0
                }
              },
              {
                "classname": "Label",
                "name": null,
                "children": [],
                "options": {
                  "__type": "LabelSurrogate:#EditorCommon.JsonModel.Component.GUI",
                  "classname": "Label",
                  "name": "lbl_3",
                  "ZOrder": 0,
                  "actiontag": 47295,
                  "anchorPointX": 0,
                  "anchorPointY": 0.5,
                  "classType": "Label",
                  "colorB": 22,
                  "colorG": 49,
                  "colorR": 83,
                  "customProperty": "",
                  "flipX": false,
                  "flipY": false,
                  "height": 40,
                  "ignoreSize": true,
                  "layoutParameter": null,
                  "opacity": 255,
                  "positionPercentX": 0.333333343,
                  "positionPercentY": 0.89,
                  "positionType": 0,
                  "rotation": 0,
                  "scaleX": 1,
                  "scaleY": 1,
                  "sizePercentX": 0.196666673,
                  "sizePercentY": 0.2,
                  "sizeType": 0,
                  "tag": 15901,
                  "touchAble": false,
                  "useMergedTexture": false,
                  "visible": true,
                  "width": 59,
                  "x": 100,
                  "y": 178,
                  "areaHeight": 0,
                  "areaWidth": 0,
                  "fontFile": null,
                  "fontName": "Britannic Bold.ttf",
                  "fontSize": 36,
                  "hAlignment": 0,
                  "text": "LV1",
                  "touchScaleEnable": false,
                  "vAlignment": 0
                }
              },
              {
                "classname": "Label",
                "name": null,
                "children": [],
                "options": {
                  "__type": "LabelSurrogate:#EditorCommon.JsonModel.Component.GUI",
                  "classname": "Label",
                  "name": "lbl_area",
                  "ZOrder": 0,
                  "actiontag": 90158,
                  "anchorPointX": 0,
                  "anchorPointY": 0.5,
                  "classType": "Label",
                  "colorB": 22,
                  "colorG": 49,
                  "colorR": 83,
                  "customProperty": "",
                  "flipX": false,
                  "flipY": false,
                  "height": 0,
                  "ignoreSize": true,
                  "layoutParameter": null,
                  "opacity": 255,
                  "positionPercentX": 0.22,
                  "positionPercentY": 0.3,
                  "positionType": 0,
                  "rotation": 0,
                  "scaleX": 1,
                  "scaleY": 1,
                  "sizePercentX": 0.00333333341,
                  "sizePercentY": 0.005,
                  "sizeType": 0,
                  "tag": 54009,
                  "touchAble": false,
                  "useMergedTexture": false,
                  "visible": true,
                  "width": 0,
                  "x": 66,
                  "y": 60,
                  "areaHeight": 0,
                  "areaWidth": 0,
                  "fontFile": null,
                  "fontName": "FZDaBiaoSong-B06S.ttf",
                  "fontSize": 32,
                  "hAlignment": 0,
                  "text": "",
                  "touchScaleEnable": false,
                  "vAlignment": 0
                }
              }
            ],
            "options": {
              "__type": "PanelSurrogate:#EditorCommon.JsonModel.Component.GUI",
              "classname": "Panel",
              "name": "val_panel",
              "ZOrder": 0,
              "actiontag": 47289,
              "anchorPointX": 0,
              "anchorPointY": 0,
              "classType": "Panel",
              "colorB": 255,
              "colorG": 255,
              "colorR": 255,
              "customProperty": "",
              "flipX": false,
              "flipY": false,
              "height": 200,
              "ignoreSize": false,
              "layoutParameter": null,
              "opacity": 255,
              "positionPercentX": 0.08515057,
              "positionPercentY": -0.0294943824,
              "positionType": 0,
              "rotation": 0,
              "scaleX": 1,
              "scaleY": 1,
              "sizePercentX": 0.311526477,
              "sizePercentY": 0.280898869,
              "sizeType": 0,
              "tag": 15895,
              "touchAble": false,
              "useMergedTexture": false,
              "visible": true,
              "width": 300,
              "x": 82,
              "y": -21,
              "adaptScreen": false,
              "backGroundImage": null,
              "backGroundImageData": null,
              "backGroundScale9Enable": false,
              "bgColorB": 255,
              "bgColorG": 200,
              "bgColorOpacity": 0,
              "bgColorR": 150,
              "bgEndColorB": 255,
              "bgEndColorG": 200,
              "bgEndColorR": 150,
              "bgStartColorB": 255,
              "bgStartColorG": 255,
              "bgStartColorR": 255,
              "capInsetsHeight": 1,
              "capInsetsWidth": 1,
              "capInsetsX": 0,
              "capInsetsY": 0,
              "clipAble": false,
              "colorType": 1,
              "layoutType": 0,
              "vectorX": 0,
              "vectorY": -0.5
            }
          },
          {
            "classname": "Label",
            "name": null,
            "children": [],
            "options": {
              "__type": "LabelSurrogate:#EditorCommon.JsonModel.Component.GUI",
              "classname": "Label",
              "name": "ask_lbl_1",
              "ZOrder": 0,
              "actiontag": 2291,
              "anchorPointX": 0.5,
              "anchorPointY": 0.5,
              "classType": "Label",
              "colorB": 22,
              "colorG": 49,
              "colorR": 83,
              "customProperty": "",
              "flipX": false,
              "flipY": false,
              "height": 67,
              "ignoreSize": true,
              "layoutParameter": null,
              "opacity": 255,
              "positionPercentX": -0.130841121,
              "positionPercentY": 0.346910119,
              "positionType": 0,
              "rotation": 0,
              "scaleX": 1,
              "scaleY": 1,
              "sizePercentX": 0.311526477,
              "sizePercentY": 0.09410112,
              "sizeType": 0,
              "tag": 422,
              "touchAble": false,
              "useMergedTexture": false,
              "visible": true,
              "width": 300,
              "x": -126,
              "y": 247,
              "areaHeight": 0,
              "areaWidth": 0,
              "fontFile": null,
              "fontName": "FZDaBiaoSong-B06S.ttf",
              "fontSize": 60,
              "hAlignment": 0,
              "text": "确定要升到",
              "touchScaleEnable": false,
              "vAlignment": 0
            }
          },
          {
            "classname": "Label",
            "name": null,
            "children": [],
            "options": {
              "__type": "LabelSurrogate:#EditorCommon.JsonModel.Component.GUI",
              "classname": "Label",
              "name": "ack_lbl_2",
              "ZOrder": 0,
              "actiontag": 2292,
              "anchorPointX": 0.5,
              "anchorPointY": 0.5,
              "classType": "Label",
              "colorB": 22,
              "colorG": 49,
              "colorR": 83,
              "customProperty": "",
              "flipX": false,
              "flipY": false,
              "height": 67,
              "ignoreSize": true,
              "layoutParameter": null,
              "opacity": 255,
              "positionPercentX": 0.212876424,
              "positionPercentY": 0.346910119,
              "positionType": 0,
              "rotation": 0,
              "scaleX": 1,
              "scaleY": 1,
              "sizePercentX": 0.186915889,
              "sizePercentY": 0.09410112,
              "sizeType": 0,
              "tag": 423,
              "touchAble": false,
              "useMergedTexture": false,
              "visible": true,
              "width": 180,
              "x": 205,
              "y": 247,
              "areaHeight": 0,
              "areaWidth": 0,
              "fontFile": null,
              "fontName": "FZDaBiaoSong-B06S.ttf",
              "fontSize": 60,
              "hAlignment": 0,
              "text": "级吗？",
              "touchScaleEnable": false,
              "vAlignment": 0
            }
          },
          {
            "classname": "Label",
            "name": null,
            "children": [],
            "options": {
              "__type": "LabelSurrogate:#EditorCommon.JsonModel.Component.GUI",
              "classname": "Label",
              "name": "ask_lv_val",
              "ZOrder": 0,
              "actiontag": 2293,
              "anchorPointX": 0.5,
              "anchorPointY": 0.5,
              "classType": "Label",
              "colorB": 22,
              "colorG": 49,
              "colorR": 83,
              "customProperty": "",
              "flipX": false,
              "flipY": false,
              "height": 67,
              "ignoreSize": true,
              "layoutParameter": null,
              "opacity": 255,
              "positionPercentX": 0.07165109,
              "positionPercentY": 0.3483146,
              "positionType": 0,
              "rotation": 0,
              "scaleX": 1,
              "scaleY": 1,
              "sizePercentX": 0.0384215973,
              "sizePercentY": 0.09410112,
              "sizeType": 0,
              "tag": 424,
              "touchAble": false,
              "useMergedTexture": false,
              "visible": true,
              "width": 37,
              "x": 69,
              "y": 248,
              "areaHeight": 0,
              "areaWidth": 0,
              "fontFile": null,
              "fontName": "Britannic Bold.ttf",
              "fontSize": 60,
              "hAlignment": 0,
              "text": "0",
              "touchScaleEnable": false,
              "vAlignment": 0
            }
          },
          {
            "classname": "ImageView",
            "name": null,
            "children": [
              {
                "classname": "Label",
                "name": null,
                "children": [],
                "options": {
                  "__type": "LabelSurrogate:#EditorCommon.JsonModel.Component.GUI",
                  "classname": "Label",
                  "name": "up_time_val",
                  "ZOrder": 0,
                  "actiontag": 2295,
                  "anchorPointX": 0.5,
                  "anchorPointY": 0.5,
                  "classType": "Label",
                  "colorB": 2,
                  "colorG": 49,
                  "colorR": 83,
                  "customProperty": "",
                  "flipX": false,
                  "flipY": false,
                  "height": 32,
                  "ignoreSize": true,
                  "layoutParameter": null,
                  "opacity": 255,
                  "positionPercentX": 0.321937323,
                  "positionPercentY": 0.311111122,
                  "positionType": 0,
                  "rotation": 22,
                  "scaleX": 1,
                  "scaleY": 1,
                  "sizePercentX": 0.170940176,
                  "sizePercentY": 0.118518516,
                  "sizeType": 0,
                  "tag": 426,
                  "touchAble": false,
                  "useMergedTexture": false,
                  "visible": true,
                  "width": 60,
                  "x": 113,
                  "y": 84,
                  "areaHeight": 0,
                  "areaWidth": 0,
                  "fontFile": null,
                  "fontName": "FZDaBiaoSong-B06S.ttf",
                  "fontSize": 28,
                  "hAlignment": 0,
                  "text": "1  天",
                  "touchScaleEnable": false,
                  "vAlignment": 0
                }
              },
              {
                "classname": "ImageView",
                "name": null,
                "children": [],
                "options": {
                  "__type": "ImageViewSurrogate:#EditorCommon.JsonModel.Component.GUI",
                  "classname": "ImageView",
                  "name": "up_item_img",
                  "ZOrder": 0,
                  "actiontag": 2296,
                  "anchorPointX": 0.5,
                  "anchorPointY": 0.5,
                  "classType": "ImageView",
                  "colorB": 255,
                  "colorG": 255,
                  "colorR": 255,
                  "customProperty": "",
                  "flipX": false,
                  "flipY": false,
                  "height": 268,
                  "ignoreSize": true,
                  "layoutParameter": null,
                  "opacity": 255,
                  "positionPercentX": -0.02849003,
                  "positionPercentY": -0.0444444455,
                  "positionType": 0,
                  "rotation": 0,
                  "scaleX": 0.5,
                  "scaleY": 0.5,
                  "sizePercentX": 1.51851857,
                  "sizePercentY": 0.9925926,
                  "sizeType": 0,
                  "tag": 427,
                  "touchAble": false,
                  "useMergedTexture": false,
                  "visible": true,
                  "width": 533,
                  "x": -10,
                  "y": -12,
                  "capInsetsHeight": 0,
                  "capInsetsWidth": 0,
                  "capInsetsX": 0,
                  "capInsetsY": 0,
                  "fileName": null,
                  "fileNameData": {
                    "path": "PvrCcz/train/head/train_head_01.pvr.ccz",
                    "plistFile": "",
                    "resourceType": 0
                  },
                  "scale9Enable": false,
                  "scale9Height": 268,
                  "scale9Width": 533
                }
              }
            ],
            "options": {
              "__type": "ImageViewSurrogate:#EditorCommon.JsonModel.Component.GUI",
              "classname": "ImageView",
              "name": "up_item_bg",
              "ZOrder": 0,
              "actiontag": 2294,
              "anchorPointX": 0.5,
              "anchorPointY": 0.5,
              "classType": "ImageView",
              "colorB": 255,
              "colorG": 255,
              "colorR": 255,
              "customProperty": "",
              "flipX": false,
              "flipY": false,
              "height": 270,
              "ignoreSize": true,
              "layoutParameter": null,
              "opacity": 255,
              "positionPercentX": -0.215991691,
              "positionPercentY": 0.120786518,
              "positionType": 0,
              "rotation": 0,
              "scaleX": 1,
              "scaleY": 1,
              "sizePercentX": 0.364485979,
              "sizePercentY": 0.379213482,
              "sizeType": 0,
              "tag": 425,
              "touchAble": false,
              "useMergedTexture": false,
              "visible": true,
              "width": 351,
              "x": -208,
              "y": 86,
              "capInsetsHeight": 0,
              "capInsetsWidth": 0,
              "capInsetsX": 0,
              "capInsetsY": 0,
              "fileName": null,
              "fileNameData": {
                "path": "paper01.png",
                "plistFile": "",
                "resourceType": 1
              },
              "scale9Enable": false,
              "scale9Height": 270,
              "scale9Width": 351
            }
          },
          {
            "classname": "Button",
            "name": null,
            "children": [
              {
                "classname": "Label",
                "name": null,
                "children": [],
                "options": {
                  "__type": "LabelSurrogate:#EditorCommon.JsonModel.Component.GUI",
                  "classname": "Label",
                  "name": "comfirm_lbl_shadow",
                  "ZOrder": 0,
                  "actiontag": 2309,
                  "anchorPointX": 0.5,
                  "anchorPointY": 0.5,
                  "classType": "Label",
                  "colorB": 0,
                  "colorG": 0,
                  "colorR": 0,
                  "customProperty": "",
                  "flipX": false,
                  "flipY": false,
                  "height": 32,
                  "ignoreSize": true,
                  "layoutParameter": null,
                  "opacity": 255,
                  "positionPercentX": 0.01910828,
                  "positionPercentY": -0.0259740259,
                  "positionType": 0,
                  "rotation": 0,
                  "scaleX": 1,
                  "scaleY": 1,
                  "sizePercentX": 0.7133758,
                  "sizePercentY": 0.415584415,
                  "sizeType": 0,
                  "tag": 438,
                  "touchAble": false,
                  "useMergedTexture": false,
                  "visible": true,
                  "width": 112,
                  "x": 3,
                  "y": -2,
                  "areaHeight": 0,
                  "areaWidth": 0,
                  "fontFile": null,
                  "fontName": "FZDaBiaoSong-B06S.ttf",
                  "fontSize": 28,
                  "hAlignment": 0,
                  "text": "确认升级",
                  "touchScaleEnable": false,
                  "vAlignment": 0
                }
              },
              {
                "classname": "Label",
                "name": null,
                "children": [],
                "options": {
                  "__type": "LabelSurrogate:#EditorCommon.JsonModel.Component.GUI",
                  "classname": "Label",
                  "name": "comfirm_lbl",
                  "ZOrder": 1,
                  "actiontag": 2307,
                  "anchorPointX": 0.5,
                  "anchorPointY": 0.5,
                  "classType": "Label",
                  "colorB": 255,
                  "colorG": 255,
                  "colorR": 255,
                  "customProperty": "",
                  "flipX": false,
                  "flipY": false,
                  "height": 32,
                  "ignoreSize": true,
                  "layoutParameter": null,
                  "opacity": 255,
                  "positionPercentX": 0,
                  "positionPercentY": 0,
                  "positionType": 0,
                  "rotation": 0,
                  "scaleX": 1,
                  "scaleY": 1,
                  "sizePercentX": 0.7133758,
                  "sizePercentY": 0.415584415,
                  "sizeType": 0,
                  "tag": 438,
                  "touchAble": false,
                  "useMergedTexture": false,
                  "visible": true,
                  "width": 112,
                  "x": 0,
                  "y": 0,
                  "areaHeight": 0,
                  "areaWidth": 0,
                  "fontFile": null,
                  "fontName": "FZDaBiaoSong-B06S.ttf",
                  "fontSize": 28,
                  "hAlignment": 0,
                  "text": "确认升级",
                  "touchScaleEnable": false,
                  "vAlignment": 0
                }
              }
            ],
            "options": {
              "__type": "ButtonSurrogate:#EditorCommon.JsonModel.Component.GUI",
              "classname": "Button",
              "name": "confirm_btn",
              "ZOrder": 0,
              "actiontag": 2304,
              "anchorPointX": 0.5,
              "anchorPointY": 0.5,
              "classType": "Button",
              "colorB": 255,
              "colorG": 255,
              "colorR": 255,
              "customProperty": "",
              "flipX": false,
              "flipY": false,
              "height": 77,
              "ignoreSize": true,
              "layoutParameter": null,
              "opacity": 255,
              "positionPercentX": -0.010384216,
              "positionPercentY": -0.3735955,
              "positionType": 0,
              "rotation": 0,
              "scaleX": 1,
              "scaleY": 1,
              "sizePercentX": 0.163032189,
              "sizePercentY": 0.108146064,
              "sizeType": 0,
              "tag": 435,
              "touchAble": true,
              "useMergedTexture": false,
              "visible": true,
              "width": 157,
              "x": -10,
              "y": -266,
              "capInsetsHeight": 0,
              "capInsetsWidth": 0,
              "capInsetsX": 0,
              "capInsetsY": 0,
              "disabled": null,
              "disabledData": {
                "path": "btn_brown_disabled.png",
                "plistFile": "",
                "resourceType": 1
              },
              "fontName": "微软雅黑",
              "fontSize": 14,
              "fontType": 0,
              "normal": null,
              "normalData": {
                "path": "btn_brown.png",
                "plistFile": "",
                "resourceType": 1
              },
              "pressed": null,
              "pressedData": {
                "path": "btn_brown_pressed.png",
                "plistFile": "",
                "resourceType": 1
              },
              "scale9Enable": false,
              "scale9Height": 77,
              "scale9Width": 157,
              "text": "",
              "textColorB": 255,
              "textColorG": 255,
              "textColorR": 255
            }
          },
          {
            "classname": "Label",
            "name": null,
            "children": [],
            "options": {
              "__type": "LabelSurrogate:#EditorCommon.JsonModel.Component.GUI",
              "classname": "Label",
              "name": "unlock_item_lbl",
              "ZOrder": 0,
              "actiontag": 2306,
              "anchorPointX": 0.5,
              "anchorPointY": 0.5,
              "classType": "Label",
              "colorB": 22,
              "colorG": 49,
              "colorR": 83,
              "customProperty": "",
              "flipX": false,
              "flipY": false,
              "height": 41,
              "ignoreSize": true,
              "layoutParameter": null,
              "opacity": 255,
              "positionPercentX": -0.0124610588,
              "positionPercentY": -0.07865169,
              "positionType": 0,
              "rotation": 0,
              "scaleX": 1,
              "scaleY": 1,
              "sizePercentX": 0.112149529,
              "sizePercentY": 0.05758427,
              "sizeType": 0,
              "tag": 437,
              "touchAble": false,
              "useMergedTexture": false,
              "visible": true,
              "width": 108,
              "x": -12,
              "y": -56,
              "areaHeight": 0,
              "areaWidth": 0,
              "fontFile": null,
              "fontName": "FZDaBiaoSong-B06S.ttf",
              "fontSize": 36,
              "hAlignment": 0,
              "text": "升级后",
              "touchScaleEnable": false,
              "vAlignment": 0
            }
          },
          {
            "classname": "Label",
            "name": null,
            "children": [],
            "options": {
              "__type": "LabelSurrogate:#EditorCommon.JsonModel.Component.GUI",
              "classname": "Label",
              "name": "lbl_unlock",
              "ZOrder": 0,
              "actiontag": 27917,
              "anchorPointX": 0.5,
              "anchorPointY": 0.5,
              "classType": "Label",
              "colorB": 22,
              "colorG": 49,
              "colorR": 83,
              "customProperty": "",
              "flipX": false,
              "flipY": false,
              "height": 0,
              "ignoreSize": true,
              "layoutParameter": null,
              "opacity": 255,
              "positionPercentX": -0.0114226379,
              "positionPercentY": -0.217696622,
              "positionType": 0,
              "rotation": 0,
              "scaleX": 1,
              "scaleY": 1,
              "sizePercentX": 0.00103842164,
              "sizePercentY": 0.0014044944,
              "sizeType": 0,
              "tag": 1216,
              "touchAble": false,
              "useMergedTexture": false,
              "visible": true,
              "width": 0,
              "x": -11,
              "y": -155,
              "areaHeight": 0,
              "areaWidth": 0,
              "fontFile": null,
              "fontName": "FZDaBiaoSong-B06S.ttf",
              "fontSize": 32,
              "hAlignment": 0,
              "text": "",
              "touchScaleEnable": false,
              "vAlignment": 1
            }
          },
          {
            "classname": "ImageView",
            "name": null,
            "children": [],
            "options": {
              "__type": "ImageViewSurrogate:#EditorCommon.JsonModel.Component.GUI",
              "classname": "ImageView",
              "name": "img_split",
              "ZOrder": 0,
              "actiontag": 27918,
              "anchorPointX": 0.5,
              "anchorPointY": 0.5,
              "classType": "ImageView",
              "colorB": 255,
              "colorG": 255,
              "colorR": 255,
              "customProperty": "",
              "flipX": false,
              "flipY": false,
              "height": 8,
              "ignoreSize": true,
              "layoutParameter": null,
              "opacity": 255,
              "positionPercentX": -0.0155763244,
              "positionPercentY": -0.123595506,
              "positionType": 0,
              "rotation": 0,
              "scaleX": 1,
              "scaleY": 1,
              "sizePercentX": 0.705088258,
              "sizePercentY": 0.0112359552,
              "sizeType": 0,
              "tag": 1217,
              "touchAble": false,
              "useMergedTexture": false,
              "visible": true,
              "width": 679,
              "x": -15,
              "y": -88,
              "capInsetsHeight": 0,
              "capInsetsWidth": 0,
              "capInsetsX": 0,
              "capInsetsY": 0,
              "fileName": null,
              "fileNameData": {
                "path": "splitline.png",
                "plistFile": "",
                "resourceType": 1
              },
              "scale9Enable": false,
              "scale9Height": 8,
              "scale9Width": 679
            }
          },
          {
            "classname": "Button",
            "name": null,
            "children": [],
            "options": {
              "__type": "ButtonSurrogate:#EditorCommon.JsonModel.Component.GUI",
              "classname": "Button",
              "name": "close_btn",
              "ZOrder": 0,
              "actiontag": 34708,
              "anchorPointX": 0.5,
              "anchorPointY": 0.5,
              "classType": "Button",
              "colorB": 255,
              "colorG": 255,
              "colorR": 255,
              "customProperty": "",
              "flipX": false,
              "flipY": false,
              "height": 140,
              "ignoreSize": true,
              "layoutParameter": null,
              "opacity": 255,
              "positionPercentX": 0.457943916,
              "positionPercentY": 0.4255618,
              "positionType": 0,
              "rotation": 0,
              "scaleX": 0.75,
              "scaleY": 0.75,
              "sizePercentX": 0.1443406,
              "sizePercentY": 0.196629211,
              "sizeType": 0,
              "tag": 4653,
              "touchAble": true,
              "useMergedTexture": false,
              "visible": true,
              "width": 139,
              "x": 441,
              "y": 303,
              "capInsetsHeight": 1,
              "capInsetsWidth": 1,
              "capInsetsX": 0,
              "capInsetsY": 0,
              "disabled": null,
              "disabledData": {
                "path": null,
                "plistFile": null,
                "resourceType": 0
              },
              "fontName": "微软雅黑",
              "fontSize": 14,
              "fontType": 0,
              "normal": null,
              "normalData": {
                "path": "btn_close.png",
                "plistFile": "",
                "resourceType": 1
              },
              "pressed": null,
              "pressedData": {
                "path": "btn_close_pressed.png",
                "plistFile": "",
                "resourceType": 1
              },
              "scale9Enable": false,
              "scale9Height": 140,
              "scale9Width": 139,
              "text": "",
              "textColorB": 255,
              "textColorG": 255,
              "textColorR": 255
            }
          }
        ],
        "options": {
          "__type": "ImageViewSurrogate:#EditorCommon.JsonModel.Component.GUI",
          "classname": "ImageView",
          "name": "lvup_bg",
          "ZOrder": 1,
          "actiontag": 2290,
          "anchorPointX": 0.5,
          "anchorPointY": 0.5,
          "classType": "ImageView",
          "colorB": 255,
          "colorG": 255,
          "colorR": 255,
          "customProperty": "",
          "flipX": false,
          "flipY": false,
          "height": 712,
          "ignoreSize": true,
          "layoutParameter": null,
          "opacity": 255,
          "positionPercentX": 0.509375,
          "positionPercentY": 0.516666651,
          "positionType": 0,
          "rotation": 0,
          "scaleX": 1,
          "scaleY": 1,
          "sizePercentX": 0.7523438,
          "sizePercentY": 0.98888886,
          "sizeType": 0,
          "tag": 421,
          "touchAble": false,
          "useMergedTexture": false,
          "visible": true,
          "width": 963,
          "x": 652,
          "y": 372,
          "capInsetsHeight": 0,
          "capInsetsWidth": 0,
          "capInsetsX": 0,
          "capInsetsY": 0,
          "fileName": null,
          "fileNameData": {
            "path": "PvrCcz/m_bg/bg.pvr.ccz",
            "plistFile": "",
            "resourceType": 0
          },
          "scale9Enable": false,
          "scale9Height": 712,
          "scale9Width": 963
        }
      }
    ],
    "options": {
      "__type": "PanelSurrogate:#EditorCommon.JsonModel.Component.GUI",
      "classname": "Panel",
      "name": "lvup_panel",
      "ZOrder": 0,
      "actiontag": -1,
      "anchorPointX": 0,
      "anchorPointY": 0,
      "classType": "Panel",
      "colorB": 255,
      "colorG": 255,
      "colorR": 255,
      "customProperty": "",
      "flipX": false,
      "flipY": false,
      "height": 720,
      "ignoreSize": false,
      "layoutParameter": null,
      "opacity": 255,
      "positionPercentX": 0,
      "positionPercentY": 0,
      "positionType": 0,
      "rotation": 0,
      "scaleX": 1,
      "scaleY": 1,
      "sizePercentX": 0,
      "sizePercentY": 0,
      "sizeType": 0,
      "tag": 420,
      "touchAble": true,
      "useMergedTexture": false,
      "visible": true,
      "width": 1280,
      "x": 0,
      "y": 0,
      "adaptScreen": false,
      "backGroundImage": null,
      "backGroundImageData": null,
      "backGroundScale9Enable": false,
      "bgColorB": 255,
      "bgColorG": 255,
      "bgColorOpacity": 0,
      "bgColorR": 255,
      "bgEndColorB": 255,
      "bgEndColorG": 200,
      "bgEndColorR": 150,
      "bgStartColorB": 255,
      "bgStartColorG": 255,
      "bgStartColorR": 255,
      "capInsetsHeight": 0,
      "capInsetsWidth": 0,
      "capInsetsX": 0,
      "capInsetsY": 0,
      "clipAble": false,
      "colorType": 1,
      "layoutType": 0,
      "vectorX": 0,
      "vectorY": -0.5
    }
  }
}
