{
  "classname": null,
  "name": null,
  "animation": {
    "classname": null,
    "name": "AnimationManager",
    "actionlist": []
  },
  "dataScale": 1,
  "designHeight": 720,
  "designWidth": 1280,
  "textures": [],
  "version": "1.3.0.1",
  "widgetTree": {
    "classname": "Panel",
    "name": null,
    "children": [
      {
        "classname": "ImageView",
        "name": null,
        "children": [
          {
            "classname": "Label",
            "name": null,
            "children": [],
            "options": {
              "__type": "LabelSurrogate:#EditorCommon.JsonModel.Component.GUI",
              "classname": "Label",
              "name": "lbl_pub",
              "ZOrder": 1,
              "actiontag": 77035,
              "anchorPointX": 0.5,
              "anchorPointY": 0.5,
              "classType": "Label",
              "colorB": 250,
              "colorG": 230,
              "colorR": 242,
              "customProperty": "",
              "flipX": false,
              "flipY": false,
              "height": 47,
              "ignoreSize": true,
              "layoutParameter": null,
              "opacity": 255,
              "positionPercentX": 0.006849315,
              "positionPercentY": 0.0357142873,
              "positionType": 0,
              "rotation": 0,
              "scaleX": 1,
              "scaleY": 1,
              "sizePercentX": 0.7671233,
              "sizePercentY": 0.839285731,
              "sizeType": 0,
              "tag": 42425,
              "touchAble": false,
              "useMergedTexture": false,
              "visible": true,
              "width": 112,
              "x": 1,
              "y": 2,
              "areaHeight": 0,
              "areaWidth": 0,
              "fontFile": null,
              "fontName": "FZDaBiaoSong-B06S.ttf",
              "fontSize": 42,
              "hAlignment": 0,
              "text": "酒  馆",
              "touchScaleEnable": false,
              "vAlignment": 0
            }
          },
          {
            "classname": "Label",
            "name": null,
            "children": [],
            "options": {
              "__type": "LabelSurrogate:#EditorCommon.JsonModel.Component.GUI",
              "classname": "Label",
              "name": "lbl_pub_s",
              "ZOrder": 0,
              "actiontag": 77036,
              "anchorPointX": 0.5,
              "anchorPointY": 0.5,
              "classType": "Label",
              "colorB": 0,
              "colorG": 0,
              "colorR": 0,
              "customProperty": "",
              "flipX": false,
              "flipY": false,
              "height": 47,
              "ignoreSize": true,
              "layoutParameter": null,
              "opacity": 255,
              "positionPercentX": 0.02739726,
              "positionPercentY": -0.0178571437,
              "positionType": 0,
              "rotation": 0,
              "scaleX": 1,
              "scaleY": 1,
              "sizePercentX": 0.7671233,
              "sizePercentY": 0.839285731,
              "sizeType": 0,
              "tag": 42426,
              "touchAble": false,
              "useMergedTexture": false,
              "visible": true,
              "width": 112,
              "x": 4,
              "y": -1,
              "areaHeight": 0,
              "areaWidth": 0,
              "fontFile": null,
              "fontName": "FZDaBiaoSong-B06S.ttf",
              "fontSize": 42,
              "hAlignment": 0,
              "text": "酒  馆",
              "touchScaleEnable": false,
              "vAlignment": 0
            }
          }
        ],
        "options": {
          "__type": "ImageViewSurrogate:#EditorCommon.JsonModel.Component.GUI",
          "classname": "ImageView",
          "name": "img_pub",
          "ZOrder": 0,
          "actiontag": 77033,
          "anchorPointX": 0.5,
          "anchorPointY": 0.5,
          "classType": "ImageView",
          "colorB": 255,
          "colorG": 255,
          "colorR": 255,
          "customProperty": "",
          "flipX": false,
          "flipY": false,
          "height": 56,
          "ignoreSize": true,
          "layoutParameter": null,
          "opacity": 255,
          "positionPercentX": 0.05859375,
          "positionPercentY": 0.9611111,
          "positionType": 0,
          "rotation": 0,
          "scaleX": 1,
          "scaleY": 1,
          "sizePercentX": 0.1140625,
          "sizePercentY": 0.07777778,
          "sizeType": 0,
          "tag": 42423,
          "touchAble": false,
          "useMergedTexture": false,
          "visible": true,
          "width": 146,
          "x": 75,
          "y": 692,
          "capInsetsHeight": 1,
          "capInsetsWidth": 1,
          "capInsetsX": 0,
          "capInsetsY": 0,
          "fileName": null,
          "fileNameData": {
            "path": "pub_lbl_bg.png",
            "plistFile": "",
            "resourceType": 1
          },
          "scale9Enable": false,
          "scale9Height": 56,
          "scale9Width": 146
        }
      },
      {
        "classname": "ImageView",
        "name": null,
        "children": [],
        "options": {
          "__type": "ImageViewSurrogate:#EditorCommon.JsonModel.Component.GUI",
          "classname": "ImageView",
          "name": "img_pub_boss",
          "ZOrder": 0,
          "actiontag": 77491,
          "anchorPointX": 0.5,
          "anchorPointY": 0,
          "classType": "ImageView",
          "colorB": 255,
          "colorG": 255,
          "colorR": 255,
          "customProperty": "",
          "flipX": false,
          "flipY": false,
          "height": 720,
          "ignoreSize": true,
          "layoutParameter": null,
          "opacity": 255,
          "positionPercentX": 0.89453125,
          "positionPercentY": 0,
          "positionType": 0,
          "rotation": 0,
          "scaleX": 1,
          "scaleY": 1,
          "sizePercentX": 0.3421875,
          "sizePercentY": 1,
          "sizeType": 0,
          "tag": 42876,
          "touchAble": false,
          "useMergedTexture": false,
          "visible": true,
          "width": 438,
          "x": 1145,
          "y": 0,
          "capInsetsHeight": 1,
          "capInsetsWidth": 1,
          "capInsetsX": 0,
          "capInsetsY": 0,
          "fileName": null,
          "fileNameData": {
            "path": "PvrCcz/m_bg/pub_boss.pvr.ccz",
            "plistFile": "",
            "resourceType": 0
          },
          "scale9Enable": false,
          "scale9Height": 720,
          "scale9Width": 438
        }
      },
      {
        "classname": "Panel",
        "name": null,
        "children": [
          {
            "classname": "ScrollView",
            "name": null,
            "children": [],
            "options": {
              "__type": "ScrollViewSurrogate:#EditorCommon.JsonModel.Component.GUI",
              "classname": "ScrollView",
              "name": "itemlist",
              "ZOrder": 0,
              "actiontag": 78110,
              "anchorPointX": 0,
              "anchorPointY": 0,
              "classType": "ScrollView",
              "colorB": 255,
              "colorG": 255,
              "colorR": 255,
              "customProperty": "",
              "flipX": false,
              "flipY": false,
              "height": 500,
              "ignoreSize": false,
              "layoutParameter": null,
              "opacity": 255,
              "positionPercentX": 0,
              "positionPercentY": 0,
              "positionType": 0,
              "rotation": 0,
              "scaleX": 1,
              "scaleY": 1,
              "sizePercentX": 1,
              "sizePercentY": 1,
              "sizeType": 0,
              "tag": 43488,
              "touchAble": true,
              "useMergedTexture": false,
              "visible": true,
              "width": 940,
              "x": 0,
              "y": 0,
              "backGroundImage": null,
              "backGroundImageData": null,
              "backGroundScale9Enable": false,
              "bgColorB": 100,
              "bgColorG": 150,
              "bgColorOpacity": 0,
              "bgColorR": 255,
              "bgEndColorB": 100,
              "bgEndColorG": 150,
              "bgEndColorR": 255,
              "bgStartColorB": 255,
              "bgStartColorG": 255,
              "bgStartColorR": 255,
              "bounceEnable": false,
              "capInsetsHeight": 1,
              "capInsetsWidth": 1,
              "capInsetsX": 0,
              "capInsetsY": 0,
              "clipAble": false,
              "colorType": 1,
              "direction": 2,
              "innerHeight": 500,
              "innerWidth": 940,
              "layoutType": 0,
              "vectorX": 0,
              "vectorY": -0.5
            }
          },
          {
            "classname": "ImageView",
            "name": null,
            "children": [],
            "options": {
              "__type": "ImageViewSurrogate:#EditorCommon.JsonModel.Component.GUI",
              "classname": "ImageView",
              "name": "img_item_bar",
              "ZOrder": 1,
              "actiontag": 77037,
              "anchorPointX": 0.5,
              "anchorPointY": 0.5,
              "classType": "ImageView",
              "colorB": 255,
              "colorG": 255,
              "colorR": 255,
              "customProperty": "",
              "flipX": false,
              "flipY": false,
              "height": 550,
              "ignoreSize": false,
              "layoutParameter": null,
              "opacity": 255,
              "positionPercentX": 0.498936176,
              "positionPercentY": 0.498,
              "positionType": 0,
              "rotation": 0,
              "scaleX": 1,
              "scaleY": 1,
              "sizePercentX": 1.05212772,
              "sizePercentY": 1.1,
              "sizeType": 0,
              "tag": 42427,
              "touchAble": false,
              "useMergedTexture": false,
              "visible": true,
              "width": 989,
              "x": 469,
              "y": 249,
              "capInsetsHeight": 1,
              "capInsetsWidth": 1,
              "capInsetsX": 1,
              "capInsetsY": 100,
              "fileName": null,
              "fileNameData": {
                "path": "PvrCcz/m_bg/tool_item_bar.pvr.ccz",
                "plistFile": "",
                "resourceType": 0
              },
              "scale9Enable": true,
              "scale9Height": 550,
              "scale9Width": 989
            }
          }
        ],
        "options": {
          "__type": "PanelSurrogate:#EditorCommon.JsonModel.Component.GUI",
          "classname": "Panel",
          "name": "list_panel",
          "ZOrder": 0,
          "actiontag": 78002,
          "anchorPointX": 0,
          "anchorPointY": 0,
          "classType": "Panel",
          "colorB": 255,
          "colorG": 255,
          "colorR": 255,
          "customProperty": "",
          "flipX": false,
          "flipY": false,
          "height": 500,
          "ignoreSize": false,
          "layoutParameter": null,
          "opacity": 255,
          "positionPercentX": 0.015625,
          "positionPercentY": 0.206944451,
          "positionType": 0,
          "rotation": 0,
          "scaleX": 1,
          "scaleY": 1,
          "sizePercentX": 0.734375,
          "sizePercentY": 0.6944444,
          "sizeType": 0,
          "tag": 43385,
          "touchAble": false,
          "useMergedTexture": false,
          "visible": true,
          "width": 940,
          "x": 20,
          "y": 149,
          "adaptScreen": false,
          "backGroundImage": null,
          "backGroundImageData": null,
          "backGroundScale9Enable": false,
          "bgColorB": 0,
          "bgColorG": 0,
          "bgColorOpacity": 180,
          "bgColorR": 0,
          "bgEndColorB": 255,
          "bgEndColorG": 200,
          "bgEndColorR": 150,
          "bgStartColorB": 255,
          "bgStartColorG": 255,
          "bgStartColorR": 255,
          "capInsetsHeight": 1,
          "capInsetsWidth": 1,
          "capInsetsX": 0,
          "capInsetsY": 0,
          "clipAble": false,
          "colorType": 1,
          "layoutType": 0,
          "vectorX": 0,
          "vectorY": -0.5
        }
      },
      {
        "classname": "Button",
        "name": null,
        "children": [
          {
            "classname": "Label",
            "name": null,
            "children": [],
            "options": {
              "__type": "LabelSurrogate:#EditorCommon.JsonModel.Component.GUI",
              "classname": "Label",
              "name": "lbl_return",
              "ZOrder": 1,
              "actiontag": 77186,
              "anchorPointX": 0.5,
              "anchorPointY": 0.5,
              "classType": "Label",
              "colorB": 255,
              "colorG": 255,
              "colorR": 255,
              "customProperty": "",
              "flipX": false,
              "flipY": false,
              "height": 42,
              "ignoreSize": true,
              "layoutParameter": null,
              "opacity": 255,
              "positionPercentX": 0,
              "positionPercentY": 0,
              "positionType": 0,
              "rotation": 0,
              "scaleX": 1,
              "scaleY": 1,
              "sizePercentX": 0.566879,
              "sizePercentY": 0.545454562,
              "sizeType": 0,
              "tag": 42576,
              "touchAble": false,
              "useMergedTexture": false,
              "visible": true,
              "width": 89,
              "x": 0,
              "y": 0,
              "areaHeight": 0,
              "areaWidth": 0,
              "fontFile": null,
              "fontName": "FZDaBiaoSong-B06S.ttf",
              "fontSize": 38,
              "hAlignment": 0,
              "text": "返 回",
              "touchScaleEnable": false,
              "vAlignment": 0
            }
          },
          {
            "classname": "Label",
            "name": null,
            "children": [],
            "options": {
              "__type": "LabelSurrogate:#EditorCommon.JsonModel.Component.GUI",
              "classname": "Label",
              "name": "lbl_return_s",
              "ZOrder": 0,
              "actiontag": 77187,
              "anchorPointX": 0.5,
              "anchorPointY": 0.5,
              "classType": "Label",
              "colorB": 0,
              "colorG": 0,
              "colorR": 0,
              "customProperty": "",
              "flipX": false,
              "flipY": false,
              "height": 42,
              "ignoreSize": true,
              "layoutParameter": null,
              "opacity": 255,
              "positionPercentX": 0.0127388537,
              "positionPercentY": -0.0259740259,
              "positionType": 0,
              "rotation": 0,
              "scaleX": 1,
              "scaleY": 1,
              "sizePercentX": 0.566879,
              "sizePercentY": 0.545454562,
              "sizeType": 0,
              "tag": 42577,
              "touchAble": false,
              "useMergedTexture": false,
              "visible": true,
              "width": 89,
              "x": 2,
              "y": -2,
              "areaHeight": 0,
              "areaWidth": 0,
              "fontFile": null,
              "fontName": "FZDaBiaoSong-B06S.ttf",
              "fontSize": 38,
              "hAlignment": 0,
              "text": "返 回",
              "touchScaleEnable": false,
              "vAlignment": 0
            }
          }
        ],
        "options": {
          "__type": "ButtonSurrogate:#EditorCommon.JsonModel.Component.GUI",
          "classname": "Button",
          "name": "btn_return",
          "ZOrder": 1,
          "actiontag": 77185,
          "anchorPointX": 0.5,
          "anchorPointY": 0.5,
          "classType": "Button",
          "colorB": 255,
          "colorG": 255,
          "colorR": 255,
          "customProperty": "",
          "flipX": false,
          "flipY": false,
          "height": 77,
          "ignoreSize": true,
          "layoutParameter": null,
          "opacity": 255,
          "positionPercentX": 0.938281238,
          "positionPercentY": 0.055555556,
          "positionType": 0,
          "rotation": 0,
          "scaleX": 1,
          "scaleY": 1,
          "sizePercentX": 0.122656249,
          "sizePercentY": 0.106944442,
          "sizeType": 0,
          "tag": 42575,
          "touchAble": true,
          "useMergedTexture": false,
          "visible": true,
          "width": 157,
          "x": 1201,
          "y": 40,
          "capInsetsHeight": 1,
          "capInsetsWidth": 1,
          "capInsetsX": 0,
          "capInsetsY": 0,
          "disabled": null,
          "disabledData": {
            "path": "btn_brown_disabled.png",
            "plistFile": "",
            "resourceType": 1
          },
          "fontName": "微软雅黑",
          "fontSize": 14,
          "fontType": 0,
          "normal": null,
          "normalData": {
            "path": "btn_brown.png",
            "plistFile": "",
            "resourceType": 1
          },
          "pressed": null,
          "pressedData": {
            "path": "btn_brown_pressed.png",
            "plistFile": "",
            "resourceType": 1
          },
          "scale9Enable": false,
          "scale9Height": 77,
          "scale9Width": 157,
          "text": "",
          "textColorB": 255,
          "textColorG": 255,
          "textColorR": 255
        }
      },
      {
        "classname": "ImageView",
        "name": null,
        "children": [
          {
            "classname": "Label",
            "name": null,
            "children": [],
            "options": {
              "__type": "LabelSurrogate:#EditorCommon.JsonModel.Component.GUI",
              "classname": "Label",
              "name": "lbl_note_ask",
              "ZOrder": 0,
              "actiontag": 77489,
              "anchorPointX": 0.5,
              "anchorPointY": 0.5,
              "classType": "Label",
              "colorB": 255,
              "colorG": 255,
              "colorR": 255,
              "customProperty": "",
              "flipX": false,
              "flipY": false,
              "height": 23,
              "ignoreSize": true,
              "layoutParameter": null,
              "opacity": 255,
              "positionPercentX": 0.00512820529,
              "positionPercentY": -0.0714285746,
              "positionType": 0,
              "rotation": 0,
              "scaleX": 1,
              "scaleY": 1,
              "sizePercentX": 0.7,
              "sizePercentY": 0.547619045,
              "sizeType": 0,
              "tag": 42874,
              "touchAble": false,
              "useMergedTexture": false,
              "visible": true,
              "width": 273,
              "x": 2,
              "y": -3,
              "areaHeight": 0,
              "areaWidth": 0,
              "fontFile": null,
              "fontName": "FZDaBiaoSong-B06S.ttf",
              "fontSize": 20,
              "hAlignment": 0,
              "text": " 后免费,可获得英雄消息或资源",
              "touchScaleEnable": false,
              "vAlignment": 0
            }
          }
        ],
        "options": {
          "__type": "ImageViewSurrogate:#EditorCommon.JsonModel.Component.GUI",
          "classname": "ImageView",
          "name": "img_note_ask",
          "ZOrder": 0,
          "actiontag": 77487,
          "anchorPointX": 0.5,
          "anchorPointY": 0.5,
          "classType": "ImageView",
          "colorB": 255,
          "colorG": 255,
          "colorR": 255,
          "customProperty": "",
          "flipX": false,
          "flipY": false,
          "height": 42,
          "ignoreSize": false,
          "layoutParameter": null,
          "opacity": 255,
          "positionPercentX": 0.208593756,
          "positionPercentY": 0.027777778,
          "positionType": 0,
          "rotation": 0,
          "scaleX": 1,
          "scaleY": 1,
          "sizePercentX": 0.3046875,
          "sizePercentY": 0.0583333336,
          "sizeType": 0,
          "tag": 42872,
          "touchAble": false,
          "useMergedTexture": false,
          "visible": true,
          "width": 390,
          "x": 267,
          "y": 20,
          "capInsetsHeight": 1,
          "capInsetsWidth": 1,
          "capInsetsX": 0,
          "capInsetsY": 0,
          "fileName": null,
          "fileNameData": {
            "path": "lbl_chat.png",
            "plistFile": "",
            "resourceType": 1
          },
          "scale9Enable": false,
          "scale9Height": 42,
          "scale9Width": 390
        }
      },
      {
        "classname": "ImageView",
        "name": null,
        "children": [
          {
            "classname": "Label",
            "name": null,
            "children": [],
            "options": {
              "__type": "LabelSurrogate:#EditorCommon.JsonModel.Component.GUI",
              "classname": "Label",
              "name": "lbl_note_buy",
              "ZOrder": 0,
              "actiontag": 77490,
              "anchorPointX": 0.5,
              "anchorPointY": 0.5,
              "classType": "Label",
              "colorB": 255,
              "colorG": 255,
              "colorR": 255,
              "customProperty": "",
              "flipX": false,
              "flipY": false,
              "height": 23,
              "ignoreSize": true,
              "layoutParameter": null,
              "opacity": 255,
              "positionPercentX": 0,
              "positionPercentY": -0.0714285746,
              "positionType": 0,
              "rotation": 0,
              "scaleX": 1,
              "scaleY": 1,
              "sizePercentX": 0.8588957,
              "sizePercentY": 0.547619045,
              "sizeType": 0,
              "tag": 42875,
              "touchAble": false,
              "useMergedTexture": false,
              "visible": true,
              "width": 280,
              "x": 0,
              "y": -3,
              "areaHeight": 0,
              "areaWidth": 0,
              "fontFile": null,
              "fontName": "FZDaBiaoSong-B06S.ttf",
              "fontSize": 20,
              "hAlignment": 0,
              "text": "必获得大量英雄消息或稀有资源",
              "touchScaleEnable": false,
              "vAlignment": 0
            }
          }
        ],
        "options": {
          "__type": "ImageViewSurrogate:#EditorCommon.JsonModel.Component.GUI",
          "classname": "ImageView",
          "name": "img_note_buy",
          "ZOrder": 0,
          "actiontag": 77488,
          "anchorPointX": 0.5,
          "anchorPointY": 0.5,
          "classType": "ImageView",
          "colorB": 255,
          "colorG": 255,
          "colorR": 255,
          "customProperty": "",
          "flipX": false,
          "flipY": false,
          "height": 42,
          "ignoreSize": true,
          "layoutParameter": null,
          "opacity": 255,
          "positionPercentX": 0.55078125,
          "positionPercentY": 0.027777778,
          "positionType": 0,
          "rotation": 0,
          "scaleX": 1,
          "scaleY": 1,
          "sizePercentX": 0.2546875,
          "sizePercentY": 0.0583333336,
          "sizeType": 0,
          "tag": 42873,
          "touchAble": false,
          "useMergedTexture": false,
          "visible": true,
          "width": 326,
          "x": 705,
          "y": 20,
          "capInsetsHeight": 1,
          "capInsetsWidth": 1,
          "capInsetsX": 0,
          "capInsetsY": 0,
          "fileName": null,
          "fileNameData": {
            "path": "lbl_chat.png",
            "plistFile": "",
            "resourceType": 1
          },
          "scale9Enable": false,
          "scale9Height": 42,
          "scale9Width": 326
        }
      },
      {
        "classname": "Button",
        "name": null,
        "children": [
          {
            "classname": "Label",
            "name": null,
            "children": [],
            "options": {
              "__type": "LabelSurrogate:#EditorCommon.JsonModel.Component.GUI",
              "classname": "Label",
              "name": "lbl_buymsg",
              "ZOrder": 1,
              "actiontag": 77525,
              "anchorPointX": 0.5,
              "anchorPointY": 0.5,
              "classType": "Label",
              "colorB": 22,
              "colorG": 49,
              "colorR": 83,
              "customProperty": "",
              "flipX": false,
              "flipY": false,
              "height": 36,
              "ignoreSize": true,
              "layoutParameter": null,
              "opacity": 255,
              "positionPercentX": 0,
              "positionPercentY": 0.1764706,
              "positionType": 0,
              "rotation": 0,
              "scaleX": 1,
              "scaleY": 1,
              "sizePercentX": 0.6497462,
              "sizePercentY": 0.30252102,
              "sizeType": 0,
              "tag": 42910,
              "touchAble": false,
              "useMergedTexture": false,
              "visible": true,
              "width": 128,
              "x": 0,
              "y": 21,
              "areaHeight": 0,
              "areaWidth": 0,
              "fontFile": null,
              "fontName": "FZDaBiaoSong-B06S.ttf",
              "fontSize": 32,
              "hAlignment": 0,
              "text": "重金打探",
              "touchScaleEnable": false,
              "vAlignment": 0
            }
          },
          {
            "classname": "ImageView",
            "name": null,
            "children": [],
            "options": {
              "__type": "ImageViewSurrogate:#EditorCommon.JsonModel.Component.GUI",
              "classname": "ImageView",
              "name": "img_buy_coin",
              "ZOrder": 2,
              "actiontag": 77526,
              "anchorPointX": 0.5,
              "anchorPointY": 0.5,
              "classType": "ImageView",
              "colorB": 255,
              "colorG": 255,
              "colorR": 255,
              "customProperty": "",
              "flipX": false,
              "flipY": false,
              "height": 89,
              "ignoreSize": true,
              "layoutParameter": null,
              "opacity": 255,
              "positionPercentX": -0.162436545,
              "positionPercentY": -0.1764706,
              "positionType": 0,
              "rotation": 0,
              "scaleX": 0.48,
              "scaleY": 0.48,
              "sizePercentX": 0.421319783,
              "sizePercentY": 0.7478992,
              "sizeType": 0,
              "tag": 42911,
              "touchAble": false,
              "useMergedTexture": false,
              "visible": true,
              "width": 83,
              "x": -32,
              "y": -21,
              "capInsetsHeight": 1,
              "capInsetsWidth": 1,
              "capInsetsX": 0,
              "capInsetsY": 0,
              "fileName": null,
              "fileNameData": {
                "path": "icon_jewel.png",
                "plistFile": "",
                "resourceType": 1
              },
              "scale9Enable": false,
              "scale9Height": 89,
              "scale9Width": 83
            }
          },
          {
            "classname": "Label",
            "name": null,
            "children": [],
            "options": {
              "__type": "LabelSurrogate:#EditorCommon.JsonModel.Component.GUI",
              "classname": "Label",
              "name": "lbl_buy_coin",
              "ZOrder": 0,
              "actiontag": 77529,
              "anchorPointX": 0.5,
              "anchorPointY": 0.5,
              "classType": "Label",
              "colorB": 22,
              "colorG": 49,
              "colorR": 83,
              "customProperty": "",
              "flipX": false,
              "flipY": false,
              "height": 36,
              "ignoreSize": true,
              "layoutParameter": null,
              "opacity": 255,
              "positionPercentX": 0.121827409,
              "positionPercentY": -0.184873953,
              "positionType": 0,
              "rotation": 0,
              "scaleX": 1,
              "scaleY": 1,
              "sizePercentX": 0.101522841,
              "sizePercentY": 0.30252102,
              "sizeType": 0,
              "tag": 42914,
              "touchAble": false,
              "useMergedTexture": false,
              "visible": true,
              "width": 20,
              "x": 24,
              "y": -22,
              "areaHeight": 0,
              "areaWidth": 0,
              "fontFile": null,
              "fontName": "Britannic Bold.ttf",
              "fontSize": 32,
              "hAlignment": 0,
              "text": "1",
              "touchScaleEnable": false,
              "vAlignment": 0
            }
          }
        ],
        "options": {
          "__type": "ButtonSurrogate:#EditorCommon.JsonModel.Component.GUI",
          "classname": "Button",
          "name": "btn_buymsg",
          "ZOrder": 1,
          "actiontag": 77524,
          "anchorPointX": 0.5,
          "anchorPointY": 0.5,
          "classType": "Button",
          "colorB": 255,
          "colorG": 255,
          "colorR": 255,
          "customProperty": "",
          "flipX": false,
          "flipY": false,
          "height": 119,
          "ignoreSize": true,
          "layoutParameter": null,
          "opacity": 255,
          "positionPercentX": 0.553906262,
          "positionPercentY": 0.1125,
          "positionType": 0,
          "rotation": 0,
          "scaleX": 1,
          "scaleY": 1,
          "sizePercentX": 0.153906256,
          "sizePercentY": 0.165277779,
          "sizeType": 0,
          "tag": 42909,
          "touchAble": true,
          "useMergedTexture": false,
          "visible": true,
          "width": 197,
          "x": 709,
          "y": 81,
          "capInsetsHeight": 1,
          "capInsetsWidth": 1,
          "capInsetsX": 0,
          "capInsetsY": 0,
          "disabled": null,
          "disabledData": {
            "path": "btn_mail.png",
            "plistFile": "",
            "resourceType": 1
          },
          "fontName": "微软雅黑",
          "fontSize": 14,
          "fontType": 0,
          "normal": null,
          "normalData": {
            "path": "btn_mail.png",
            "plistFile": "",
            "resourceType": 1
          },
          "pressed": null,
          "pressedData": {
            "path": "btn_mail_pressed.png",
            "plistFile": "",
            "resourceType": 1
          },
          "scale9Enable": false,
          "scale9Height": 119,
          "scale9Width": 197,
          "text": "",
          "textColorB": 255,
          "textColorG": 255,
          "textColorR": 255
        }
      },
      {
        "classname": "Button",
        "name": null,
        "children": [
          {
            "classname": "Label",
            "name": null,
            "children": [],
            "options": {
              "__type": "LabelSurrogate:#EditorCommon.JsonModel.Component.GUI",
              "classname": "Label",
              "name": "lbl_askmsg",
              "ZOrder": 1,
              "actiontag": 77531,
              "anchorPointX": 0.5,
              "anchorPointY": 0.5,
              "classType": "Label",
              "colorB": 22,
              "colorG": 49,
              "colorR": 83,
              "customProperty": "",
              "flipX": false,
              "flipY": false,
              "height": 36,
              "ignoreSize": true,
              "layoutParameter": null,
              "opacity": 255,
              "positionPercentX": 0,
              "positionPercentY": 0.1764706,
              "positionType": 0,
              "rotation": 0,
              "scaleX": 1,
              "scaleY": 1,
              "sizePercentX": 0.6497462,
              "sizePercentY": 0.30252102,
              "sizeType": 0,
              "tag": 42916,
              "touchAble": false,
              "useMergedTexture": false,
              "visible": true,
              "width": 128,
              "x": 0,
              "y": 21,
              "areaHeight": 0,
              "areaWidth": 0,
              "fontFile": null,
              "fontName": "FZDaBiaoSong-B06S.ttf",
              "fontSize": 32,
              "hAlignment": 0,
              "text": "消息打探",
              "touchScaleEnable": false,
              "vAlignment": 0
            }
          },
          {
            "classname": "ImageView",
            "name": null,
            "children": [],
            "options": {
              "__type": "ImageViewSurrogate:#EditorCommon.JsonModel.Component.GUI",
              "classname": "ImageView",
              "name": "img_ask_coin",
              "ZOrder": 2,
              "actiontag": 77532,
              "anchorPointX": 0.5,
              "anchorPointY": 0.5,
              "classType": "ImageView",
              "colorB": 255,
              "colorG": 255,
              "colorR": 255,
              "customProperty": "",
              "flipX": false,
              "flipY": false,
              "height": 89,
              "ignoreSize": true,
              "layoutParameter": null,
              "opacity": 255,
              "positionPercentX": -0.162436545,
              "positionPercentY": -0.1764706,
              "positionType": 0,
              "rotation": 0,
              "scaleX": 0.48,
              "scaleY": 0.48,
              "sizePercentX": 0.421319783,
              "sizePercentY": 0.7478992,
              "sizeType": 0,
              "tag": 42917,
              "touchAble": false,
              "useMergedTexture": false,
              "visible": false,
              "width": 83,
              "x": -32,
              "y": -21,
              "capInsetsHeight": 1,
              "capInsetsWidth": 1,
              "capInsetsX": 0,
              "capInsetsY": 0,
              "fileName": null,
              "fileNameData": {
                "path": "icon_jewel.png",
                "plistFile": "",
                "resourceType": 1
              },
              "scale9Enable": false,
              "scale9Height": 89,
              "scale9Width": 83
            }
          },
          {
            "classname": "Label",
            "name": null,
            "children": [],
            "options": {
              "__type": "LabelSurrogate:#EditorCommon.JsonModel.Component.GUI",
              "classname": "Label",
              "name": "lbl_ask_coin",
              "ZOrder": 0,
              "actiontag": 77533,
              "anchorPointX": 0.5,
              "anchorPointY": 0.5,
              "classType": "Label",
              "colorB": 22,
              "colorG": 49,
              "colorR": 83,
              "customProperty": "",
              "flipX": false,
              "flipY": false,
              "height": 36,
              "ignoreSize": true,
              "layoutParameter": null,
              "opacity": 255,
              "positionPercentX": 0.121827409,
              "positionPercentY": -0.184873953,
              "positionType": 0,
              "rotation": 0,
              "scaleX": 1,
              "scaleY": 1,
              "sizePercentX": 0.101522841,
              "sizePercentY": 0.30252102,
              "sizeType": 0,
              "tag": 42918,
              "touchAble": false,
              "useMergedTexture": false,
              "visible": false,
              "width": 20,
              "x": 24,
              "y": -22,
              "areaHeight": 0,
              "areaWidth": 0,
              "fontFile": null,
              "fontName": "Britannic Bold.ttf",
              "fontSize": 32,
              "hAlignment": 0,
              "text": "1",
              "touchScaleEnable": false,
              "vAlignment": 0
            }
          },
          {
            "classname": "Panel",
            "name": null,
            "children": [
              {
                "classname": "Label",
                "name": null,
                "children": [],
                "options": {
                  "__type": "LabelSurrogate:#EditorCommon.JsonModel.Component.GUI",
                  "classname": "Label",
                  "name": "lbl_state",
                  "ZOrder": 0,
                  "actiontag": 102089,
                  "anchorPointX": 0,
                  "anchorPointY": 0.5,
                  "classType": "Label",
                  "colorB": 0,
                  "colorG": 128,
                  "colorR": 0,
                  "customProperty": "",
                  "flipX": false,
                  "flipY": false,
                  "height": 29,
                  "ignoreSize": true,
                  "layoutParameter": null,
                  "opacity": 255,
                  "positionPercentX": 0.166666672,
                  "positionPercentY": 0.5,
                  "positionType": 0,
                  "rotation": 0,
                  "scaleX": 1,
                  "scaleY": 1,
                  "sizePercentX": 0.6666667,
                  "sizePercentY": 0.725,
                  "sizeType": 0,
                  "tag": 64620,
                  "touchAble": false,
                  "useMergedTexture": false,
                  "visible": true,
                  "width": 60,
                  "x": 15,
                  "y": 20,
                  "areaHeight": 0,
                  "areaWidth": 0,
                  "fontFile": null,
                  "fontName": "FZDaBiaoSong-B06S.ttf",
                  "fontSize": 26,
                  "hAlignment": 0,
                  "text": "免费!",
                  "touchScaleEnable": false,
                  "vAlignment": 0
                }
              },
              {
                "classname": "ImageView",
                "name": null,
                "children": [],
                "options": {
                  "__type": "ImageViewSurrogate:#EditorCommon.JsonModel.Component.GUI",
                  "classname": "ImageView",
                  "name": "img_stamp",
                  "ZOrder": 3,
                  "actiontag": 102090,
                  "anchorPointX": 0,
                  "anchorPointY": 0.5,
                  "classType": "ImageView",
                  "colorB": 0,
                  "colorG": 128,
                  "colorR": 0,
                  "customProperty": "",
                  "flipX": false,
                  "flipY": false,
                  "height": 40,
                  "ignoreSize": false,
                  "layoutParameter": null,
                  "opacity": 255,
                  "positionPercentX": 0.0222222228,
                  "positionPercentY": 0.5,
                  "positionType": 0,
                  "rotation": 0,
                  "scaleX": 1.25,
                  "scaleY": 1,
                  "sizePercentX": 0.7777778,
                  "sizePercentY": 1,
                  "sizeType": 0,
                  "tag": 64621,
                  "touchAble": false,
                  "useMergedTexture": false,
                  "visible": true,
                  "width": 70,
                  "x": 2,
                  "y": 20,
                  "capInsetsHeight": 1,
                  "capInsetsWidth": 30,
                  "capInsetsX": 5,
                  "capInsetsY": 5,
                  "fileName": null,
                  "fileNameData": {
                    "path": "stamp_bar.png",
                    "plistFile": "",
                    "resourceType": 1
                  },
                  "scale9Enable": false,
                  "scale9Height": 40,
                  "scale9Width": 70
                }
              }
            ],
            "options": {
              "__type": "PanelSurrogate:#EditorCommon.JsonModel.Component.GUI",
              "classname": "Panel",
              "name": "free_panel",
              "ZOrder": 2,
              "actiontag": 102088,
              "anchorPointX": 0,
              "anchorPointY": 0,
              "classType": "Panel",
              "colorB": 255,
              "colorG": 255,
              "colorR": 255,
              "customProperty": "",
              "flipX": false,
              "flipY": false,
              "height": 40,
              "ignoreSize": false,
              "layoutParameter": null,
              "opacity": 255,
              "positionPercentX": -0.238578677,
              "positionPercentY": -0.319327742,
              "positionType": 0,
              "rotation": 0,
              "scaleX": 1,
              "scaleY": 1,
              "sizePercentX": 0.4568528,
              "sizePercentY": 0.336134464,
              "sizeType": 0,
              "tag": 64619,
              "touchAble": false,
              "useMergedTexture": false,
              "visible": true,
              "width": 90,
              "x": -47,
              "y": -38,
              "adaptScreen": false,
              "backGroundImage": null,
              "backGroundImageData": null,
              "backGroundScale9Enable": false,
              "bgColorB": 255,
              "bgColorG": 255,
              "bgColorOpacity": 80,
              "bgColorR": 255,
              "bgEndColorB": 255,
              "bgEndColorG": 200,
              "bgEndColorR": 150,
              "bgStartColorB": 255,
              "bgStartColorG": 255,
              "bgStartColorR": 255,
              "capInsetsHeight": 1,
              "capInsetsWidth": 1,
              "capInsetsX": 0,
              "capInsetsY": 0,
              "clipAble": false,
              "colorType": 1,
              "layoutType": 0,
              "vectorX": 0,
              "vectorY": -0.5
            }
          }
        ],
        "options": {
          "__type": "ButtonSurrogate:#EditorCommon.JsonModel.Component.GUI",
          "classname": "Button",
          "name": "btn_askmsg",
          "ZOrder": 1,
          "actiontag": 77530,
          "anchorPointX": 0.5,
          "anchorPointY": 0.5,
          "classType": "Button",
          "colorB": 255,
          "colorG": 255,
          "colorR": 255,
          "customProperty": "",
          "flipX": false,
          "flipY": false,
          "height": 119,
          "ignoreSize": true,
          "layoutParameter": null,
          "opacity": 255,
          "positionPercentX": 0.209375,
          "positionPercentY": 0.1125,
          "positionType": 0,
          "rotation": 0,
          "scaleX": 1,
          "scaleY": 1,
          "sizePercentX": 0.153906256,
          "sizePercentY": 0.165277779,
          "sizeType": 0,
          "tag": 42915,
          "touchAble": true,
          "useMergedTexture": false,
          "visible": true,
          "width": 197,
          "x": 268,
          "y": 81,
          "capInsetsHeight": 1,
          "capInsetsWidth": 1,
          "capInsetsX": 0,
          "capInsetsY": 0,
          "disabled": null,
          "disabledData": {
            "path": "btn_mail.png",
            "plistFile": "",
            "resourceType": 1
          },
          "fontName": "微软雅黑",
          "fontSize": 14,
          "fontType": 0,
          "normal": null,
          "normalData": {
            "path": "btn_mail.png",
            "plistFile": "",
            "resourceType": 1
          },
          "pressed": null,
          "pressedData": {
            "path": "btn_mail_pressed.png",
            "plistFile": "",
            "resourceType": 1
          },
          "scale9Enable": false,
          "scale9Height": 119,
          "scale9Width": 197,
          "text": "",
          "textColorB": 255,
          "textColorG": 255,
          "textColorR": 255
        }
      },
      {
        "classname": "Panel",
        "name": null,
        "children": [
          {
            "classname": "ImageView",
            "name": null,
            "children": [
              {
                "classname": "ImageView",
                "name": null,
                "children": [
                  {
                    "classname": "Panel",
                    "name": null,
                    "children": [
                      {
                        "classname": "Label",
                        "name": null,
                        "children": [],
                        "options": {
                          "__type": "LabelSurrogate:#EditorCommon.JsonModel.Component.GUI",
                          "classname": "Label",
                          "name": "lbl_note_txt1",
                          "ZOrder": 0,
                          "actiontag": 78023,
                          "anchorPointX": 0.5,
                          "anchorPointY": 0.5,
                          "classType": "Label",
                          "colorB": 255,
                          "colorG": 255,
                          "colorR": 255,
                          "customProperty": "",
                          "flipX": false,
                          "flipY": false,
                          "height": 41,
                          "ignoreSize": true,
                          "layoutParameter": {
                            "classname": null,
                            "name": null,
                            "align": 0,
                            "gravity": 5,
                            "layoutEageType": 0,
                            "layoutNormalHorizontal": 0,
                            "layoutNormalVertical": 0,
                            "layoutParentHorizontal": 0,
                            "layoutParentVertical": 0,
                            "marginDown": 0,
                            "marginLeft": 0,
                            "marginRight": 0,
                            "marginTop": 0,
                            "relativeName": "lbl_note_txt1",
                            "relativeToName": "txt_panel",
                            "type": 1
                          },
                          "opacity": 255,
                          "positionPercentX": 0.18,
                          "positionPercentY": 0.5,
                          "positionType": 0,
                          "rotation": 0,
                          "scaleX": 1,
                          "scaleY": 1,
                          "sizePercentX": 0.36,
                          "sizePercentY": 1.025,
                          "sizeType": 0,
                          "tag": 43406,
                          "touchAble": false,
                          "useMergedTexture": false,
                          "visible": true,
                          "width": 216,
                          "x": 108,
                          "y": 20,
                          "areaHeight": 0,
                          "areaWidth": 0,
                          "fontFile": null,
                          "fontName": "FZDaBiaoSong-B06S.ttf",
                          "fontSize": 36,
                          "hAlignment": 0,
                          "text": "是否确认花费",
                          "touchScaleEnable": false,
                          "vAlignment": 0
                        }
                      },
                      {
                        "classname": "ImageView",
                        "name": null,
                        "children": [],
                        "options": {
                          "__type": "ImageViewSurrogate:#EditorCommon.JsonModel.Component.GUI",
                          "classname": "ImageView",
                          "name": "img_note_coin",
                          "ZOrder": 0,
                          "actiontag": 78016,
                          "anchorPointX": 0.5,
                          "anchorPointY": 0.5,
                          "classType": "ImageView",
                          "colorB": 255,
                          "colorG": 255,
                          "colorR": 255,
                          "customProperty": "",
                          "flipX": false,
                          "flipY": false,
                          "height": 89,
                          "ignoreSize": true,
                          "layoutParameter": {
                            "classname": null,
                            "name": null,
                            "align": 0,
                            "gravity": 5,
                            "layoutEageType": 0,
                            "layoutNormalHorizontal": 0,
                            "layoutNormalVertical": 0,
                            "layoutParentHorizontal": 0,
                            "layoutParentVertical": 0,
                            "marginDown": 0,
                            "marginLeft": 0,
                            "marginRight": 0,
                            "marginTop": 0,
                            "relativeName": "img_note_coin",
                            "relativeToName": "txt_panel",
                            "type": 1
                          },
                          "opacity": 255,
                          "positionPercentX": 0.429166675,
                          "positionPercentY": 0.5,
                          "positionType": 0,
                          "rotation": 0,
                          "scaleX": 0.65,
                          "scaleY": 0.65,
                          "sizePercentX": 0.138333336,
                          "sizePercentY": 2.225,
                          "sizeType": 0,
                          "tag": 43399,
                          "touchAble": false,
                          "useMergedTexture": false,
                          "visible": true,
                          "width": 83,
                          "x": 257,
                          "y": 43,
                          "capInsetsHeight": 1,
                          "capInsetsWidth": 1,
                          "capInsetsX": 0,
                          "capInsetsY": 0,
                          "fileName": null,
                          "fileNameData": {
                            "path": "icon_jewel.png",
                            "plistFile": "",
                            "resourceType": 1
                          },
                          "scale9Enable": false,
                          "scale9Height": 89,
                          "scale9Width": 83
                        }
                      },
                      {
                        "classname": "Label",
                        "name": null,
                        "children": [],
                        "options": {
                          "__type": "LabelSurrogate:#EditorCommon.JsonModel.Component.GUI",
                          "classname": "Label",
                          "name": "lbl_note_txt_2",
                          "ZOrder": 0,
                          "actiontag": 78005,
                          "anchorPointX": 0,
                          "anchorPointY": 0.5,
                          "classType": "Label",
                          "colorB": 255,
                          "colorG": 255,
                          "colorR": 255,
                          "customProperty": "",
                          "flipX": false,
                          "flipY": false,
                          "height": 41,
                          "ignoreSize": true,
                          "layoutParameter": {
                            "classname": null,
                            "name": null,
                            "align": 0,
                            "gravity": 5,
                            "layoutEageType": 0,
                            "layoutNormalHorizontal": 0,
                            "layoutNormalVertical": 0,
                            "layoutParentHorizontal": 0,
                            "layoutParentVertical": 0,
                            "marginDown": 0,
                            "marginLeft": 0,
                            "marginRight": 0,
                            "marginTop": 0,
                            "relativeName": "lbl_note_txt_2",
                            "relativeToName": "txt_panel",
                            "type": 1
                          },
                          "opacity": 255,
                          "positionPercentX": 0.498333335,
                          "positionPercentY": 0.5,
                          "positionType": 0,
                          "rotation": 0,
                          "scaleX": 1,
                          "scaleY": 1,
                          "sizePercentX": 0.46,
                          "sizePercentY": 1.025,
                          "sizeType": 0,
                          "tag": 43388,
                          "touchAble": false,
                          "useMergedTexture": false,
                          "visible": true,
                          "width": 276,
                          "x": 299,
                          "y": 20,
                          "areaHeight": 0,
                          "areaWidth": 0,
                          "fontFile": null,
                          "fontName": "FZDaBiaoSong-B06S.ttf",
                          "fontSize": 36,
                          "hAlignment": 0,
                          "text": "99 雇佣 吉克斯？",
                          "touchScaleEnable": false,
                          "vAlignment": 0
                        }
                      }
                    ],
                    "options": {
                      "__type": "PanelSurrogate:#EditorCommon.JsonModel.Component.GUI",
                      "classname": "Panel",
                      "name": "txt_panel",
                      "ZOrder": 1,
                      "actiontag": 78045,
                      "anchorPointX": 0,
                      "anchorPointY": 0,
                      "classType": "Panel",
                      "colorB": 255,
                      "colorG": 255,
                      "colorR": 255,
                      "customProperty": "",
                      "flipX": false,
                      "flipY": false,
                      "height": 40,
                      "ignoreSize": false,
                      "layoutParameter": null,
                      "opacity": 255,
                      "positionPercentX": 0.0789473653,
                      "positionPercentY": 0.05846154,
                      "positionType": 0,
                      "rotation": 0,
                      "scaleX": 1,
                      "scaleY": 1,
                      "sizePercentX": 0.7894737,
                      "sizePercentY": 0.123076923,
                      "sizeType": 0,
                      "tag": 43428,
                      "touchAble": false,
                      "useMergedTexture": false,
                      "visible": true,
                      "width": 600,
                      "x": 60,
                      "y": 19,
                      "adaptScreen": false,
                      "backGroundImage": null,
                      "backGroundImageData": null,
                      "backGroundScale9Enable": false,
                      "bgColorB": 255,
                      "bgColorG": 200,
                      "bgColorOpacity": 0,
                      "bgColorR": 150,
                      "bgEndColorB": 255,
                      "bgEndColorG": 200,
                      "bgEndColorR": 150,
                      "bgStartColorB": 255,
                      "bgStartColorG": 255,
                      "bgStartColorR": 255,
                      "capInsetsHeight": 1,
                      "capInsetsWidth": 1,
                      "capInsetsX": 0,
                      "capInsetsY": 0,
                      "clipAble": false,
                      "colorType": 1,
                      "layoutType": 2,
                      "vectorX": 0,
                      "vectorY": -0.5
                    }
                  },
                  {
                    "classname": "Button",
                    "name": null,
                    "children": [
                      {
                        "classname": "Label",
                        "name": null,
                        "children": [],
                        "options": {
                          "__type": "LabelSurrogate:#EditorCommon.JsonModel.Component.GUI",
                          "classname": "Label",
                          "name": "lbl_yes",
                          "ZOrder": 3,
                          "actiontag": 78011,
                          "anchorPointX": 0.5,
                          "anchorPointY": 0.5,
                          "classType": "Label",
                          "colorB": 255,
                          "colorG": 255,
                          "colorR": 255,
                          "customProperty": "",
                          "flipX": false,
                          "flipY": false,
                          "height": 41,
                          "ignoreSize": true,
                          "layoutParameter": null,
                          "opacity": 255,
                          "positionPercentX": 0,
                          "positionPercentY": 0.0259740259,
                          "positionType": 0,
                          "rotation": 0,
                          "scaleX": 1,
                          "scaleY": 1,
                          "sizePercentX": 0.611465,
                          "sizePercentY": 0.532467544,
                          "sizeType": 0,
                          "tag": 43394,
                          "touchAble": false,
                          "useMergedTexture": false,
                          "visible": true,
                          "width": 96,
                          "x": 0,
                          "y": 2,
                          "areaHeight": 0,
                          "areaWidth": 0,
                          "fontFile": null,
                          "fontName": "FZDaBiaoSong-B06S.ttf",
                          "fontSize": 36,
                          "hAlignment": 0,
                          "text": "确  认",
                          "touchScaleEnable": false,
                          "vAlignment": 0
                        }
                      },
                      {
                        "classname": "Label",
                        "name": null,
                        "children": [],
                        "options": {
                          "__type": "LabelSurrogate:#EditorCommon.JsonModel.Component.GUI",
                          "classname": "Label",
                          "name": "lbl_yes_s",
                          "ZOrder": 2,
                          "actiontag": 78012,
                          "anchorPointX": 0.5,
                          "anchorPointY": 0.5,
                          "classType": "Label",
                          "colorB": 0,
                          "colorG": 0,
                          "colorR": 0,
                          "customProperty": "",
                          "flipX": false,
                          "flipY": false,
                          "height": 41,
                          "ignoreSize": true,
                          "layoutParameter": null,
                          "opacity": 255,
                          "positionPercentX": 0.01910828,
                          "positionPercentY": -0.012987013,
                          "positionType": 0,
                          "rotation": 0,
                          "scaleX": 1,
                          "scaleY": 1,
                          "sizePercentX": 0.611465,
                          "sizePercentY": 0.532467544,
                          "sizeType": 0,
                          "tag": 43395,
                          "touchAble": false,
                          "useMergedTexture": false,
                          "visible": true,
                          "width": 96,
                          "x": 3,
                          "y": -1,
                          "areaHeight": 0,
                          "areaWidth": 0,
                          "fontFile": null,
                          "fontName": "FZDaBiaoSong-B06S.ttf",
                          "fontSize": 36,
                          "hAlignment": 0,
                          "text": "确  认",
                          "touchScaleEnable": false,
                          "vAlignment": 0
                        }
                      }
                    ],
                    "options": {
                      "__type": "ButtonSurrogate:#EditorCommon.JsonModel.Component.GUI",
                      "classname": "Button",
                      "name": "btn_yes",
                      "ZOrder": 1,
                      "actiontag": 78010,
                      "anchorPointX": 0.5,
                      "anchorPointY": 0.5,
                      "classType": "Button",
                      "colorB": 255,
                      "colorG": 255,
                      "colorR": 255,
                      "customProperty": "",
                      "flipX": false,
                      "flipY": false,
                      "height": 77,
                      "ignoreSize": true,
                      "layoutParameter": null,
                      "opacity": 255,
                      "positionPercentX": 0.3276316,
                      "positionPercentY": -0.230769232,
                      "positionType": 0,
                      "rotation": 0,
                      "scaleX": 0.9,
                      "scaleY": 0.9,
                      "sizePercentX": 0.20657894,
                      "sizePercentY": 0.236923084,
                      "sizeType": 0,
                      "tag": 43393,
                      "touchAble": true,
                      "useMergedTexture": false,
                      "visible": true,
                      "width": 157,
                      "x": 249,
                      "y": -75,
                      "capInsetsHeight": 1,
                      "capInsetsWidth": 1,
                      "capInsetsX": 0,
                      "capInsetsY": 0,
                      "disabled": null,
                      "disabledData": {
                        "path": "btn_brown_disabled.png",
                        "plistFile": "",
                        "resourceType": 1
                      },
                      "fontName": "微软雅黑",
                      "fontSize": 14,
                      "fontType": 0,
                      "normal": null,
                      "normalData": {
                        "path": "btn_brown.png",
                        "plistFile": "",
                        "resourceType": 1
                      },
                      "pressed": null,
                      "pressedData": {
                        "path": "btn_brown_pressed.png",
                        "plistFile": "",
                        "resourceType": 1
                      },
                      "scale9Enable": false,
                      "scale9Height": 77,
                      "scale9Width": 157,
                      "text": "",
                      "textColorB": 255,
                      "textColorG": 255,
                      "textColorR": 255
                    }
                  },
                  {
                    "classname": "Button",
                    "name": null,
                    "children": [
                      {
                        "classname": "Label",
                        "name": null,
                        "children": [],
                        "options": {
                          "__type": "LabelSurrogate:#EditorCommon.JsonModel.Component.GUI",
                          "classname": "Label",
                          "name": "lbl_no",
                          "ZOrder": 3,
                          "actiontag": 78026,
                          "anchorPointX": 0.5,
                          "anchorPointY": 0.5,
                          "classType": "Label",
                          "colorB": 255,
                          "colorG": 255,
                          "colorR": 255,
                          "customProperty": "",
                          "flipX": false,
                          "flipY": false,
                          "height": 41,
                          "ignoreSize": true,
                          "layoutParameter": null,
                          "opacity": 255,
                          "positionPercentX": 0,
                          "positionPercentY": 0.0259740259,
                          "positionType": 0,
                          "rotation": 0,
                          "scaleX": 1,
                          "scaleY": 1,
                          "sizePercentX": 0.611465,
                          "sizePercentY": 0.532467544,
                          "sizeType": 0,
                          "tag": 43409,
                          "touchAble": false,
                          "useMergedTexture": false,
                          "visible": true,
                          "width": 96,
                          "x": 0,
                          "y": 2,
                          "areaHeight": 0,
                          "areaWidth": 0,
                          "fontFile": null,
                          "fontName": "FZDaBiaoSong-B06S.ttf",
                          "fontSize": 36,
                          "hAlignment": 0,
                          "text": "取  消",
                          "touchScaleEnable": false,
                          "vAlignment": 0
                        }
                      },
                      {
                        "classname": "Label",
                        "name": null,
                        "children": [],
                        "options": {
                          "__type": "LabelSurrogate:#EditorCommon.JsonModel.Component.GUI",
                          "classname": "Label",
                          "name": "lbl_no_s",
                          "ZOrder": 2,
                          "actiontag": 78027,
                          "anchorPointX": 0.5,
                          "anchorPointY": 0.5,
                          "classType": "Label",
                          "colorB": 0,
                          "colorG": 0,
                          "colorR": 0,
                          "customProperty": "",
                          "flipX": false,
                          "flipY": false,
                          "height": 41,
                          "ignoreSize": true,
                          "layoutParameter": null,
                          "opacity": 255,
                          "positionPercentX": 0.01910828,
                          "positionPercentY": -0.012987013,
                          "positionType": 0,
                          "rotation": 0,
                          "scaleX": 1,
                          "scaleY": 1,
                          "sizePercentX": 0.611465,
                          "sizePercentY": 0.532467544,
                          "sizeType": 0,
                          "tag": 43410,
                          "touchAble": false,
                          "useMergedTexture": false,
                          "visible": true,
                          "width": 96,
                          "x": 3,
                          "y": -1,
                          "areaHeight": 0,
                          "areaWidth": 0,
                          "fontFile": null,
                          "fontName": "FZDaBiaoSong-B06S.ttf",
                          "fontSize": 36,
                          "hAlignment": 0,
                          "text": "取  消",
                          "touchScaleEnable": false,
                          "vAlignment": 0
                        }
                      }
                    ],
                    "options": {
                      "__type": "ButtonSurrogate:#EditorCommon.JsonModel.Component.GUI",
                      "classname": "Button",
                      "name": "btn_no",
                      "ZOrder": 1,
                      "actiontag": 78025,
                      "anchorPointX": 0.5,
                      "anchorPointY": 0.5,
                      "classType": "Button",
                      "colorB": 255,
                      "colorG": 255,
                      "colorR": 255,
                      "customProperty": "",
                      "flipX": false,
                      "flipY": false,
                      "height": 77,
                      "ignoreSize": true,
                      "layoutParameter": null,
                      "opacity": 255,
                      "positionPercentX": 0.6723684,
                      "positionPercentY": -0.230769232,
                      "positionType": 0,
                      "rotation": 0,
                      "scaleX": 0.9,
                      "scaleY": 0.9,
                      "sizePercentX": 0.20657894,
                      "sizePercentY": 0.236923084,
                      "sizeType": 0,
                      "tag": 43408,
                      "touchAble": true,
                      "useMergedTexture": false,
                      "visible": true,
                      "width": 157,
                      "x": 511,
                      "y": -75,
                      "capInsetsHeight": 1,
                      "capInsetsWidth": 1,
                      "capInsetsX": 0,
                      "capInsetsY": 0,
                      "disabled": null,
                      "disabledData": {
                        "path": "btn_brown_disabled.png",
                        "plistFile": "",
                        "resourceType": 1
                      },
                      "fontName": "微软雅黑",
                      "fontSize": 14,
                      "fontType": 0,
                      "normal": null,
                      "normalData": {
                        "path": "btn_brown.png",
                        "plistFile": "",
                        "resourceType": 1
                      },
                      "pressed": null,
                      "pressedData": {
                        "path": "btn_brown_pressed.png",
                        "plistFile": "",
                        "resourceType": 1
                      },
                      "scale9Enable": false,
                      "scale9Height": 77,
                      "scale9Width": 157,
                      "text": "",
                      "textColorB": 255,
                      "textColorG": 255,
                      "textColorR": 255
                    }
                  }
                ],
                "options": {
                  "__type": "ImageViewSurrogate:#EditorCommon.JsonModel.Component.GUI",
                  "classname": "ImageView",
                  "name": "img_note_bg",
                  "ZOrder": 0,
                  "actiontag": 78004,
                  "anchorPointX": 0,
                  "anchorPointY": 0.5,
                  "classType": "ImageView",
                  "colorB": 255,
                  "colorG": 255,
                  "colorR": 255,
                  "customProperty": "",
                  "flipX": false,
                  "flipY": false,
                  "height": 325,
                  "ignoreSize": false,
                  "layoutParameter": null,
                  "opacity": 255,
                  "positionPercentX": -0.5277778,
                  "positionPercentY": -0.0178571437,
                  "positionType": 0,
                  "rotation": 0,
                  "scaleX": 1,
                  "scaleY": 1,
                  "sizePercentX": 1.05555558,
                  "sizePercentY": 1.16071427,
                  "sizeType": 0,
                  "tag": 43387,
                  "touchAble": false,
                  "useMergedTexture": false,
                  "visible": true,
                  "width": 760,
                  "x": -380,
                  "y": -5,
                  "capInsetsHeight": 1,
                  "capInsetsWidth": 200,
                  "capInsetsX": 0,
                  "capInsetsY": 0,
                  "fileName": null,
                  "fileNameData": {
                    "path": "PvrCcz/m_bg/lvup_bg.pvr.ccz",
                    "plistFile": "",
                    "resourceType": 0
                  },
                  "scale9Enable": false,
                  "scale9Height": 325,
                  "scale9Width": 760
                }
              }
            ],
            "options": {
              "__type": "ImageViewSurrogate:#EditorCommon.JsonModel.Component.GUI",
              "classname": "ImageView",
              "name": "img_note_mask",
              "ZOrder": 0,
              "actiontag": 78047,
              "anchorPointX": 0.5,
              "anchorPointY": 0.5,
              "classType": "ImageView",
              "colorB": 255,
              "colorG": 255,
              "colorR": 255,
              "customProperty": "",
              "flipX": false,
              "flipY": false,
              "height": 280,
              "ignoreSize": false,
              "layoutParameter": null,
              "opacity": 220,
              "positionPercentX": 0.384375,
              "positionPercentY": 0.3986111,
              "positionType": 0,
              "rotation": 0,
              "scaleX": 1,
              "scaleY": 1,
              "sizePercentX": 0.5625,
              "sizePercentY": 0.3888889,
              "sizeType": 0,
              "tag": 43430,
              "touchAble": false,
              "useMergedTexture": false,
              "visible": true,
              "width": 720,
              "x": 492,
              "y": 287,
              "capInsetsHeight": 1,
              "capInsetsWidth": 1,
              "capInsetsX": 0,
              "capInsetsY": 0,
              "fileName": null,
              "fileNameData": {
                "path": "pic_view_00.png",
                "plistFile": "",
                "resourceType": 1
              },
              "scale9Enable": false,
              "scale9Height": 280,
              "scale9Width": 720
            }
          }
        ],
        "options": {
          "__type": "PanelSurrogate:#EditorCommon.JsonModel.Component.GUI",
          "classname": "Panel",
          "name": "notice_panel",
          "ZOrder": 2,
          "actiontag": 78003,
          "anchorPointX": 0,
          "anchorPointY": 0,
          "classType": "Panel",
          "colorB": 255,
          "colorG": 255,
          "colorR": 255,
          "customProperty": "",
          "flipX": false,
          "flipY": false,
          "height": 720,
          "ignoreSize": false,
          "layoutParameter": null,
          "opacity": 255,
          "positionPercentX": 0,
          "positionPercentY": 0,
          "positionType": 0,
          "rotation": 0,
          "scaleX": 1,
          "scaleY": 1,
          "sizePercentX": 1,
          "sizePercentY": 1,
          "sizeType": 0,
          "tag": 43386,
          "touchAble": true,
          "useMergedTexture": false,
          "visible": true,
          "width": 1280,
          "x": 0,
          "y": 0,
          "adaptScreen": false,
          "backGroundImage": null,
          "backGroundImageData": null,
          "backGroundScale9Enable": false,
          "bgColorB": 255,
          "bgColorG": 200,
          "bgColorOpacity": 0,
          "bgColorR": 150,
          "bgEndColorB": 255,
          "bgEndColorG": 200,
          "bgEndColorR": 150,
          "bgStartColorB": 255,
          "bgStartColorG": 255,
          "bgStartColorR": 255,
          "capInsetsHeight": 1,
          "capInsetsWidth": 1,
          "capInsetsX": 0,
          "capInsetsY": 0,
          "clipAble": false,
          "colorType": 1,
          "layoutType": 0,
          "vectorX": 0,
          "vectorY": -0.5
        }
      }
    ],
    "options": {
      "__type": "PanelSurrogate:#EditorCommon.JsonModel.Component.GUI",
      "classname": "Panel",
      "name": "pub_panel",
      "ZOrder": 0,
      "actiontag": -1,
      "anchorPointX": 0,
      "anchorPointY": 0,
      "classType": "Panel",
      "colorB": 255,
      "colorG": 255,
      "colorR": 255,
      "customProperty": "",
      "flipX": false,
      "flipY": false,
      "height": 720,
      "ignoreSize": false,
      "layoutParameter": null,
      "opacity": 255,
      "positionPercentX": 0,
      "positionPercentY": 0,
      "positionType": 0,
      "rotation": 0,
      "scaleX": 1,
      "scaleY": 1,
      "sizePercentX": 0,
      "sizePercentY": 0,
      "sizeType": 0,
      "tag": 42422,
      "touchAble": false,
      "useMergedTexture": false,
      "visible": true,
      "width": 1280,
      "x": 0,
      "y": 0,
      "adaptScreen": false,
      "backGroundImage": null,
      "backGroundImageData": {
        "path": "PvrCcz/m_bg/pub_bg.pvr.ccz",
        "plistFile": "",
        "resourceType": 0
      },
      "backGroundScale9Enable": false,
      "bgColorB": 255,
      "bgColorG": 200,
      "bgColorOpacity": 0,
      "bgColorR": 150,
      "bgEndColorB": 255,
      "bgEndColorG": 200,
      "bgEndColorR": 150,
      "bgStartColorB": 255,
      "bgStartColorG": 255,
      "bgStartColorR": 255,
      "capInsetsHeight": 1,
      "capInsetsWidth": 1,
      "capInsetsX": 0,
      "capInsetsY": 0,
      "clipAble": true,
      "colorType": 1,
      "layoutType": 0,
      "vectorX": 0,
      "vectorY": -0.5
    }
  }
}
