{
  "classname": null,
  "name": null,
  "animation": {
    "classname": null,
    "name": "AnimationManager",
    "actionlist": []
  },
  "dataScale": 1,
  "designHeight": 720,
  "designWidth": 1280,
  "textures": [],
  "version": "1.3.0.1",
  "widgetTree": {
    "classname": "Panel",
    "name": null,
    "children": [
      {
        "classname": "Label",
        "name": null,
        "children": [],
        "options": {
          "__type": "LabelSurrogate:#EditorCommon.JsonModel.Component.GUI",
          "classname": "Label",
          "name": "lbl_elo",
          "ZOrder": 1,
          "actiontag": 60476,
          "anchorPointX": 0,
          "anchorPointY": 0.5,
          "classType": "Label",
          "colorB": 32,
          "colorG": 64,
          "colorR": 99,
          "customProperty": "",
          "flipX": false,
          "flipY": false,
          "height": 0,
          "ignoreSize": true,
          "layoutParameter": null,
          "opacity": 255,
          "positionPercentX": 0.25777778,
          "positionPercentY": 0.431578934,
          "positionType": 0,
          "rotation": 0,
          "scaleX": 1,
          "scaleY": 1,
          "sizePercentX": 0.00111111114,
          "sizePercentY": 0.0105263162,
          "sizeType": 0,
          "tag": 27682,
          "touchAble": false,
          "useMergedTexture": false,
          "visible": true,
          "width": 0,
          "x": 232,
          "y": 41,
          "areaHeight": 0,
          "areaWidth": 0,
          "fontFile": null,
          "fontName": "Britannic Bold.ttf",
          "fontSize": 24,
          "hAlignment": 0,
          "text": "",
          "touchScaleEnable": false,
          "vAlignment": 0
        }
      },
      {
        "classname": "Label",
        "name": null,
        "children": [],
        "options": {
          "__type": "LabelSurrogate:#EditorCommon.JsonModel.Component.GUI",
          "classname": "Label",
          "name": "lbl_jewel",
          "ZOrder": 1,
          "actiontag": 60477,
          "anchorPointX": 0,
          "anchorPointY": 0.5,
          "classType": "Label",
          "colorB": 32,
          "colorG": 64,
          "colorR": 99,
          "customProperty": "",
          "flipX": false,
          "flipY": false,
          "height": 0,
          "ignoreSize": true,
          "layoutParameter": null,
          "opacity": 255,
          "positionPercentX": 0.825555563,
          "positionPercentY": 0.473684222,
          "positionType": 0,
          "rotation": 0,
          "scaleX": 1,
          "scaleY": 1,
          "sizePercentX": 0.00111111114,
          "sizePercentY": 0.0105263162,
          "sizeType": 0,
          "tag": 27683,
          "touchAble": false,
          "useMergedTexture": false,
          "visible": true,
          "width": 0,
          "x": 743,
          "y": 45,
          "areaHeight": 0,
          "areaWidth": 0,
          "fontFile": null,
          "fontName": "Britannic Bold.ttf",
          "fontSize": 24,
          "hAlignment": 0,
          "text": "",
          "touchScaleEnable": false,
          "vAlignment": 0
        }
      },
      {
        "classname": "ImageView",
        "name": null,
        "children": [],
        "options": {
          "__type": "ImageViewSurrogate:#EditorCommon.JsonModel.Component.GUI",
          "classname": "ImageView",
          "name": "img_jewel",
          "ZOrder": 1,
          "actiontag": 60478,
          "anchorPointX": 0.5,
          "anchorPointY": 0.5,
          "classType": "ImageView",
          "colorB": 255,
          "colorG": 255,
          "colorR": 255,
          "customProperty": "",
          "flipX": false,
          "flipY": false,
          "height": 89,
          "ignoreSize": true,
          "layoutParameter": null,
          "opacity": 255,
          "positionPercentX": 0.79,
          "positionPercentY": 0.484210521,
          "positionType": 0,
          "rotation": 0,
          "scaleX": 0.5,
          "scaleY": 0.5,
          "sizePercentX": 0.09222222,
          "sizePercentY": 0.9368421,
          "sizeType": 0,
          "tag": 27684,
          "touchAble": false,
          "useMergedTexture": false,
          "visible": true,
          "width": 83,
          "x": 711,
          "y": 46,
          "capInsetsHeight": 0,
          "capInsetsWidth": 0,
          "capInsetsX": 0,
          "capInsetsY": 0,
          "fileName": null,
          "fileNameData": {
            "path": "icon_jewel.png",
            "plistFile": "",
            "resourceType": 1
          },
          "scale9Enable": false,
          "scale9Height": 89,
          "scale9Width": 83
        }
      },
      {
        "classname": "ImageView",
        "name": null,
        "children": [],
        "options": {
          "__type": "ImageViewSurrogate:#EditorCommon.JsonModel.Component.GUI",
          "classname": "ImageView",
          "name": "img_elo",
          "ZOrder": 1,
          "actiontag": 60479,
          "anchorPointX": 0.5,
          "anchorPointY": 0.5,
          "classType": "ImageView",
          "colorB": 255,
          "colorG": 255,
          "colorR": 255,
          "customProperty": "",
          "flipX": false,
          "flipY": false,
          "height": 66,
          "ignoreSize": true,
          "layoutParameter": null,
          "opacity": 255,
          "positionPercentX": 0.223333329,
          "positionPercentY": 0.49473685,
          "positionType": 0,
          "rotation": 0,
          "scaleX": 0.5,
          "scaleY": 0.5,
          "sizePercentX": 0.09777778,
          "sizePercentY": 0.694736838,
          "sizeType": 0,
          "tag": 27685,
          "touchAble": false,
          "useMergedTexture": false,
          "visible": true,
          "width": 88,
          "x": 201,
          "y": 47,
          "capInsetsHeight": 0,
          "capInsetsWidth": 0,
          "capInsetsX": 0,
          "capInsetsY": 0,
          "fileName": null,
          "fileNameData": {
            "path": "elo.png",
            "plistFile": "",
            "resourceType": 1
          },
          "scale9Enable": false,
          "scale9Height": 66,
          "scale9Width": 88
        }
      },
      {
        "classname": "Label",
        "name": null,
        "children": [],
        "options": {
          "__type": "LabelSurrogate:#EditorCommon.JsonModel.Component.GUI",
          "classname": "Label",
          "name": "lbl_rank",
          "ZOrder": 1,
          "actiontag": 60480,
          "anchorPointX": 0,
          "anchorPointY": 0.5,
          "classType": "Label",
          "colorB": 32,
          "colorG": 64,
          "colorR": 99,
          "customProperty": "",
          "flipX": false,
          "flipY": false,
          "height": 44,
          "ignoreSize": true,
          "layoutParameter": null,
          "opacity": 255,
          "positionPercentX": 0.05,
          "positionPercentY": 0.33684212,
          "positionType": 0,
          "rotation": 350,
          "scaleX": 1,
          "scaleY": 1,
          "sizePercentX": 0.0944444463,
          "sizePercentY": 0.4631579,
          "sizeType": 0,
          "tag": 27686,
          "touchAble": false,
          "useMergedTexture": false,
          "visible": true,
          "width": 85,
          "x": 45,
          "y": 32,
          "areaHeight": 0,
          "areaWidth": 0,
          "fontFile": null,
          "fontName": "Britannic Bold.ttf",
          "fontSize": 40,
          "hAlignment": 0,
          "text": "NO.1",
          "touchScaleEnable": false,
          "vAlignment": 0
        }
      },
      {
        "classname": "Label",
        "name": null,
        "children": [],
        "options": {
          "__type": "LabelSurrogate:#EditorCommon.JsonModel.Component.GUI",
          "classname": "Label",
          "name": "lbl_user",
          "ZOrder": 1,
          "actiontag": 60481,
          "anchorPointX": 0,
          "anchorPointY": 0.5,
          "classType": "Label",
          "colorB": 22,
          "colorG": 49,
          "colorR": 83,
          "customProperty": "",
          "flipX": false,
          "flipY": false,
          "height": 0,
          "ignoreSize": true,
          "layoutParameter": null,
          "opacity": 255,
          "positionPercentX": 0.413333327,
          "positionPercentY": 0.431578934,
          "positionType": 0,
          "rotation": 0,
          "scaleX": 1,
          "scaleY": 1,
          "sizePercentX": 0.00111111114,
          "sizePercentY": 0.0105263162,
          "sizeType": 0,
          "tag": 27687,
          "touchAble": false,
          "useMergedTexture": false,
          "visible": true,
          "width": 0,
          "x": 372,
          "y": 41,
          "areaHeight": 0,
          "areaWidth": 0,
          "fontFile": null,
          "fontName": "微软雅黑",
          "fontSize": 24,
          "hAlignment": 0,
          "text": "",
          "touchScaleEnable": false,
          "vAlignment": 0
        }
      },
      {
        "classname": "ImageView",
        "name": null,
        "children": [],
        "options": {
          "__type": "ImageViewSurrogate:#EditorCommon.JsonModel.Component.GUI",
          "classname": "ImageView",
          "name": "img_line",
          "ZOrder": 0,
          "actiontag": 60475,
          "anchorPointX": 0.5,
          "anchorPointY": 0.5,
          "classType": "ImageView",
          "colorB": 255,
          "colorG": 255,
          "colorR": 255,
          "customProperty": "",
          "flipX": false,
          "flipY": false,
          "height": 8,
          "ignoreSize": true,
          "layoutParameter": null,
          "opacity": 255,
          "positionPercentX": 0.483333319,
          "positionPercentY": 0.178947374,
          "positionType": 0,
          "rotation": 0,
          "scaleX": 0.98,
          "scaleY": 0.52,
          "sizePercentX": 0.7544444,
          "sizePercentY": 0.08421053,
          "sizeType": 0,
          "tag": 27681,
          "touchAble": false,
          "useMergedTexture": false,
          "visible": true,
          "width": 679,
          "x": 435,
          "y": 17,
          "capInsetsHeight": 1,
          "capInsetsWidth": 1,
          "capInsetsX": 0,
          "capInsetsY": 0,
          "fileName": null,
          "fileNameData": {
            "path": "splitline.png",
            "plistFile": "",
            "resourceType": 1
          },
          "scale9Enable": false,
          "scale9Height": 8,
          "scale9Width": 679
        }
      }
    ],
    "options": {
      "__type": "PanelSurrogate:#EditorCommon.JsonModel.Component.GUI",
      "classname": "Panel",
      "name": "item_panel",
      "ZOrder": 0,
      "actiontag": -1,
      "anchorPointX": 0,
      "anchorPointY": 0,
      "classType": "Panel",
      "colorB": 255,
      "colorG": 255,
      "colorR": 255,
      "customProperty": "",
      "flipX": false,
      "flipY": false,
      "height": 95,
      "ignoreSize": false,
      "layoutParameter": null,
      "opacity": 255,
      "positionPercentX": 0,
      "positionPercentY": 0,
      "positionType": 0,
      "rotation": 0,
      "scaleX": 1,
      "scaleY": 1,
      "sizePercentX": 0,
      "sizePercentY": 0,
      "sizeType": 0,
      "tag": 530,
      "touchAble": false,
      "useMergedTexture": false,
      "visible": true,
      "width": 900,
      "x": 0,
      "y": 0,
      "adaptScreen": false,
      "backGroundImage": null,
      "backGroundImageData": null,
      "backGroundScale9Enable": false,
      "bgColorB": 255,
      "bgColorG": 200,
      "bgColorOpacity": 0,
      "bgColorR": 150,
      "bgEndColorB": 255,
      "bgEndColorG": 200,
      "bgEndColorR": 150,
      "bgStartColorB": 255,
      "bgStartColorG": 255,
      "bgStartColorR": 255,
      "capInsetsHeight": 0,
      "capInsetsWidth": 0,
      "capInsetsX": 0,
      "capInsetsY": 0,
      "clipAble": false,
      "colorType": 1,
      "layoutType": 0,
      "vectorX": 0,
      "vectorY": -0.5
    }
  }
}
