{
  "classname": null,
  "name": null,
  "animation": {
    "classname": null,
    "name": "AnimationManager",
    "actionlist": []
  },
  "dataScale": 1,
  "designHeight": 720,
  "designWidth": 1280,
  "textures": [],
  "version": "1.3.0.1",
  "widgetTree": {
    "classname": "Panel",
    "name": null,
    "children": [
      {
        "classname": "Panel",
        "name": null,
        "children": [
          {
            "classname": "ImageView",
            "name": null,
            "children": [],
            "options": {
              "__type": "ImageViewSurrogate:#EditorCommon.JsonModel.Component.GUI",
              "classname": "ImageView",
              "name": "img_finish_task",
              "ZOrder": 3,
              "actiontag": 123450,
              "anchorPointX": 0.5,
              "anchorPointY": 0.5,
              "classType": "ImageView",
              "colorB": 255,
              "colorG": 255,
              "colorR": 255,
              "customProperty": "",
              "flipX": false,
              "flipY": false,
              "height": 57,
              "ignoreSize": true,
              "layoutParameter": null,
              "opacity": 255,
              "positionPercentX": 0.2390625,
              "positionPercentY": 0.841666639,
              "positionType": 0,
              "rotation": 0,
              "scaleX": 0.6999999,
              "scaleY": 0.6999999,
              "sizePercentX": 0.02109375,
              "sizePercentY": 0.0791666657,
              "sizeType": 0,
              "tag": 83675,
              "touchAble": false,
              "useMergedTexture": false,
              "visible": true,
              "width": 27,
              "x": 306,
              "y": 606,
              "capInsetsHeight": 0,
              "capInsetsWidth": 0,
              "capInsetsX": 0,
              "capInsetsY": 0,
              "fileName": null,
              "fileNameData": {
                "path": "notice.png",
                "plistFile": "",
                "resourceType": 1
              },
              "scale9Enable": false,
              "scale9Height": 57,
              "scale9Width": 27
            }
          },
          {
            "classname": "Button",
            "name": null,
            "children": [
              {
                "classname": "Label",
                "name": null,
                "children": [],
                "options": {
                  "__type": "LabelSurrogate:#EditorCommon.JsonModel.Component.GUI",
                  "classname": "Label",
                  "name": "lbl_guild1",
                  "ZOrder": 0,
                  "actiontag": 111551,
                  "anchorPointX": 0.5,
                  "anchorPointY": 0.5,
                  "classType": "Label",
                  "colorB": 22,
                  "colorG": 49,
                  "colorR": 83,
                  "customProperty": "",
                  "flipX": false,
                  "flipY": false,
                  "height": 38,
                  "ignoreSize": true,
                  "layoutParameter": null,
                  "opacity": 255,
                  "positionPercentX": 0.00630914839,
                  "positionPercentY": -0.179487184,
                  "positionType": 0,
                  "rotation": 0,
                  "scaleX": 2.5,
                  "scaleY": 1.25,
                  "sizePercentX": 0.283911675,
                  "sizePercentY": 0.4871795,
                  "sizeType": 0,
                  "tag": 73065,
                  "touchAble": false,
                  "useMergedTexture": false,
                  "visible": true,
                  "width": 90,
                  "x": 2,
                  "y": -14,
                  "areaHeight": 0,
                  "areaWidth": 0,
                  "fontFile": null,
                  "fontName": "FZDaBiaoSong-B06S.ttf",
                  "fontSize": 34,
                  "hAlignment": 0,
                  "text": "引  导",
                  "touchScaleEnable": false,
                  "vAlignment": 0
                }
              }
            ],
            "options": {
              "__type": "ButtonSurrogate:#EditorCommon.JsonModel.Component.GUI",
              "classname": "Button",
              "name": "btn_task",
              "ZOrder": 0,
              "actiontag": 111550,
              "anchorPointX": 0.5,
              "anchorPointY": 0.5,
              "classType": "Button",
              "colorB": 255,
              "colorG": 255,
              "colorR": 255,
              "customProperty": "",
              "flipX": false,
              "flipY": false,
              "height": 78,
              "ignoreSize": true,
              "layoutParameter": null,
              "opacity": 255,
              "positionPercentX": 0.1953125,
              "positionPercentY": 0.844444454,
              "positionType": 0,
              "rotation": 0,
              "scaleX": 0.4,
              "scaleY": 0.799999952,
              "sizePercentX": 0.247656256,
              "sizePercentY": 0.108333334,
              "sizeType": 0,
              "tag": 73064,
              "touchAble": true,
              "useMergedTexture": false,
              "visible": true,
              "width": 317,
              "x": 250,
              "y": 608,
              "capInsetsHeight": 1,
              "capInsetsWidth": 1,
              "capInsetsX": 0,
              "capInsetsY": 0,
              "disabled": null,
              "disabledData": {
                "path": null,
                "plistFile": null,
                "resourceType": 0
              },
              "fontName": "微软雅黑",
              "fontSize": 14,
              "fontType": 0,
              "normal": null,
              "normalData": {
                "path": "btn_lbl.png",
                "plistFile": "",
                "resourceType": 1
              },
              "pressed": null,
              "pressedData": {
                "path": "btn_lbl_pressed.png",
                "plistFile": "",
                "resourceType": 1
              },
              "scale9Enable": false,
              "scale9Height": 78,
              "scale9Width": 317,
              "text": "",
              "textColorB": 255,
              "textColorG": 255,
              "textColorR": 255
            }
          },
          {
            "classname": "ImageView",
            "name": null,
            "children": [],
            "options": {
              "__type": "ImageViewSurrogate:#EditorCommon.JsonModel.Component.GUI",
              "classname": "ImageView",
              "name": "img_finish_active",
              "ZOrder": 3,
              "actiontag": 123451,
              "anchorPointX": 0.5,
              "anchorPointY": 0.5,
              "classType": "ImageView",
              "colorB": 255,
              "colorG": 255,
              "colorR": 255,
              "customProperty": "",
              "flipX": false,
              "flipY": false,
              "height": 57,
              "ignoreSize": true,
              "layoutParameter": null,
              "opacity": 255,
              "positionPercentX": 0.350781262,
              "positionPercentY": 0.841666639,
              "positionType": 0,
              "rotation": 0,
              "scaleX": 0.7,
              "scaleY": 0.7,
              "sizePercentX": 0.02109375,
              "sizePercentY": 0.0791666657,
              "sizeType": 0,
              "tag": 83676,
              "touchAble": false,
              "useMergedTexture": false,
              "visible": true,
              "width": 27,
              "x": 449,
              "y": 606,
              "capInsetsHeight": 0,
              "capInsetsWidth": 0,
              "capInsetsX": 0,
              "capInsetsY": 0,
              "fileName": null,
              "fileNameData": {
                "path": "notice.png",
                "plistFile": "",
                "resourceType": 1
              },
              "scale9Enable": false,
              "scale9Height": 57,
              "scale9Width": 27
            }
          },
          {
            "classname": "Button",
            "name": null,
            "children": [
              {
                "classname": "Label",
                "name": null,
                "children": [],
                "options": {
                  "__type": "LabelSurrogate:#EditorCommon.JsonModel.Component.GUI",
                  "classname": "Label",
                  "name": "lbl_guild1",
                  "ZOrder": 0,
                  "actiontag": 111561,
                  "anchorPointX": 0.5,
                  "anchorPointY": 0.5,
                  "classType": "Label",
                  "colorB": 22,
                  "colorG": 49,
                  "colorR": 83,
                  "customProperty": "",
                  "flipX": false,
                  "flipY": false,
                  "height": 38,
                  "ignoreSize": true,
                  "layoutParameter": null,
                  "opacity": 255,
                  "positionPercentX": 0.00630914839,
                  "positionPercentY": -0.179487184,
                  "positionType": 0,
                  "rotation": 0,
                  "scaleX": 2.5,
                  "scaleY": 1.25,
                  "sizePercentX": 0.283911675,
                  "sizePercentY": 0.4871795,
                  "sizeType": 0,
                  "tag": 73075,
                  "touchAble": false,
                  "useMergedTexture": false,
                  "visible": true,
                  "width": 90,
                  "x": 2,
                  "y": -14,
                  "areaHeight": 0,
                  "areaWidth": 0,
                  "fontFile": null,
                  "fontName": "FZDaBiaoSong-B06S.ttf",
                  "fontSize": 34,
                  "hAlignment": 0,
                  "text": "日  常",
                  "touchScaleEnable": false,
                  "vAlignment": 0
                }
              }
            ],
            "options": {
              "__type": "ButtonSurrogate:#EditorCommon.JsonModel.Component.GUI",
              "classname": "Button",
              "name": "btn_active",
              "ZOrder": 0,
              "actiontag": 111560,
              "anchorPointX": 0.5,
              "anchorPointY": 0.5,
              "classType": "Button",
              "colorB": 255,
              "colorG": 255,
              "colorR": 255,
              "customProperty": "",
              "flipX": false,
              "flipY": false,
              "height": 78,
              "ignoreSize": true,
              "layoutParameter": null,
              "opacity": 255,
              "positionPercentX": 0.3078125,
              "positionPercentY": 0.844444454,
              "positionType": 0,
              "rotation": 0,
              "scaleX": 0.4,
              "scaleY": 0.799999952,
              "sizePercentX": 0.247656256,
              "sizePercentY": 0.108333334,
              "sizeType": 0,
              "tag": 73074,
              "touchAble": true,
              "useMergedTexture": false,
              "visible": true,
              "width": 317,
              "x": 394,
              "y": 608,
              "capInsetsHeight": 1,
              "capInsetsWidth": 1,
              "capInsetsX": 0,
              "capInsetsY": 0,
              "disabled": null,
              "disabledData": {
                "path": null,
                "plistFile": null,
                "resourceType": 0
              },
              "fontName": "微软雅黑",
              "fontSize": 14,
              "fontType": 0,
              "normal": null,
              "normalData": {
                "path": "btn_lbl.png",
                "plistFile": "",
                "resourceType": 1
              },
              "pressed": null,
              "pressedData": {
                "path": "btn_lbl_pressed.png",
                "plistFile": "",
                "resourceType": 1
              },
              "scale9Enable": false,
              "scale9Height": 78,
              "scale9Width": 317,
              "text": "",
              "textColorB": 255,
              "textColorG": 255,
              "textColorR": 255
            }
          },
          {
            "classname": "ImageView",
            "name": null,
            "children": [],
            "options": {
              "__type": "ImageViewSurrogate:#EditorCommon.JsonModel.Component.GUI",
              "classname": "ImageView",
              "name": "img_tool_bg",
              "ZOrder": 3,
              "actiontag": 111552,
              "anchorPointX": 0.5,
              "anchorPointY": 0.5,
              "classType": "ImageView",
              "colorB": 255,
              "colorG": 255,
              "colorR": 255,
              "customProperty": "",
              "flipX": false,
              "flipY": false,
              "height": 559,
              "ignoreSize": false,
              "layoutParameter": null,
              "opacity": 255,
              "positionPercentX": 0.497656256,
              "positionPercentY": 0.5277778,
              "positionType": 0,
              "rotation": 0,
              "scaleX": 1,
              "scaleY": 1,
              "sizePercentX": 0.771875,
              "sizePercentY": 0.7763889,
              "sizeType": 0,
              "tag": 73066,
              "touchAble": false,
              "useMergedTexture": false,
              "visible": true,
              "width": 988,
              "x": 637,
              "y": 380,
              "capInsetsHeight": 300,
              "capInsetsWidth": 500,
              "capInsetsX": 50,
              "capInsetsY": 50,
              "fileName": null,
              "fileNameData": {
                "path": "PvrCcz/m_bg/tool_item_bar.pvr.ccz",
                "plistFile": "",
                "resourceType": 0
              },
              "scale9Enable": true,
              "scale9Height": 559,
              "scale9Width": 988
            }
          },
          {
            "classname": "ImageView",
            "name": null,
            "children": [],
            "options": {
              "__type": "ImageViewSurrogate:#EditorCommon.JsonModel.Component.GUI",
              "classname": "ImageView",
              "name": "img_bg",
              "ZOrder": 1,
              "actiontag": 111553,
              "anchorPointX": 0.5,
              "anchorPointY": 0.5,
              "classType": "ImageView",
              "colorB": 255,
              "colorG": 255,
              "colorR": 255,
              "customProperty": "",
              "flipX": false,
              "flipY": false,
              "height": 460,
              "ignoreSize": false,
              "layoutParameter": null,
              "opacity": 255,
              "positionPercentX": 0.5015625,
              "positionPercentY": 0.490277767,
              "positionType": 0,
              "rotation": 0,
              "scaleX": 1,
              "scaleY": 1,
              "sizePercentX": 0.734375,
              "sizePercentY": 0.6388889,
              "sizeType": 0,
              "tag": 73067,
              "touchAble": false,
              "useMergedTexture": false,
              "visible": true,
              "width": 940,
              "x": 642,
              "y": 353,
              "capInsetsHeight": 1,
              "capInsetsWidth": 1,
              "capInsetsX": 0,
              "capInsetsY": 0,
              "fileName": null,
              "fileNameData": {
                "path": "PvrCcz/m_bg/guild_bg.pvr.ccz",
                "plistFile": "",
                "resourceType": 0
              },
              "scale9Enable": false,
              "scale9Height": 460,
              "scale9Width": 940
            }
          },
          {
            "classname": "ListView",
            "name": null,
            "children": [],
            "options": {
              "__type": "ListViewSurrogate:#EditorCommon.JsonModel.Component.GUI",
              "classname": "ListView",
              "name": "list_members",
              "ZOrder": 2,
              "actiontag": 111558,
              "anchorPointX": 0,
              "anchorPointY": 0,
              "classType": "ListView",
              "colorB": 255,
              "colorG": 255,
              "colorR": 255,
              "customProperty": "",
              "flipX": false,
              "flipY": false,
              "height": 438,
              "ignoreSize": false,
              "layoutParameter": null,
              "opacity": 255,
              "positionPercentX": 0.139843747,
              "positionPercentY": 0.190277785,
              "positionType": 0,
              "rotation": 0,
              "scaleX": 1,
              "scaleY": 1,
              "sizePercentX": 0.3609375,
              "sizePercentY": 0.608333349,
              "sizeType": 0,
              "tag": 73072,
              "touchAble": true,
              "useMergedTexture": false,
              "visible": true,
              "width": 462,
              "x": 179,
              "y": 137,
              "backGroundImage": null,
              "backGroundImageData": null,
              "backGroundScale9Enable": false,
              "bgColorB": 255,
              "bgColorG": 150,
              "bgColorOpacity": 0,
              "bgColorR": 150,
              "bgEndColorB": 255,
              "bgEndColorG": 150,
              "bgEndColorR": 150,
              "bgStartColorB": 255,
              "bgStartColorG": 255,
              "bgStartColorR": 255,
              "bounceEnable": true,
              "capInsetsHeight": 1,
              "capInsetsWidth": 1,
              "capInsetsX": 0,
              "capInsetsY": 0,
              "clipAble": false,
              "colorType": 1,
              "direction": 1,
              "gravity": 0,
              "innerHeight": 0,
              "innerWidth": 0,
              "itemMargin": 0,
              "vectorX": 0,
              "vectorY": -0.5
            }
          },
          {
            "classname": "Label",
            "name": null,
            "children": [],
            "options": {
              "__type": "LabelSurrogate:#EditorCommon.JsonModel.Component.GUI",
              "classname": "Label",
              "name": "lbl_task_no",
              "ZOrder": 1,
              "actiontag": 111632,
              "anchorPointX": 0,
              "anchorPointY": 1,
              "classType": "Label",
              "colorB": 22,
              "colorG": 49,
              "colorR": 83,
              "customProperty": "",
              "flipX": false,
              "flipY": false,
              "height": 62,
              "ignoreSize": true,
              "layoutParameter": null,
              "opacity": 255,
              "positionPercentX": 0.3046875,
              "positionPercentY": 0.6097222,
              "positionType": 0,
              "rotation": 0,
              "scaleX": 1,
              "scaleY": 1,
              "sizePercentX": 0.39375,
              "sizePercentY": 0.08611111,
              "sizeType": 0,
              "tag": 73133,
              "touchAble": false,
              "useMergedTexture": false,
              "visible": true,
              "width": 504,
              "x": 390,
              "y": 439,
              "areaHeight": 0,
              "areaWidth": 0,
              "fontFile": null,
              "fontName": "FZDaBiaoSong-B06S.ttf",
              "fontSize": 56,
              "hAlignment": 0,
              "text": "暂时没有可做的任务",
              "touchScaleEnable": false,
              "vAlignment": 0
            }
          },
          {
            "classname": "Panel",
            "name": null,
            "children": [
              {
                "classname": "Label",
                "name": null,
                "children": [],
                "options": {
                  "__type": "LabelSurrogate:#EditorCommon.JsonModel.Component.GUI",
                  "classname": "Label",
                  "name": "lbl_intros",
                  "ZOrder": 1,
                  "actiontag": 120039,
                  "anchorPointX": 0.5,
                  "anchorPointY": 0.5,
                  "classType": "Label",
                  "colorB": 22,
                  "colorG": 49,
                  "colorR": 83,
                  "customProperty": "",
                  "flipX": false,
                  "flipY": false,
                  "height": 39,
                  "ignoreSize": true,
                  "layoutParameter": null,
                  "opacity": 255,
                  "positionPercentX": 0.477578461,
                  "positionPercentY": 0.9288889,
                  "positionType": 0,
                  "rotation": 0,
                  "scaleX": 1,
                  "scaleY": 1,
                  "sizePercentX": 0.2690583,
                  "sizePercentY": 0.086666666,
                  "sizeType": 0,
                  "tag": 80612,
                  "touchAble": false,
                  "useMergedTexture": false,
                  "visible": true,
                  "width": 120,
                  "x": 213,
                  "y": 418,
                  "areaHeight": 0,
                  "areaWidth": 0,
                  "fontFile": null,
                  "fontName": "FZDaBiaoSong-B06S.ttf",
                  "fontSize": 35,
                  "hAlignment": 0,
                  "text": "说    明",
                  "touchScaleEnable": false,
                  "vAlignment": 0
                }
              },
              {
                "classname": "Label",
                "name": null,
                "children": [],
                "options": {
                  "__type": "LabelSurrogate:#EditorCommon.JsonModel.Component.GUI",
                  "classname": "Label",
                  "name": "lbl_intro",
                  "ZOrder": 1,
                  "actiontag": 111562,
                  "anchorPointX": 0,
                  "anchorPointY": 1,
                  "classType": "Label",
                  "colorB": 22,
                  "colorG": 49,
                  "colorR": 83,
                  "customProperty": "",
                  "flipX": false,
                  "flipY": false,
                  "height": 180,
                  "ignoreSize": false,
                  "layoutParameter": null,
                  "opacity": 255,
                  "positionPercentX": 0.0224215239,
                  "positionPercentY": 0.88,
                  "positionType": 0,
                  "rotation": 0,
                  "scaleX": 1,
                  "scaleY": 1,
                  "sizePercentX": 0.9618834,
                  "sizePercentY": 0.4,
                  "sizeType": 0,
                  "tag": 73076,
                  "touchAble": false,
                  "useMergedTexture": false,
                  "visible": true,
                  "width": 429,
                  "x": 10,
                  "y": 396,
                  "areaHeight": 180,
                  "areaWidth": 429,
                  "fontFile": null,
                  "fontName": "微软雅黑",
                  "fontSize": 33,
                  "hAlignment": 0,
                  "text": "任务说明",
                  "touchScaleEnable": false,
                  "vAlignment": 0
                }
              },
              {
                "classname": "Panel",
                "name": null,
                "children": [
                  {
                    "classname": "Button",
                    "name": null,
                    "children": [
                      {
                        "classname": "Label",
                        "name": null,
                        "children": [],
                        "options": {
                          "__type": "LabelSurrogate:#EditorCommon.JsonModel.Component.GUI",
                          "classname": "Label",
                          "name": "lbl_select",
                          "ZOrder": 1,
                          "actiontag": 111568,
                          "anchorPointX": 0.5,
                          "anchorPointY": 0.5,
                          "classType": "Label",
                          "colorB": 22,
                          "colorG": 49,
                          "colorR": 83,
                          "customProperty": "",
                          "flipX": false,
                          "flipY": false,
                          "height": 39,
                          "ignoreSize": true,
                          "layoutParameter": null,
                          "opacity": 255,
                          "positionPercentX": -0.0181818176,
                          "positionPercentY": -0.0161290318,
                          "positionType": 0,
                          "rotation": 0,
                          "scaleX": 1,
                          "scaleY": 1,
                          "sizePercentX": 0.8727273,
                          "sizePercentY": 0.629032254,
                          "sizeType": 0,
                          "tag": 73082,
                          "touchAble": false,
                          "useMergedTexture": false,
                          "visible": true,
                          "width": 144,
                          "x": -3,
                          "y": -1,
                          "areaHeight": 0,
                          "areaWidth": 0,
                          "fontFile": null,
                          "fontName": "FZDaBiaoSong-B06S.ttf",
                          "fontSize": 35,
                          "hAlignment": 0,
                          "text": "前往任务",
                          "touchScaleEnable": false,
                          "vAlignment": 0
                        }
                      }
                    ],
                    "options": {
                      "__type": "ButtonSurrogate:#EditorCommon.JsonModel.Component.GUI",
                      "classname": "Button",
                      "name": "btn_reward",
                      "ZOrder": 0,
                      "actiontag": 111563,
                      "anchorPointX": 0.5,
                      "anchorPointY": 0.5,
                      "classType": "Button",
                      "colorB": 255,
                      "colorG": 255,
                      "colorR": 255,
                      "customProperty": "",
                      "flipX": false,
                      "flipY": false,
                      "height": 62,
                      "ignoreSize": true,
                      "layoutParameter": null,
                      "opacity": 255,
                      "positionPercentX": 0.479729742,
                      "positionPercentY": 0.132075474,
                      "positionType": 0,
                      "rotation": 0,
                      "scaleX": 1,
                      "scaleY": 1,
                      "sizePercentX": 0.3716216,
                      "sizePercentY": 0.292452842,
                      "sizeType": 0,
                      "tag": 73077,
                      "touchAble": true,
                      "useMergedTexture": false,
                      "visible": true,
                      "width": 165,
                      "x": 213,
                      "y": 28,
                      "capInsetsHeight": 1,
                      "capInsetsWidth": 1,
                      "capInsetsX": 0,
                      "capInsetsY": 0,
                      "disabled": null,
                      "disabledData": {
                        "path": "btn_dis_pressed.png",
                        "plistFile": "",
                        "resourceType": 1
                      },
                      "fontName": "微软雅黑",
                      "fontSize": 14,
                      "fontType": 0,
                      "normal": null,
                      "normalData": {
                        "path": "btn_dis.png",
                        "plistFile": "",
                        "resourceType": 1
                      },
                      "pressed": null,
                      "pressedData": {
                        "path": "btn_dis_pressed.png",
                        "plistFile": "",
                        "resourceType": 1
                      },
                      "scale9Enable": false,
                      "scale9Height": 62,
                      "scale9Width": 165,
                      "text": "",
                      "textColorB": 255,
                      "textColorG": 255,
                      "textColorR": 255
                    }
                  },
                  {
                    "classname": "Label",
                    "name": null,
                    "children": [],
                    "options": {
                      "__type": "LabelSurrogate:#EditorCommon.JsonModel.Component.GUI",
                      "classname": "Label",
                      "name": "lbl_reward",
                      "ZOrder": 1,
                      "actiontag": 111564,
                      "anchorPointX": 0.5,
                      "anchorPointY": 0.5,
                      "classType": "Label",
                      "colorB": 22,
                      "colorG": 49,
                      "colorR": 83,
                      "customProperty": "",
                      "flipX": false,
                      "flipY": false,
                      "height": 36,
                      "ignoreSize": true,
                      "layoutParameter": null,
                      "opacity": 255,
                      "positionPercentX": 0.472972959,
                      "positionPercentY": 0.8632075,
                      "positionType": 0,
                      "rotation": 0,
                      "scaleX": 1,
                      "scaleY": 1,
                      "sizePercentX": 0.168918923,
                      "sizePercentY": 0.169811323,
                      "sizeType": 0,
                      "tag": 73078,
                      "touchAble": false,
                      "useMergedTexture": false,
                      "visible": true,
                      "width": 75,
                      "x": 210,
                      "y": 183,
                      "areaHeight": 0,
                      "areaWidth": 0,
                      "fontFile": null,
                      "fontName": "FZDaBiaoSong-B06S.ttf",
                      "fontSize": 32,
                      "hAlignment": 0,
                      "text": "奖 励",
                      "touchScaleEnable": false,
                      "vAlignment": 0
                    }
                  },
                  {
                    "classname": "ImageView",
                    "name": null,
                    "children": [],
                    "options": {
                      "__type": "ImageViewSurrogate:#EditorCommon.JsonModel.Component.GUI",
                      "classname": "ImageView",
                      "name": "img_line",
                      "ZOrder": 0,
                      "actiontag": 111573,
                      "anchorPointX": 0.5,
                      "anchorPointY": 0.5,
                      "classType": "ImageView",
                      "colorB": 255,
                      "colorG": 255,
                      "colorR": 255,
                      "customProperty": "",
                      "flipX": false,
                      "flipY": false,
                      "height": 8,
                      "ignoreSize": true,
                      "layoutParameter": null,
                      "opacity": 255,
                      "positionPercentX": 0.45045045,
                      "positionPercentY": 0.9764151,
                      "positionType": 0,
                      "rotation": 0,
                      "scaleX": 0.5999999,
                      "scaleY": 1,
                      "sizePercentX": 1.52927923,
                      "sizePercentY": 0.03773585,
                      "sizeType": 0,
                      "tag": 73087,
                      "touchAble": false,
                      "useMergedTexture": false,
                      "visible": true,
                      "width": 679,
                      "x": 200,
                      "y": 207,
                      "capInsetsHeight": 1,
                      "capInsetsWidth": 1,
                      "capInsetsX": 0,
                      "capInsetsY": 0,
                      "fileName": null,
                      "fileNameData": {
                        "path": "splitline.png",
                        "plistFile": "",
                        "resourceType": 1
                      },
                      "scale9Enable": false,
                      "scale9Height": 8,
                      "scale9Width": 679
                    }
                  },
                  {
                    "classname": "Panel",
                    "name": null,
                    "children": [],
                    "options": {
                      "__type": "PanelSurrogate:#EditorCommon.JsonModel.Component.GUI",
                      "classname": "Panel",
                      "name": "reward_panel1",
                      "ZOrder": 0,
                      "actiontag": 111593,
                      "anchorPointX": 0,
                      "anchorPointY": 0,
                      "classType": "Panel",
                      "colorB": 255,
                      "colorG": 255,
                      "colorR": 255,
                      "customProperty": "",
                      "flipX": false,
                      "flipY": false,
                      "height": 50,
                      "ignoreSize": false,
                      "layoutParameter": null,
                      "opacity": 255,
                      "positionPercentX": 0,
                      "positionPercentY": 0.5424528,
                      "positionType": 0,
                      "rotation": 0,
                      "scaleX": 1,
                      "scaleY": 1,
                      "sizePercentX": 1.00675678,
                      "sizePercentY": 0.235849053,
                      "sizeType": 0,
                      "tag": 73104,
                      "touchAble": false,
                      "useMergedTexture": false,
                      "visible": true,
                      "width": 447,
                      "x": 0,
                      "y": 115,
                      "adaptScreen": false,
                      "backGroundImage": null,
                      "backGroundImageData": null,
                      "backGroundScale9Enable": false,
                      "bgColorB": 255,
                      "bgColorG": 200,
                      "bgColorOpacity": 0,
                      "bgColorR": 150,
                      "bgEndColorB": 255,
                      "bgEndColorG": 200,
                      "bgEndColorR": 150,
                      "bgStartColorB": 255,
                      "bgStartColorG": 255,
                      "bgStartColorR": 255,
                      "capInsetsHeight": 1,
                      "capInsetsWidth": 1,
                      "capInsetsX": 0,
                      "capInsetsY": 0,
                      "clipAble": false,
                      "colorType": 1,
                      "layoutType": 0,
                      "vectorX": 0,
                      "vectorY": -0.5
                    }
                  },
                  {
                    "classname": "Panel",
                    "name": null,
                    "children": [],
                    "options": {
                      "__type": "PanelSurrogate:#EditorCommon.JsonModel.Component.GUI",
                      "classname": "Panel",
                      "name": "reward_panel2",
                      "ZOrder": 0,
                      "actiontag": 111596,
                      "anchorPointX": 0,
                      "anchorPointY": 0,
                      "classType": "Panel",
                      "colorB": 255,
                      "colorG": 255,
                      "colorR": 255,
                      "customProperty": "",
                      "flipX": false,
                      "flipY": false,
                      "height": 50,
                      "ignoreSize": false,
                      "layoutParameter": null,
                      "opacity": 255,
                      "positionPercentX": 0,
                      "positionPercentY": 0.292452842,
                      "positionType": 0,
                      "rotation": 0,
                      "scaleX": 1,
                      "scaleY": 1,
                      "sizePercentX": 1.00675678,
                      "sizePercentY": 0.235849053,
                      "sizeType": 0,
                      "tag": 73107,
                      "touchAble": false,
                      "useMergedTexture": false,
                      "visible": true,
                      "width": 447,
                      "x": 0,
                      "y": 62,
                      "adaptScreen": false,
                      "backGroundImage": null,
                      "backGroundImageData": null,
                      "backGroundScale9Enable": false,
                      "bgColorB": 255,
                      "bgColorG": 200,
                      "bgColorOpacity": 0,
                      "bgColorR": 150,
                      "bgEndColorB": 255,
                      "bgEndColorG": 200,
                      "bgEndColorR": 150,
                      "bgStartColorB": 255,
                      "bgStartColorG": 255,
                      "bgStartColorR": 255,
                      "capInsetsHeight": 1,
                      "capInsetsWidth": 1,
                      "capInsetsX": 0,
                      "capInsetsY": 0,
                      "clipAble": false,
                      "colorType": 1,
                      "layoutType": 0,
                      "vectorX": 0,
                      "vectorY": -0.5
                    }
                  }
                ],
                "options": {
                  "__type": "PanelSurrogate:#EditorCommon.JsonModel.Component.GUI",
                  "classname": "Panel",
                  "name": "panel_reward",
                  "ZOrder": 0,
                  "actiontag": 111611,
                  "anchorPointX": 0,
                  "anchorPointY": 0,
                  "classType": "Panel",
                  "colorB": 255,
                  "colorG": 255,
                  "colorR": 255,
                  "customProperty": "",
                  "flipX": false,
                  "flipY": false,
                  "height": 212,
                  "ignoreSize": false,
                  "layoutParameter": null,
                  "opacity": 255,
                  "positionPercentX": 0,
                  "positionPercentY": 0,
                  "positionType": 0,
                  "rotation": 0,
                  "scaleX": 1,
                  "scaleY": 1,
                  "sizePercentX": 0.9955157,
                  "sizePercentY": 0.471111119,
                  "sizeType": 0,
                  "tag": 73117,
                  "touchAble": false,
                  "useMergedTexture": false,
                  "visible": true,
                  "width": 444,
                  "x": 0,
                  "y": 0,
                  "adaptScreen": false,
                  "backGroundImage": null,
                  "backGroundImageData": null,
                  "backGroundScale9Enable": false,
                  "bgColorB": 255,
                  "bgColorG": 200,
                  "bgColorOpacity": 0,
                  "bgColorR": 150,
                  "bgEndColorB": 255,
                  "bgEndColorG": 200,
                  "bgEndColorR": 150,
                  "bgStartColorB": 255,
                  "bgStartColorG": 255,
                  "bgStartColorR": 255,
                  "capInsetsHeight": 1,
                  "capInsetsWidth": 1,
                  "capInsetsX": 0,
                  "capInsetsY": 0,
                  "clipAble": false,
                  "colorType": 1,
                  "layoutType": 0,
                  "vectorX": 0,
                  "vectorY": -0.5
                }
              },
              {
                "classname": "ImageView",
                "name": null,
                "children": [],
                "options": {
                  "__type": "ImageViewSurrogate:#EditorCommon.JsonModel.Component.GUI",
                  "classname": "ImageView",
                  "name": "img_longline1",
                  "ZOrder": 2,
                  "actiontag": 111556,
                  "anchorPointX": 0.5,
                  "anchorPointY": 0.5,
                  "classType": "ImageView",
                  "colorB": 255,
                  "colorG": 255,
                  "colorR": 255,
                  "customProperty": "",
                  "flipX": false,
                  "flipY": false,
                  "height": 8,
                  "ignoreSize": true,
                  "layoutParameter": null,
                  "opacity": 255,
                  "positionPercentX": -0.011210762,
                  "positionPercentY": 0.484444439,
                  "positionType": 0,
                  "rotation": 90,
                  "scaleX": 0.65,
                  "scaleY": 1,
                  "sizePercentX": 1.52242148,
                  "sizePercentY": 0.0177777782,
                  "sizeType": 0,
                  "tag": 73070,
                  "touchAble": false,
                  "useMergedTexture": false,
                  "visible": true,
                  "width": 679,
                  "x": -5,
                  "y": 218,
                  "capInsetsHeight": 1,
                  "capInsetsWidth": 1,
                  "capInsetsX": 0,
                  "capInsetsY": 0,
                  "fileName": null,
                  "fileNameData": {
                    "path": "splitline.png",
                    "plistFile": "",
                    "resourceType": 1
                  },
                  "scale9Enable": false,
                  "scale9Height": 8,
                  "scale9Width": 679
                }
              },
              {
                "classname": "ImageView",
                "name": null,
                "children": [],
                "options": {
                  "__type": "ImageViewSurrogate:#EditorCommon.JsonModel.Component.GUI",
                  "classname": "ImageView",
                  "name": "img_prompt1",
                  "ZOrder": 3,
                  "actiontag": 111557,
                  "anchorPointX": 0.5,
                  "anchorPointY": 0.5,
                  "classType": "ImageView",
                  "colorB": 255,
                  "colorG": 255,
                  "colorR": 255,
                  "customProperty": "",
                  "flipX": false,
                  "flipY": false,
                  "height": 104,
                  "ignoreSize": true,
                  "layoutParameter": null,
                  "opacity": 255,
                  "positionPercentX": -0.00224215258,
                  "positionPercentY": 0.873333335,
                  "positionType": 0,
                  "rotation": 0,
                  "scaleX": 1,
                  "scaleY": 1,
                  "sizePercentX": 0.0470852032,
                  "sizePercentY": 0.231111109,
                  "sizeType": 0,
                  "tag": 73071,
                  "touchAble": false,
                  "useMergedTexture": false,
                  "visible": true,
                  "width": 21,
                  "x": -1,
                  "y": 393,
                  "capInsetsHeight": 1,
                  "capInsetsWidth": 1,
                  "capInsetsX": 0,
                  "capInsetsY": 0,
                  "fileName": null,
                  "fileNameData": {
                    "path": "slider_prompt.png",
                    "plistFile": "",
                    "resourceType": 1
                  },
                  "scale9Enable": false,
                  "scale9Height": 104,
                  "scale9Width": 21
                }
              }
            ],
            "options": {
              "__type": "PanelSurrogate:#EditorCommon.JsonModel.Component.GUI",
              "classname": "Panel",
              "name": "panel_info",
              "ZOrder": 1,
              "actiontag": 111570,
              "anchorPointX": 0,
              "anchorPointY": 0,
              "classType": "Panel",
              "colorB": 255,
              "colorG": 255,
              "colorR": 255,
              "customProperty": "",
              "flipX": false,
              "flipY": false,
              "height": 450,
              "ignoreSize": false,
              "layoutParameter": null,
              "opacity": 255,
              "positionPercentX": 0.51171875,
              "positionPercentY": 0.1875,
              "positionType": 0,
              "rotation": 0,
              "scaleX": 1,
              "scaleY": 1,
              "sizePercentX": 0.3484375,
              "sizePercentY": 0.625,
              "sizeType": 0,
              "tag": 73084,
              "touchAble": false,
              "useMergedTexture": false,
              "visible": true,
              "width": 446,
              "x": 655,
              "y": 135,
              "adaptScreen": false,
              "backGroundImage": null,
              "backGroundImageData": null,
              "backGroundScale9Enable": false,
              "bgColorB": 255,
              "bgColorG": 200,
              "bgColorOpacity": 0,
              "bgColorR": 150,
              "bgEndColorB": 255,
              "bgEndColorG": 200,
              "bgEndColorR": 150,
              "bgStartColorB": 255,
              "bgStartColorG": 255,
              "bgStartColorR": 255,
              "capInsetsHeight": 1,
              "capInsetsWidth": 1,
              "capInsetsX": 0,
              "capInsetsY": 0,
              "clipAble": false,
              "colorType": 1,
              "layoutType": 0,
              "vectorX": 0,
              "vectorY": -0.5
            }
          },
          {
            "classname": "Button",
            "name": null,
            "children": [],
            "options": {
              "__type": "ButtonSurrogate:#EditorCommon.JsonModel.Component.GUI",
              "classname": "Button",
              "name": "btn_back",
              "ZOrder": 3,
              "actiontag": 111559,
              "anchorPointX": 0.5,
              "anchorPointY": 0.5,
              "classType": "Button",
              "colorB": 255,
              "colorG": 255,
              "colorR": 255,
              "customProperty": "",
              "flipX": false,
              "flipY": false,
              "height": 140,
              "ignoreSize": true,
              "layoutParameter": null,
              "opacity": 255,
              "positionPercentX": 0.8625,
              "positionPercentY": 0.8625,
              "positionType": 0,
              "rotation": 0,
              "scaleX": 0.799999952,
              "scaleY": 0.799999952,
              "sizePercentX": 0.108593747,
              "sizePercentY": 0.194444448,
              "sizeType": 0,
              "tag": 73073,
              "touchAble": true,
              "useMergedTexture": false,
              "visible": true,
              "width": 139,
              "x": 1104,
              "y": 621,
              "capInsetsHeight": 1,
              "capInsetsWidth": 1,
              "capInsetsX": 0,
              "capInsetsY": 0,
              "disabled": null,
              "disabledData": {
                "path": null,
                "plistFile": null,
                "resourceType": 0
              },
              "fontName": "微软雅黑",
              "fontSize": 14,
              "fontType": 0,
              "normal": null,
              "normalData": {
                "path": "btn_close.png",
                "plistFile": "",
                "resourceType": 1
              },
              "pressed": null,
              "pressedData": {
                "path": "btn_close_pressed.png",
                "plistFile": "",
                "resourceType": 1
              },
              "scale9Enable": false,
              "scale9Height": 140,
              "scale9Width": 139,
              "text": "",
              "textColorB": 255,
              "textColorG": 255,
              "textColorR": 255
            }
          }
        ],
        "options": {
          "__type": "PanelSurrogate:#EditorCommon.JsonModel.Component.GUI",
          "classname": "Panel",
          "name": "panel_view",
          "ZOrder": 0,
          "actiontag": 111548,
          "anchorPointX": 0,
          "anchorPointY": 0,
          "classType": "Panel",
          "colorB": 255,
          "colorG": 255,
          "colorR": 255,
          "customProperty": "",
          "flipX": false,
          "flipY": false,
          "height": 720,
          "ignoreSize": false,
          "layoutParameter": null,
          "opacity": 255,
          "positionPercentX": 0,
          "positionPercentY": 0,
          "positionType": 0,
          "rotation": 0,
          "scaleX": 1,
          "scaleY": 1,
          "sizePercentX": 1,
          "sizePercentY": 1,
          "sizeType": 0,
          "tag": 73062,
          "touchAble": false,
          "useMergedTexture": false,
          "visible": true,
          "width": 1280,
          "x": 0,
          "y": 0,
          "adaptScreen": false,
          "backGroundImage": null,
          "backGroundImageData": null,
          "backGroundScale9Enable": false,
          "bgColorB": 255,
          "bgColorG": 200,
          "bgColorOpacity": 0,
          "bgColorR": 150,
          "bgEndColorB": 255,
          "bgEndColorG": 200,
          "bgEndColorR": 150,
          "bgStartColorB": 255,
          "bgStartColorG": 255,
          "bgStartColorR": 255,
          "capInsetsHeight": 1,
          "capInsetsWidth": 1,
          "capInsetsX": 0,
          "capInsetsY": 0,
          "clipAble": false,
          "colorType": 1,
          "layoutType": 0,
          "vectorX": 0,
          "vectorY": -0.5
        }
      }
    ],
    "options": {
      "__type": "PanelSurrogate:#EditorCommon.JsonModel.Component.GUI",
      "classname": "Panel",
      "name": "panel_journal_layer",
      "ZOrder": 0,
      "actiontag": -1,
      "anchorPointX": 0,
      "anchorPointY": 0,
      "classType": "Panel",
      "colorB": 255,
      "colorG": 255,
      "colorR": 255,
      "customProperty": "",
      "flipX": false,
      "flipY": false,
      "height": 720,
      "ignoreSize": false,
      "layoutParameter": null,
      "opacity": 255,
      "positionPercentX": 0,
      "positionPercentY": 0,
      "positionType": 0,
      "rotation": 0,
      "scaleX": 1,
      "scaleY": 1,
      "sizePercentX": 0,
      "sizePercentY": 0,
      "sizeType": 0,
      "tag": 73061,
      "touchAble": true,
      "useMergedTexture": false,
      "visible": true,
      "width": 1280,
      "x": 0,
      "y": 0,
      "adaptScreen": false,
      "backGroundImage": null,
      "backGroundImageData": null,
      "backGroundScale9Enable": false,
      "bgColorB": 255,
      "bgColorG": 200,
      "bgColorOpacity": 0,
      "bgColorR": 150,
      "bgEndColorB": 255,
      "bgEndColorG": 200,
      "bgEndColorR": 150,
      "bgStartColorB": 255,
      "bgStartColorG": 255,
      "bgStartColorR": 255,
      "capInsetsHeight": 1,
      "capInsetsWidth": 1,
      "capInsetsX": 0,
      "capInsetsY": 0,
      "clipAble": false,
      "colorType": 1,
      "layoutType": 0,
      "vectorX": 0,
      "vectorY": -0.5
    }
  }
}
