{
  "classname": null,
  "name": null,
  "animation": {
    "classname": null,
    "name": "AnimationManager",
    "actionlist": []
  },
  "dataScale": 1,
  "designHeight": 720,
  "designWidth": 1280,
  "textures": [],
  "version": "1.3.0.1",
  "widgetTree": {
    "classname": "Panel",
    "name": null,
    "children": [
      {
        "classname": "Label",
        "name": null,
        "children": [],
        "options": {
          "__type": "LabelSurrogate:#EditorCommon.JsonModel.Component.GUI",
          "classname": "Label",
          "name": "lbl_journal",
          "ZOrder": 1,
          "actiontag": 111579,
          "anchorPointX": 0,
          "anchorPointY": 0.5,
          "classType": "Label",
          "colorB": 22,
          "colorG": 49,
          "colorR": 83,
          "customProperty": "",
          "flipX": false,
          "flipY": false,
          "height": 27,
          "ignoreSize": true,
          "layoutParameter": null,
          "opacity": 255,
          "positionPercentX": 0.171306208,
          "positionPercentY": 0.5068493,
          "positionType": 0,
          "rotation": 0,
          "scaleX": 1,
          "scaleY": 1,
          "sizePercentX": 0.6167024,
          "sizePercentY": 0.369863,
          "sizeType": 0,
          "tag": 73091,
          "touchAble": false,
          "useMergedTexture": false,
          "visible": true,
          "width": 288,
          "x": 80,
          "y": 37,
          "areaHeight": 0,
          "areaWidth": 0,
          "fontFile": null,
          "fontName": "FZDaBiaoSong-B06S.ttf",
          "fontSize": 24,
          "hAlignment": 0,
          "text": "完成关卡十次完成关卡十次",
          "touchScaleEnable": false,
          "vAlignment": 0
        }
      },
      {
        "classname": "Label",
        "name": null,
        "children": [],
        "options": {
          "__type": "LabelSurrogate:#EditorCommon.JsonModel.Component.GUI",
          "classname": "Label",
          "name": "lbl_val",
          "ZOrder": 1,
          "actiontag": 111589,
          "anchorPointX": 1,
          "anchorPointY": 0.5,
          "classType": "Label",
          "colorB": 22,
          "colorG": 49,
          "colorR": 83,
          "customProperty": "",
          "flipX": false,
          "flipY": false,
          "height": 27,
          "ignoreSize": true,
          "layoutParameter": null,
          "opacity": 255,
          "positionPercentX": 0.9700214,
          "positionPercentY": 0.5068493,
          "positionType": 0,
          "rotation": 0,
          "scaleX": 1,
          "scaleY": 1,
          "sizePercentX": 0.117773019,
          "sizePercentY": 0.369863,
          "sizeType": 0,
          "tag": 73101,
          "touchAble": false,
          "useMergedTexture": false,
          "visible": true,
          "width": 55,
          "x": 453,
          "y": 37,
          "areaHeight": 0,
          "areaWidth": 0,
          "fontFile": null,
          "fontName": "Britannic Bold.ttf",
          "fontSize": 24,
          "hAlignment": 0,
          "text": "1/10",
          "touchScaleEnable": false,
          "vAlignment": 0
        }
      },
      {
        "classname": "Button",
        "name": null,
        "children": [],
        "options": {
          "__type": "ButtonSurrogate:#EditorCommon.JsonModel.Component.GUI",
          "classname": "Button",
          "name": "btn_item",
          "ZOrder": 0,
          "actiontag": 111577,
          "anchorPointX": 0.5,
          "anchorPointY": 0.5,
          "classType": "Button",
          "colorB": 255,
          "colorG": 255,
          "colorR": 255,
          "customProperty": "",
          "flipX": false,
          "flipY": false,
          "height": 90,
          "ignoreSize": true,
          "layoutParameter": null,
          "opacity": 255,
          "positionPercentX": 0.494646668,
          "positionPercentY": 0.534246564,
          "positionType": 0,
          "rotation": 0,
          "scaleX": 0.5999999,
          "scaleY": 0.799999952,
          "sizePercentX": 1.65738761,
          "sizePercentY": 1.23287666,
          "sizeType": 0,
          "tag": 73089,
          "touchAble": true,
          "useMergedTexture": false,
          "visible": true,
          "width": 774,
          "x": 231,
          "y": 39,
          "capInsetsHeight": 1,
          "capInsetsWidth": 1,
          "capInsetsX": 0,
          "capInsetsY": 0,
          "disabled": null,
          "disabledData": {
            "path": "showself.png",
            "plistFile": "",
            "resourceType": 1
          },
          "fontName": "微软雅黑",
          "fontSize": 14,
          "fontType": 0,
          "normal": null,
          "normalData": {
            "path": "selectguild.png",
            "plistFile": "",
            "resourceType": 1
          },
          "pressed": null,
          "pressedData": {
            "path": "guildmembers_bg.png",
            "plistFile": "",
            "resourceType": 1
          },
          "scale9Enable": false,
          "scale9Height": 90,
          "scale9Width": 774,
          "text": "",
          "textColorB": 255,
          "textColorG": 255,
          "textColorR": 255
        }
      },
      {
        "classname": "ImageView",
        "name": null,
        "children": [],
        "options": {
          "__type": "ImageViewSurrogate:#EditorCommon.JsonModel.Component.GUI",
          "classname": "ImageView",
          "name": "img_icon",
          "ZOrder": 1,
          "actiontag": 111587,
          "anchorPointX": 0.5,
          "anchorPointY": 0.5,
          "classType": "ImageView",
          "colorB": 255,
          "colorG": 255,
          "colorR": 255,
          "customProperty": "",
          "flipX": false,
          "flipY": false,
          "height": 53,
          "ignoreSize": true,
          "layoutParameter": null,
          "opacity": 255,
          "positionPercentX": 0.1006424,
          "positionPercentY": 0.5068493,
          "positionType": 0,
          "rotation": 0,
          "scaleX": 1,
          "scaleY": 1,
          "sizePercentX": 0.122055672,
          "sizePercentY": 0.726027369,
          "sizeType": 0,
          "tag": 73099,
          "touchAble": false,
          "useMergedTexture": false,
          "visible": true,
          "width": 57,
          "x": 47,
          "y": 37,
          "capInsetsHeight": 1,
          "capInsetsWidth": 1,
          "capInsetsX": 0,
          "capInsetsY": 0,
          "fileName": null,
          "fileNameData": {
            "path": "icon_kinfe.png",
            "plistFile": "",
            "resourceType": 1
          },
          "scale9Enable": false,
          "scale9Height": 53,
          "scale9Width": 57
        }
      },
      {
        "classname": "ImageView",
        "name": null,
        "children": [],
        "options": {
          "__type": "ImageViewSurrogate:#EditorCommon.JsonModel.Component.GUI",
          "classname": "ImageView",
          "name": "img_finish",
          "ZOrder": 0,
          "actiontag": 111633,
          "anchorPointX": 0.5,
          "anchorPointY": 0.5,
          "classType": "ImageView",
          "colorB": 255,
          "colorG": 255,
          "colorR": 255,
          "customProperty": "",
          "flipX": false,
          "flipY": false,
          "height": 80,
          "ignoreSize": true,
          "layoutParameter": null,
          "opacity": 255,
          "positionPercentX": 0.895074964,
          "positionPercentY": 0.5068493,
          "positionType": 0,
          "rotation": 0,
          "scaleX": 0.799999952,
          "scaleY": 0.799999952,
          "sizePercentX": 0.211991429,
          "sizePercentY": 1.0958904,
          "sizeType": 0,
          "tag": 73134,
          "touchAble": false,
          "useMergedTexture": false,
          "visible": false,
          "width": 99,
          "x": 418,
          "y": 37,
          "capInsetsHeight": 1,
          "capInsetsWidth": 1,
          "capInsetsX": 0,
          "capInsetsY": 0,
          "fileName": null,
          "fileNameData": {
            "path": "finish.png",
            "plistFile": "",
            "resourceType": 1
          },
          "scale9Enable": false,
          "scale9Height": 80,
          "scale9Width": 99
        }
      }
    ],
    "options": {
      "__type": "PanelSurrogate:#EditorCommon.JsonModel.Component.GUI",
      "classname": "Panel",
      "name": "panel_task_item",
      "ZOrder": 0,
      "actiontag": -1,
      "anchorPointX": 0,
      "anchorPointY": 0,
      "classType": "Panel",
      "colorB": 255,
      "colorG": 255,
      "colorR": 255,
      "customProperty": "",
      "flipX": false,
      "flipY": false,
      "height": 73,
      "ignoreSize": false,
      "layoutParameter": null,
      "opacity": 255,
      "positionPercentX": 0,
      "positionPercentY": 0,
      "positionType": 0,
      "rotation": 0,
      "scaleX": 1,
      "scaleY": 1,
      "sizePercentX": 0,
      "sizePercentY": 0,
      "sizeType": 0,
      "tag": 73088,
      "touchAble": true,
      "useMergedTexture": false,
      "visible": true,
      "width": 467,
      "x": 0,
      "y": 0,
      "adaptScreen": false,
      "backGroundImage": null,
      "backGroundImageData": null,
      "backGroundScale9Enable": false,
      "bgColorB": 255,
      "bgColorG": 200,
      "bgColorOpacity": 0,
      "bgColorR": 150,
      "bgEndColorB": 255,
      "bgEndColorG": 200,
      "bgEndColorR": 150,
      "bgStartColorB": 255,
      "bgStartColorG": 255,
      "bgStartColorR": 255,
      "capInsetsHeight": 1,
      "capInsetsWidth": 1,
      "capInsetsX": 0,
      "capInsetsY": 0,
      "clipAble": false,
      "colorType": 1,
      "layoutType": 0,
      "vectorX": 0,
      "vectorY": -0.5
    }
  }
}
