{
  "classname": null,
  "name": null,
  "animation": {
    "classname": null,
    "name": "AnimationManager",
    "actionlist": []
  },
  "dataScale": 1,
  "designHeight": 720,
  "designWidth": 1280,
  "textures": [],
  "version": "1.3.0.1",
  "widgetTree": {
    "classname": "Panel",
    "name": null,
    "children": [
      {
        "classname": "ImageView",
        "name": null,
        "children": [
          {
            "classname": "Label",
            "name": null,
            "children": [],
            "options": {
              "__type": "LabelSurrogate:#EditorCommon.JsonModel.Component.GUI",
              "classname": "Label",
              "name": "lbl_teamName",
              "ZOrder": 1,
              "actiontag": 141271,
              "anchorPointX": 0.5,
              "anchorPointY": 0.5,
              "classType": "Label",
              "colorB": 22,
              "colorG": 49,
              "colorR": 83,
              "customProperty": "",
              "flipX": false,
              "flipY": false,
              "height": 41,
              "ignoreSize": true,
              "layoutParameter": null,
              "opacity": 255,
              "positionPercentX": 0.0045454544,
              "positionPercentY": 0.30625,
              "positionType": 0,
              "rotation": 0,
              "scaleX": 1,
              "scaleY": 1,
              "sizePercentX": 0.4909091,
              "sizePercentY": 0.128125,
              "sizeType": 0,
              "tag": 99599,
              "touchAble": false,
              "useMergedTexture": false,
              "visible": true,
              "width": 108,
              "x": 1,
              "y": 98,
              "areaHeight": 0,
              "areaWidth": 0,
              "fontFile": null,
              "fontName": "FZDaBiaoSong-B06S.ttf",
              "fontSize": 36,
              "hAlignment": 0,
              "text": "远征队",
              "touchScaleEnable": false,
              "vAlignment": 0
            }
          },
          {
            "classname": "Label",
            "name": null,
            "children": [],
            "options": {
              "__type": "LabelSurrogate:#EditorCommon.JsonModel.Component.GUI",
              "classname": "Label",
              "name": "lbl_attack_txt",
              "ZOrder": 1,
              "actiontag": 103362,
              "anchorPointX": 0.5,
              "anchorPointY": 0.5,
              "classType": "Label",
              "colorB": 22,
              "colorG": 49,
              "colorR": 83,
              "customProperty": "",
              "flipX": false,
              "flipY": false,
              "height": 29,
              "ignoreSize": true,
              "layoutParameter": null,
              "opacity": 255,
              "positionPercentX": 0,
              "positionPercentY": 0.134375,
              "positionType": 0,
              "rotation": 0,
              "scaleX": 1,
              "scaleY": 1,
              "sizePercentX": 0.354545444,
              "sizePercentY": 0.090625,
              "sizeType": 0,
              "tag": 65744,
              "touchAble": false,
              "useMergedTexture": false,
              "visible": true,
              "width": 78,
              "x": 0,
              "y": 43,
              "areaHeight": 0,
              "areaWidth": 0,
              "fontFile": null,
              "fontName": "FZDaBiaoSong-B06S.ttf",
              "fontSize": 26,
              "hAlignment": 0,
              "text": "战斗力",
              "touchScaleEnable": false,
              "vAlignment": 0
            }
          },
          {
            "classname": "Label",
            "name": null,
            "children": [],
            "options": {
              "__type": "LabelSurrogate:#EditorCommon.JsonModel.Component.GUI",
              "classname": "Label",
              "name": "lbl_material_txt",
              "ZOrder": 1,
              "actiontag": 103363,
              "anchorPointX": 0.5,
              "anchorPointY": 0.5,
              "classType": "Label",
              "colorB": 22,
              "colorG": 49,
              "colorR": 83,
              "customProperty": "",
              "flipX": false,
              "flipY": false,
              "height": 29,
              "ignoreSize": true,
              "layoutParameter": null,
              "opacity": 255,
              "positionPercentX": 0,
              "positionPercentY": -0.1875,
              "positionType": 0,
              "rotation": 0,
              "scaleX": 1,
              "scaleY": 1,
              "sizePercentX": 0.354545444,
              "sizePercentY": 0.090625,
              "sizeType": 0,
              "tag": 65745,
              "touchAble": false,
              "useMergedTexture": false,
              "visible": true,
              "width": 78,
              "x": 0,
              "y": -60,
              "areaHeight": 0,
              "areaWidth": 0,
              "fontFile": null,
              "fontName": "FZDaBiaoSong-B06S.ttf",
              "fontSize": 26,
              "hAlignment": 0,
              "text": "补给值",
              "touchScaleEnable": false,
              "vAlignment": 0
            }
          },
          {
            "classname": "Label",
            "name": null,
            "children": [],
            "options": {
              "__type": "LabelSurrogate:#EditorCommon.JsonModel.Component.GUI",
              "classname": "Label",
              "name": "lbl_attack",
              "ZOrder": 1,
              "actiontag": 36202,
              "anchorPointX": 0.5,
              "anchorPointY": 0.5,
              "classType": "Label",
              "colorB": 22,
              "colorG": 49,
              "colorR": 83,
              "customProperty": "",
              "flipX": false,
              "flipY": false,
              "height": 58,
              "ignoreSize": true,
              "layoutParameter": null,
              "opacity": 255,
              "positionPercentX": 0,
              "positionPercentY": -0.015625,
              "positionType": 0,
              "rotation": 0,
              "scaleX": 1,
              "scaleY": 1,
              "sizePercentX": 0.581818163,
              "sizePercentY": 0.18125,
              "sizeType": 0,
              "tag": 6013,
              "touchAble": false,
              "useMergedTexture": false,
              "visible": true,
              "width": 128,
              "x": 0,
              "y": -5,
              "areaHeight": 0,
              "areaWidth": 0,
              "fontFile": null,
              "fontName": "Britannic Bold.ttf",
              "fontSize": 52,
              "hAlignment": 0,
              "text": "9999",
              "touchScaleEnable": false,
              "vAlignment": 0
            }
          },
          {
            "classname": "Label",
            "name": null,
            "children": [],
            "options": {
              "__type": "LabelSurrogate:#EditorCommon.JsonModel.Component.GUI",
              "classname": "Label",
              "name": "lbl_material",
              "ZOrder": 1,
              "actiontag": 36203,
              "anchorPointX": 0.5,
              "anchorPointY": 0.5,
              "classType": "Label",
              "colorB": 22,
              "colorG": 49,
              "colorR": 83,
              "customProperty": "",
              "flipX": false,
              "flipY": false,
              "height": 36,
              "ignoreSize": true,
              "layoutParameter": null,
              "opacity": 255,
              "positionPercentX": 0,
              "positionPercentY": -0.303125,
              "positionType": 0,
              "rotation": 0,
              "scaleX": 1,
              "scaleY": 1,
              "sizePercentX": 0.363636374,
              "sizePercentY": 0.1125,
              "sizeType": 0,
              "tag": 6014,
              "touchAble": false,
              "useMergedTexture": false,
              "visible": true,
              "width": 80,
              "x": 0,
              "y": -97,
              "areaHeight": 0,
              "areaWidth": 0,
              "fontFile": null,
              "fontName": "Britannic Bold.ttf",
              "fontSize": 32,
              "hAlignment": 0,
              "text": "9999",
              "touchScaleEnable": false,
              "vAlignment": 0
            }
          }
        ],
        "options": {
          "__type": "ImageViewSurrogate:#EditorCommon.JsonModel.Component.GUI",
          "classname": "ImageView",
          "name": "img_info_bg",
          "ZOrder": 0,
          "actiontag": 42473,
          "anchorPointX": 0.5,
          "anchorPointY": 0.5,
          "classType": "ImageView",
          "colorB": 255,
          "colorG": 255,
          "colorR": 255,
          "customProperty": "",
          "flipX": false,
          "flipY": false,
          "height": 320,
          "ignoreSize": false,
          "layoutParameter": null,
          "opacity": 255,
          "positionPercentX": 0.08046875,
          "positionPercentY": 0.754166663,
          "positionType": 0,
          "rotation": 0,
          "scaleX": 1,
          "scaleY": 1,
          "sizePercentX": 0.171875,
          "sizePercentY": 0.444444448,
          "sizeType": 0,
          "tag": 11622,
          "touchAble": false,
          "useMergedTexture": false,
          "visible": true,
          "width": 220,
          "x": 103,
          "y": 543,
          "capInsetsHeight": 1,
          "capInsetsWidth": 1,
          "capInsetsX": 0,
          "capInsetsY": 0,
          "fileName": null,
          "fileNameData": {
            "path": "team_info_bg.png",
            "plistFile": "",
            "resourceType": 1
          },
          "scale9Enable": false,
          "scale9Height": 320,
          "scale9Width": 220
        }
      },
      {
        "classname": "ImageView",
        "name": null,
        "children": [],
        "options": {
          "__type": "ImageViewSurrogate:#EditorCommon.JsonModel.Component.GUI",
          "classname": "ImageView",
          "name": "img_hero_bg",
          "ZOrder": 0,
          "actiontag": 141486,
          "anchorPointX": 0.5,
          "anchorPointY": 0.5,
          "classType": "ImageView",
          "colorB": 255,
          "colorG": 255,
          "colorR": 255,
          "customProperty": "",
          "flipX": false,
          "flipY": false,
          "height": 546,
          "ignoreSize": false,
          "layoutParameter": null,
          "opacity": 255,
          "positionPercentX": 0.5023438,
          "positionPercentY": 0.08472222,
          "positionType": 0,
          "rotation": 0,
          "scaleX": 1,
          "scaleY": 1,
          "sizePercentX": 1.0078125,
          "sizePercentY": 0.7583333,
          "sizeType": 0,
          "tag": 99814,
          "touchAble": false,
          "useMergedTexture": false,
          "visible": true,
          "width": 1290,
          "x": 643,
          "y": 61,
          "capInsetsHeight": 1,
          "capInsetsWidth": 1,
          "capInsetsX": 0,
          "capInsetsY": 0,
          "fileName": null,
          "fileNameData": {
            "path": "PvrCcz/m_bg/guild_bg.pvr.ccz",
            "plistFile": "",
            "resourceType": 0
          },
          "scale9Enable": false,
          "scale9Height": 546,
          "scale9Width": 1290
        }
      },
      {
        "classname": "ScrollView",
        "name": null,
        "children": [],
        "options": {
          "__type": "ScrollViewSurrogate:#EditorCommon.JsonModel.Component.GUI",
          "classname": "ScrollView",
          "name": "hero_list",
          "ZOrder": 2,
          "actiontag": 79854,
          "anchorPointX": 0,
          "anchorPointY": 0,
          "classType": "ScrollView",
          "colorB": 255,
          "colorG": 255,
          "colorR": 255,
          "customProperty": "",
          "flipX": false,
          "flipY": false,
          "height": 350,
          "ignoreSize": false,
          "layoutParameter": null,
          "opacity": 255,
          "positionPercentX": 0,
          "positionPercentY": 0,
          "positionType": 0,
          "rotation": 0,
          "scaleX": 1,
          "scaleY": 1,
          "sizePercentX": 1,
          "sizePercentY": 0.4861111,
          "sizeType": 0,
          "tag": 44909,
          "touchAble": true,
          "useMergedTexture": false,
          "visible": true,
          "width": 1280,
          "x": 0,
          "y": 0,
          "backGroundImage": null,
          "backGroundImageData": null,
          "backGroundScale9Enable": false,
          "bgColorB": 0,
          "bgColorG": 0,
          "bgColorOpacity": 0,
          "bgColorR": 0,
          "bgEndColorB": 100,
          "bgEndColorG": 150,
          "bgEndColorR": 255,
          "bgStartColorB": 255,
          "bgStartColorG": 255,
          "bgStartColorR": 255,
          "bounceEnable": false,
          "capInsetsHeight": 1,
          "capInsetsWidth": 1,
          "capInsetsX": 0,
          "capInsetsY": 0,
          "clipAble": false,
          "colorType": 1,
          "direction": 2,
          "innerHeight": 350,
          "innerWidth": 1280,
          "layoutType": 0,
          "vectorX": 0,
          "vectorY": -0.5
        }
      },
      {
        "classname": "Panel",
        "name": null,
        "children": [
          {
            "classname": "Panel",
            "name": null,
            "children": [],
            "options": {
              "__type": "PanelSurrogate:#EditorCommon.JsonModel.Component.GUI",
              "classname": "Panel",
              "name": "item_list",
              "ZOrder": 0,
              "actiontag": 80861,
              "anchorPointX": 0,
              "anchorPointY": 0,
              "classType": "Panel",
              "colorB": 255,
              "colorG": 255,
              "colorR": 255,
              "customProperty": "",
              "flipX": false,
              "flipY": false,
              "height": 340,
              "ignoreSize": false,
              "layoutParameter": null,
              "opacity": 255,
              "positionPercentX": 0.014130435,
              "positionPercentY": 0.0294117648,
              "positionType": 0,
              "rotation": 0,
              "scaleX": 1,
              "scaleY": 1,
              "sizePercentX": 0.9782609,
              "sizePercentY": 1,
              "sizeType": 0,
              "tag": 45797,
              "touchAble": false,
              "useMergedTexture": false,
              "visible": true,
              "width": 900,
              "x": 13,
              "y": 10,
              "adaptScreen": false,
              "backGroundImage": null,
              "backGroundImageData": null,
              "backGroundScale9Enable": false,
              "bgColorB": 255,
              "bgColorG": 200,
              "bgColorOpacity": 0,
              "bgColorR": 150,
              "bgEndColorB": 255,
              "bgEndColorG": 200,
              "bgEndColorR": 150,
              "bgStartColorB": 255,
              "bgStartColorG": 255,
              "bgStartColorR": 255,
              "capInsetsHeight": 1,
              "capInsetsWidth": 1,
              "capInsetsX": 0,
              "capInsetsY": 0,
              "clipAble": true,
              "colorType": 1,
              "layoutType": 0,
              "vectorX": 0,
              "vectorY": -0.5
            }
          },
          {
            "classname": "ImageView",
            "name": null,
            "children": [],
            "options": {
              "__type": "ImageViewSurrogate:#EditorCommon.JsonModel.Component.GUI",
              "classname": "ImageView",
              "name": "img_car_bar",
              "ZOrder": 1,
              "actiontag": 81911,
              "anchorPointX": 0.5,
              "anchorPointY": 0.5,
              "classType": "ImageView",
              "colorB": 255,
              "colorG": 255,
              "colorR": 255,
              "customProperty": "",
              "flipX": false,
              "flipY": false,
              "height": 380,
              "ignoreSize": false,
              "layoutParameter": null,
              "opacity": 255,
              "positionPercentX": 0.5,
              "positionPercentY": 0.5117647,
              "positionType": 0,
              "rotation": 0,
              "scaleX": 1,
              "scaleY": 1,
              "sizePercentX": 1.0380435,
              "sizePercentY": 1.117647,
              "sizeType": 0,
              "tag": 46730,
              "touchAble": false,
              "useMergedTexture": false,
              "visible": true,
              "width": 955,
              "x": 460,
              "y": 174,
              "capInsetsHeight": 300,
              "capInsetsWidth": 500,
              "capInsetsX": 200,
              "capInsetsY": 100,
              "fileName": null,
              "fileNameData": {
                "path": "PvrCcz/m_bg/tool_item_bar.pvr.ccz",
                "plistFile": "",
                "resourceType": 0
              },
              "scale9Enable": true,
              "scale9Height": 380,
              "scale9Width": 955
            }
          }
        ],
        "options": {
          "__type": "PanelSurrogate:#EditorCommon.JsonModel.Component.GUI",
          "classname": "Panel",
          "name": "card_panel",
          "ZOrder": 1,
          "actiontag": 81912,
          "anchorPointX": 0,
          "anchorPointY": 0,
          "classType": "Panel",
          "colorB": 255,
          "colorG": 255,
          "colorR": 255,
          "customProperty": "",
          "flipX": false,
          "flipY": false,
          "height": 340,
          "ignoreSize": false,
          "layoutParameter": null,
          "opacity": 255,
          "positionPercentX": 0.166406244,
          "positionPercentY": 0.5013889,
          "positionType": 0,
          "rotation": 0,
          "scaleX": 1,
          "scaleY": 1,
          "sizePercentX": 0.71875,
          "sizePercentY": 0.4722222,
          "sizeType": 0,
          "tag": 46731,
          "touchAble": true,
          "useMergedTexture": false,
          "visible": true,
          "width": 920,
          "x": 213,
          "y": 361,
          "adaptScreen": false,
          "backGroundImage": null,
          "backGroundImageData": null,
          "backGroundScale9Enable": false,
          "bgColorB": 0,
          "bgColorG": 0,
          "bgColorOpacity": 180,
          "bgColorR": 0,
          "bgEndColorB": 255,
          "bgEndColorG": 200,
          "bgEndColorR": 150,
          "bgStartColorB": 255,
          "bgStartColorG": 255,
          "bgStartColorR": 255,
          "capInsetsHeight": 1,
          "capInsetsWidth": 1,
          "capInsetsX": 0,
          "capInsetsY": 0,
          "clipAble": false,
          "colorType": 1,
          "layoutType": 0,
          "vectorX": 0,
          "vectorY": -0.5
        }
      },
      {
        "classname": "Button",
        "name": null,
        "children": [
          {
            "classname": "Label",
            "name": null,
            "children": [],
            "options": {
              "__type": "LabelSurrogate:#EditorCommon.JsonModel.Component.GUI",
              "classname": "Label",
              "name": "lbl_back_s",
              "ZOrder": 0,
              "actiontag": 31773,
              "anchorPointX": 0.5,
              "anchorPointY": 0.5,
              "classType": "Label",
              "colorB": 0,
              "colorG": 0,
              "colorR": 0,
              "customProperty": "",
              "flipX": false,
              "flipY": false,
              "height": 41,
              "ignoreSize": true,
              "layoutParameter": null,
              "opacity": 255,
              "positionPercentX": 0.01910828,
              "positionPercentY": -0.0259740259,
              "positionType": 0,
              "rotation": 0,
              "scaleX": 1,
              "scaleY": 1,
              "sizePercentX": 0.611465,
              "sizePercentY": 0.532467544,
              "sizeType": 0,
              "tag": 679,
              "touchAble": false,
              "useMergedTexture": false,
              "visible": true,
              "width": 96,
              "x": 3,
              "y": -2,
              "areaHeight": 0,
              "areaWidth": 0,
              "fontFile": null,
              "fontName": "FZDaBiaoSong-B06S.ttf",
              "fontSize": 36,
              "hAlignment": 0,
              "text": "返  回",
              "touchScaleEnable": false,
              "vAlignment": 0
            }
          },
          {
            "classname": "Label",
            "name": null,
            "children": [],
            "options": {
              "__type": "LabelSurrogate:#EditorCommon.JsonModel.Component.GUI",
              "classname": "Label",
              "name": "lbl_back",
              "ZOrder": 1,
              "actiontag": 31774,
              "anchorPointX": 0.5,
              "anchorPointY": 0.5,
              "classType": "Label",
              "colorB": 255,
              "colorG": 255,
              "colorR": 255,
              "customProperty": "",
              "flipX": false,
              "flipY": false,
              "height": 41,
              "ignoreSize": true,
              "layoutParameter": null,
              "opacity": 255,
              "positionPercentX": 0,
              "positionPercentY": 0,
              "positionType": 0,
              "rotation": 0,
              "scaleX": 1,
              "scaleY": 1,
              "sizePercentX": 0.611465,
              "sizePercentY": 0.532467544,
              "sizeType": 0,
              "tag": 679,
              "touchAble": false,
              "useMergedTexture": false,
              "visible": true,
              "width": 96,
              "x": 0,
              "y": 0,
              "areaHeight": 0,
              "areaWidth": 0,
              "fontFile": null,
              "fontName": "FZDaBiaoSong-B06S.ttf",
              "fontSize": 36,
              "hAlignment": 0,
              "text": "返  回",
              "touchScaleEnable": false,
              "vAlignment": 0
            }
          },
          {
            "classname": "ImageView",
            "name": null,
            "children": [],
            "options": {
              "__type": "ImageViewSurrogate:#EditorCommon.JsonModel.Component.GUI",
              "classname": "ImageView",
              "name": "img_chain",
              "ZOrder": 0,
              "actiontag": 80866,
              "anchorPointX": 0.5,
              "anchorPointY": 0.5,
              "classType": "ImageView",
              "colorB": 255,
              "colorG": 255,
              "colorR": 255,
              "customProperty": "",
              "flipX": false,
              "flipY": false,
              "height": 74,
              "ignoreSize": true,
              "layoutParameter": null,
              "opacity": 255,
              "positionPercentX": 0,
              "positionPercentY": 0.77922076,
              "positionType": 0,
              "rotation": 0,
              "scaleX": 1,
              "scaleY": 1,
              "sizePercentX": 0.7643312,
              "sizePercentY": 0.961038947,
              "sizeType": 0,
              "tag": 45802,
              "touchAble": false,
              "useMergedTexture": false,
              "visible": true,
              "width": 120,
              "x": 0,
              "y": 60,
              "capInsetsHeight": 1,
              "capInsetsWidth": 1,
              "capInsetsX": 0,
              "capInsetsY": 0,
              "fileName": null,
              "fileNameData": {
                "path": "chain_2.png",
                "plistFile": "",
                "resourceType": 1
              },
              "scale9Enable": false,
              "scale9Height": 74,
              "scale9Width": 120
            }
          }
        ],
        "options": {
          "__type": "ButtonSurrogate:#EditorCommon.JsonModel.Component.GUI",
          "classname": "Button",
          "name": "btn_back",
          "ZOrder": 2,
          "actiontag": 31772,
          "anchorPointX": 0.5,
          "anchorPointY": 0.5,
          "classType": "Button",
          "colorB": 255,
          "colorG": 255,
          "colorR": 255,
          "customProperty": "",
          "flipX": false,
          "flipY": false,
          "height": 77,
          "ignoreSize": true,
          "layoutParameter": null,
          "opacity": 255,
          "positionPercentX": 0.94375,
          "positionPercentY": 0.9027778,
          "positionType": 0,
          "rotation": 0,
          "scaleX": 0.8,
          "scaleY": 0.8,
          "sizePercentX": 0.122656249,
          "sizePercentY": 0.106944442,
          "sizeType": 0,
          "tag": 678,
          "touchAble": true,
          "useMergedTexture": false,
          "visible": true,
          "width": 157,
          "x": 1208,
          "y": 650,
          "capInsetsHeight": 0,
          "capInsetsWidth": 0,
          "capInsetsX": 0,
          "capInsetsY": 0,
          "disabled": null,
          "disabledData": {
            "path": null,
            "plistFile": null,
            "resourceType": 0
          },
          "fontName": "微软雅黑",
          "fontSize": 36,
          "fontType": 0,
          "normal": null,
          "normalData": {
            "path": "btn_brown.png",
            "plistFile": "",
            "resourceType": 1
          },
          "pressed": null,
          "pressedData": {
            "path": "btn_brown_pressed.png",
            "plistFile": "",
            "resourceType": 1
          },
          "scale9Enable": false,
          "scale9Height": 77,
          "scale9Width": 157,
          "text": "",
          "textColorB": 0,
          "textColorG": 0,
          "textColorR": 0
        }
      },
      {
        "classname": "Button",
        "name": null,
        "children": [
          {
            "classname": "Label",
            "name": null,
            "children": [],
            "options": {
              "__type": "LabelSurrogate:#EditorCommon.JsonModel.Component.GUI",
              "classname": "Label",
              "name": "lbl_go_s",
              "ZOrder": 0,
              "actiontag": 141490,
              "anchorPointX": 0.5,
              "anchorPointY": 0.5,
              "classType": "Label",
              "colorB": 0,
              "colorG": 0,
              "colorR": 0,
              "customProperty": "",
              "flipX": false,
              "flipY": false,
              "height": 45,
              "ignoreSize": true,
              "layoutParameter": null,
              "opacity": 255,
              "positionPercentX": 0.0157894734,
              "positionPercentY": -0.009009009,
              "positionType": 0,
              "rotation": 0,
              "scaleX": 1,
              "scaleY": 1,
              "sizePercentX": 0.557894766,
              "sizePercentY": 0.4054054,
              "sizeType": 0,
              "tag": 99818,
              "touchAble": false,
              "useMergedTexture": false,
              "visible": true,
              "width": 106,
              "x": 3,
              "y": -1,
              "areaHeight": 0,
              "areaWidth": 0,
              "fontFile": null,
              "fontName": "FZDaBiaoSong-B06S.ttf",
              "fontSize": 40,
              "hAlignment": 0,
              "text": "远  征",
              "touchScaleEnable": false,
              "vAlignment": 0
            }
          },
          {
            "classname": "Label",
            "name": null,
            "children": [],
            "options": {
              "__type": "LabelSurrogate:#EditorCommon.JsonModel.Component.GUI",
              "classname": "Label",
              "name": "lbl_go",
              "ZOrder": 1,
              "actiontag": 141491,
              "anchorPointX": 0.5,
              "anchorPointY": 0.5,
              "classType": "Label",
              "colorB": 255,
              "colorG": 255,
              "colorR": 255,
              "customProperty": "",
              "flipX": false,
              "flipY": false,
              "height": 45,
              "ignoreSize": true,
              "layoutParameter": null,
              "opacity": 255,
              "positionPercentX": 0,
              "positionPercentY": 0.009009009,
              "positionType": 0,
              "rotation": 0,
              "scaleX": 1,
              "scaleY": 1,
              "sizePercentX": 0.557894766,
              "sizePercentY": 0.4054054,
              "sizeType": 0,
              "tag": 99819,
              "touchAble": false,
              "useMergedTexture": false,
              "visible": true,
              "width": 106,
              "x": 0,
              "y": 1,
              "areaHeight": 0,
              "areaWidth": 0,
              "fontFile": null,
              "fontName": "FZDaBiaoSong-B06S.ttf",
              "fontSize": 40,
              "hAlignment": 0,
              "text": "远  征",
              "touchScaleEnable": false,
              "vAlignment": 0
            }
          },
          {
            "classname": "ImageView",
            "name": null,
            "children": [],
            "options": {
              "__type": "ImageViewSurrogate:#EditorCommon.JsonModel.Component.GUI",
              "classname": "ImageView",
              "name": "img_chain_2",
              "ZOrder": 0,
              "actiontag": 141492,
              "anchorPointX": 0.5,
              "anchorPointY": 0.5,
              "classType": "ImageView",
              "colorB": 255,
              "colorG": 255,
              "colorR": 255,
              "customProperty": "",
              "flipX": false,
              "flipY": false,
              "height": 74,
              "ignoreSize": true,
              "layoutParameter": null,
              "opacity": 255,
              "positionPercentX": 0,
              "positionPercentY": 0.7207207,
              "positionType": 0,
              "rotation": 0,
              "scaleX": 1,
              "scaleY": 1,
              "sizePercentX": 0.6315789,
              "sizePercentY": 0.6666667,
              "sizeType": 0,
              "tag": 99820,
              "touchAble": false,
              "useMergedTexture": false,
              "visible": true,
              "width": 120,
              "x": 0,
              "y": 80,
              "capInsetsHeight": 1,
              "capInsetsWidth": 1,
              "capInsetsX": 0,
              "capInsetsY": 0,
              "fileName": null,
              "fileNameData": {
                "path": "chain_2.png",
                "plistFile": "",
                "resourceType": 1
              },
              "scale9Enable": false,
              "scale9Height": 74,
              "scale9Width": 120
            }
          }
        ],
        "options": {
          "__type": "ButtonSurrogate:#EditorCommon.JsonModel.Component.GUI",
          "classname": "Button",
          "name": "btn_go",
          "ZOrder": 2,
          "actiontag": 141489,
          "anchorPointX": 0.5,
          "anchorPointY": 0.5,
          "classType": "Button",
          "colorB": 255,
          "colorG": 255,
          "colorR": 255,
          "customProperty": "",
          "flipX": false,
          "flipY": false,
          "height": 111,
          "ignoreSize": true,
          "layoutParameter": null,
          "opacity": 255,
          "positionPercentX": 0.94375,
          "positionPercentY": 0.745833337,
          "positionType": 0,
          "rotation": 0,
          "scaleX": 0.75,
          "scaleY": 0.8,
          "sizePercentX": 0.1484375,
          "sizePercentY": 0.154166669,
          "sizeType": 0,
          "tag": 99817,
          "touchAble": true,
          "useMergedTexture": false,
          "visible": true,
          "width": 190,
          "x": 1208,
          "y": 537,
          "capInsetsHeight": 0,
          "capInsetsWidth": 0,
          "capInsetsX": 0,
          "capInsetsY": 0,
          "disabled": null,
          "disabledData": {
            "path": "btn_fat_disabled.png",
            "plistFile": "",
            "resourceType": 1
          },
          "fontName": "微软雅黑",
          "fontSize": 36,
          "fontType": 0,
          "normal": null,
          "normalData": {
            "path": "btn_fat.png",
            "plistFile": "",
            "resourceType": 1
          },
          "pressed": null,
          "pressedData": {
            "path": "btn_fat_pressed.png",
            "plistFile": "",
            "resourceType": 1
          },
          "scale9Enable": false,
          "scale9Height": 111,
          "scale9Width": 190,
          "text": "",
          "textColorB": 0,
          "textColorG": 0,
          "textColorR": 0
        }
      }
    ],
    "options": {
      "__type": "PanelSurrogate:#EditorCommon.JsonModel.Component.GUI",
      "classname": "Panel",
      "name": "member_panel",
      "ZOrder": 0,
      "actiontag": -1,
      "anchorPointX": 0,
      "anchorPointY": 0,
      "classType": "Panel",
      "colorB": 255,
      "colorG": 255,
      "colorR": 255,
      "customProperty": "",
      "flipX": false,
      "flipY": false,
      "height": 720,
      "ignoreSize": false,
      "layoutParameter": null,
      "opacity": 255,
      "positionPercentX": 0,
      "positionPercentY": 0,
      "positionType": 0,
      "rotation": 0,
      "scaleX": 1,
      "scaleY": 1,
      "sizePercentX": 0,
      "sizePercentY": 0,
      "sizeType": 0,
      "tag": 1341,
      "touchAble": false,
      "useMergedTexture": false,
      "visible": true,
      "width": 1280,
      "x": 0,
      "y": 0,
      "adaptScreen": false,
      "backGroundImage": null,
      "backGroundImageData": {
        "path": "PvrCcz/m_bg/exloading.pvr.ccz",
        "plistFile": "",
        "resourceType": 0
      },
      "backGroundScale9Enable": false,
      "bgColorB": 255,
      "bgColorG": 200,
      "bgColorOpacity": 0,
      "bgColorR": 150,
      "bgEndColorB": 255,
      "bgEndColorG": 200,
      "bgEndColorR": 150,
      "bgStartColorB": 255,
      "bgStartColorG": 255,
      "bgStartColorR": 255,
      "capInsetsHeight": 0,
      "capInsetsWidth": 0,
      "capInsetsX": 0,
      "capInsetsY": 0,
      "clipAble": true,
      "colorType": 1,
      "layoutType": 0,
      "vectorX": 0,
      "vectorY": -0.5
    }
  }
}
