{
  "classname": null,
  "name": null,
  "animation": {
    "classname": null,
    "name": "AnimationManager",
    "actionlist": []
  },
  "dataScale": 1,
  "designHeight": 720,
  "designWidth": 1280,
  "textures": [],
  "version": "1.3.0.1",
  "widgetTree": {
    "classname": "Panel",
    "name": null,
    "children": [
      {
        "classname": "ImageView",
        "name": null,
        "children": [
          {
            "classname": "Label",
            "name": null,
            "children": [],
            "options": {
              "__type": "LabelSurrogate:#EditorCommon.JsonModel.Component.GUI",
              "classname": "Label",
              "name": "lbl_train",
              "ZOrder": 1,
              "actiontag": 36201,
              "anchorPointX": 0,
              "anchorPointY": 0.5,
              "classType": "Label",
              "colorB": 255,
              "colorG": 255,
              "colorR": 255,
              "customProperty": "",
              "flipX": false,
              "flipY": false,
              "height": 36,
              "ignoreSize": true,
              "layoutParameter": null,
              "opacity": 255,
              "positionPercentX": -0.397321433,
              "positionPercentY": 0,
              "positionType": 0,
              "rotation": 0,
              "scaleX": 1,
              "scaleY": 1,
              "sizePercentX": 0.8125,
              "sizePercentY": 0.642857134,
              "sizeType": 0,
              "tag": 6012,
              "touchAble": false,
              "useMergedTexture": false,
              "visible": true,
              "width": 182,
              "x": -89,
              "y": 0,
              "areaHeight": 0,
              "areaWidth": 0,
              "fontFile": null,
              "fontName": "FZDaBiaoSong-B06S.ttf",
              "fontSize": 32,
              "hAlignment": 0,
              "text": "探险队 LV99",
              "touchScaleEnable": false,
              "vAlignment": 0
            }
          }
        ],
        "options": {
          "__type": "ImageViewSurrogate:#EditorCommon.JsonModel.Component.GUI",
          "classname": "ImageView",
          "name": "img_trainname_bg",
          "ZOrder": 1,
          "actiontag": 103359,
          "anchorPointX": 0.5,
          "anchorPointY": 0.5,
          "classType": "ImageView",
          "colorB": 255,
          "colorG": 255,
          "colorR": 255,
          "customProperty": "",
          "flipX": false,
          "flipY": false,
          "height": 56,
          "ignoreSize": true,
          "layoutParameter": null,
          "opacity": 255,
          "positionPercentX": 0.0875,
          "positionPercentY": 0.9583333,
          "positionType": 0,
          "rotation": 0,
          "scaleX": 1,
          "scaleY": 1,
          "sizePercentX": 0.175,
          "sizePercentY": 0.07777778,
          "sizeType": 0,
          "tag": 65741,
          "touchAble": false,
          "useMergedTexture": false,
          "visible": true,
          "width": 224,
          "x": 112,
          "y": 690,
          "capInsetsHeight": 1,
          "capInsetsWidth": 1,
          "capInsetsX": 0,
          "capInsetsY": 0,
          "fileName": null,
          "fileNameData": {
            "path": "invite_lbl_bg.png",
            "plistFile": "",
            "resourceType": 1
          },
          "scale9Enable": false,
          "scale9Height": 56,
          "scale9Width": 224
        }
      },
      {
        "classname": "ImageView",
        "name": null,
        "children": [
          {
            "classname": "Label",
            "name": null,
            "children": [],
            "options": {
              "__type": "LabelSurrogate:#EditorCommon.JsonModel.Component.GUI",
              "classname": "Label",
              "name": "lbl_attack_txt",
              "ZOrder": 1,
              "actiontag": 103362,
              "anchorPointX": 0,
              "anchorPointY": 0.5,
              "classType": "Label",
              "colorB": 22,
              "colorG": 49,
              "colorR": 83,
              "customProperty": "",
              "flipX": false,
              "flipY": false,
              "height": 32,
              "ignoreSize": true,
              "layoutParameter": null,
              "opacity": 255,
              "positionPercentX": 0.08148148,
              "positionPercentY": 0.6516129,
              "positionType": 0,
              "rotation": 0,
              "scaleX": 1,
              "scaleY": 1,
              "sizePercentX": 0.344444454,
              "sizePercentY": 0.20645161,
              "sizeType": 0,
              "tag": 65744,
              "touchAble": false,
              "useMergedTexture": false,
              "visible": true,
              "width": 93,
              "x": 22,
              "y": 101,
              "areaHeight": 0,
              "areaWidth": 0,
              "fontFile": null,
              "fontName": "FZDaBiaoSong-B06S.ttf",
              "fontSize": 28,
              "hAlignment": 0,
              "text": "战斗力:",
              "touchScaleEnable": false,
              "vAlignment": 0
            }
          },
          {
            "classname": "Label",
            "name": null,
            "children": [],
            "options": {
              "__type": "LabelSurrogate:#EditorCommon.JsonModel.Component.GUI",
              "classname": "Label",
              "name": "lbl_material_txt",
              "ZOrder": 1,
              "actiontag": 103363,
              "anchorPointX": 0,
              "anchorPointY": 0.5,
              "classType": "Label",
              "colorB": 22,
              "colorG": 49,
              "colorR": 83,
              "customProperty": "",
              "flipX": false,
              "flipY": false,
              "height": 32,
              "ignoreSize": true,
              "layoutParameter": null,
              "opacity": 255,
              "positionPercentX": 0.0851851851,
              "positionPercentY": 0.283870965,
              "positionType": 0,
              "rotation": 0,
              "scaleX": 1,
              "scaleY": 1,
              "sizePercentX": 0.344444454,
              "sizePercentY": 0.20645161,
              "sizeType": 0,
              "tag": 65745,
              "touchAble": false,
              "useMergedTexture": false,
              "visible": true,
              "width": 93,
              "x": 23,
              "y": 44,
              "areaHeight": 0,
              "areaWidth": 0,
              "fontFile": null,
              "fontName": "FZDaBiaoSong-B06S.ttf",
              "fontSize": 28,
              "hAlignment": 0,
              "text": "补给值:",
              "touchScaleEnable": false,
              "vAlignment": 0
            }
          },
          {
            "classname": "Label",
            "name": null,
            "children": [],
            "options": {
              "__type": "LabelSurrogate:#EditorCommon.JsonModel.Component.GUI",
              "classname": "Label",
              "name": "lbl_attack",
              "ZOrder": 1,
              "actiontag": 36202,
              "anchorPointX": 0,
              "anchorPointY": 0.5,
              "classType": "Label",
              "colorB": 22,
              "colorG": 49,
              "colorR": 83,
              "customProperty": "",
              "flipX": false,
              "flipY": false,
              "height": 58,
              "ignoreSize": true,
              "layoutParameter": null,
              "opacity": 255,
              "positionPercentX": 0.462962955,
              "positionPercentY": 0.6516129,
              "positionType": 0,
              "rotation": 0,
              "scaleX": 1,
              "scaleY": 1,
              "sizePercentX": 0.385185182,
              "sizePercentY": 0.335483879,
              "sizeType": 0,
              "tag": 6013,
              "touchAble": false,
              "useMergedTexture": false,
              "visible": true,
              "width": 128,
              "x": 125,
              "y": 101,
              "areaHeight": 0,
              "areaWidth": 0,
              "fontFile": null,
              "fontName": "Britannic Bold.ttf",
              "fontSize": 52,
              "hAlignment": 0,
              "text": "9999",
              "touchScaleEnable": false,
              "vAlignment": 0
            }
          },
          {
            "classname": "Label",
            "name": null,
            "children": [],
            "options": {
              "__type": "LabelSurrogate:#EditorCommon.JsonModel.Component.GUI",
              "classname": "Label",
              "name": "lbl_material",
              "ZOrder": 1,
              "actiontag": 36203,
              "anchorPointX": 0,
              "anchorPointY": 0.5,
              "classType": "Label",
              "colorB": 22,
              "colorG": 49,
              "colorR": 83,
              "customProperty": "",
              "flipX": false,
              "flipY": false,
              "height": 36,
              "ignoreSize": true,
              "layoutParameter": null,
              "opacity": 255,
              "positionPercentX": 0.4814815,
              "positionPercentY": 0.277419358,
              "positionType": 0,
              "rotation": 0,
              "scaleX": 1,
              "scaleY": 1,
              "sizePercentX": 0.237037033,
              "sizePercentY": 0.212903231,
              "sizeType": 0,
              "tag": 6014,
              "touchAble": false,
              "useMergedTexture": false,
              "visible": true,
              "width": 80,
              "x": 130,
              "y": 43,
              "areaHeight": 0,
              "areaWidth": 0,
              "fontFile": null,
              "fontName": "Britannic Bold.ttf",
              "fontSize": 32,
              "hAlignment": 0,
              "text": "9999",
              "touchScaleEnable": false,
              "vAlignment": 0
            }
          }
        ],
        "options": {
          "__type": "ImageViewSurrogate:#EditorCommon.JsonModel.Component.GUI",
          "classname": "ImageView",
          "name": "img_info_bg",
          "ZOrder": 0,
          "actiontag": 42473,
          "anchorPointX": 0,
          "anchorPointY": 0,
          "classType": "ImageView",
          "colorB": 255,
          "colorG": 255,
          "colorR": 255,
          "customProperty": "",
          "flipX": false,
          "flipY": false,
          "height": 155,
          "ignoreSize": false,
          "layoutParameter": null,
          "opacity": 255,
          "positionPercentX": 0.690625,
          "positionPercentY": 0.7861111,
          "positionType": 0,
          "rotation": 0,
          "scaleX": 1,
          "scaleY": 1,
          "sizePercentX": 0.2109375,
          "sizePercentY": 0.215277776,
          "sizeType": 0,
          "tag": 11622,
          "touchAble": false,
          "useMergedTexture": false,
          "visible": true,
          "width": 270,
          "x": 884,
          "y": 566,
          "capInsetsHeight": 1,
          "capInsetsWidth": 1,
          "capInsetsX": 0,
          "capInsetsY": 0,
          "fileName": null,
          "fileNameData": {
            "path": "team_info_bg.png",
            "plistFile": "",
            "resourceType": 1
          },
          "scale9Enable": false,
          "scale9Height": 155,
          "scale9Width": 270
        }
      },
      {
        "classname": "Panel",
        "name": null,
        "children": [
          {
            "classname": "ImageView",
            "name": null,
            "children": [],
            "options": {
              "__type": "ImageViewSurrogate:#EditorCommon.JsonModel.Component.GUI",
              "classname": "ImageView",
              "name": "img_car_bar",
              "ZOrder": 1,
              "actiontag": 81911,
              "anchorPointX": 0.5,
              "anchorPointY": 0.5,
              "classType": "ImageView",
              "colorB": 255,
              "colorG": 255,
              "colorR": 255,
              "customProperty": "",
              "flipX": false,
              "flipY": false,
              "height": 585,
              "ignoreSize": false,
              "layoutParameter": null,
              "opacity": 255,
              "positionPercentX": 0.504878044,
              "positionPercentY": 0.5027027,
              "positionType": 0,
              "rotation": 0,
              "scaleX": 1,
              "scaleY": 1,
              "sizePercentX": 1.04065037,
              "sizePercentY": 1.054054,
              "sizeType": 0,
              "tag": 46730,
              "touchAble": false,
              "useMergedTexture": false,
              "visible": true,
              "width": 1280,
              "x": 621,
              "y": 279,
              "capInsetsHeight": 300,
              "capInsetsWidth": 500,
              "capInsetsX": 200,
              "capInsetsY": 100,
              "fileName": null,
              "fileNameData": {
                "path": "PvrCcz/m_bg/tool_item_bar.pvr.ccz",
                "plistFile": "",
                "resourceType": 0
              },
              "scale9Enable": true,
              "scale9Height": 585,
              "scale9Width": 1280
            }
          },
          {
            "classname": "ScrollView",
            "name": null,
            "children": [],
            "options": {
              "__type": "ScrollViewSurrogate:#EditorCommon.JsonModel.Component.GUI",
              "classname": "ScrollView",
              "name": "hero_list",
              "ZOrder": 0,
              "actiontag": 79854,
              "anchorPointX": 0,
              "anchorPointY": 0,
              "classType": "ScrollView",
              "colorB": 255,
              "colorG": 255,
              "colorR": 255,
              "customProperty": "",
              "flipX": false,
              "flipY": false,
              "height": 560,
              "ignoreSize": false,
              "layoutParameter": null,
              "opacity": 255,
              "positionPercentX": 0,
              "positionPercentY": 0,
              "positionType": 0,
              "rotation": 0,
              "scaleX": 1,
              "scaleY": 1,
              "sizePercentX": 1,
              "sizePercentY": 1.009009,
              "sizeType": 0,
              "tag": 44909,
              "touchAble": true,
              "useMergedTexture": false,
              "visible": true,
              "width": 1230,
              "x": 0,
              "y": 0,
              "backGroundImage": null,
              "backGroundImageData": null,
              "backGroundScale9Enable": false,
              "bgColorB": 100,
              "bgColorG": 150,
              "bgColorOpacity": 0,
              "bgColorR": 255,
              "bgEndColorB": 100,
              "bgEndColorG": 150,
              "bgEndColorR": 255,
              "bgStartColorB": 255,
              "bgStartColorG": 255,
              "bgStartColorR": 255,
              "bounceEnable": false,
              "capInsetsHeight": 1,
              "capInsetsWidth": 1,
              "capInsetsX": 0,
              "capInsetsY": 0,
              "clipAble": false,
              "colorType": 1,
              "direction": 2,
              "innerHeight": 560,
              "innerWidth": 1230,
              "layoutType": 0,
              "vectorX": 0,
              "vectorY": -0.5
            }
          }
        ],
        "options": {
          "__type": "PanelSurrogate:#EditorCommon.JsonModel.Component.GUI",
          "classname": "Panel",
          "name": "card_panel",
          "ZOrder": 1,
          "actiontag": 81912,
          "anchorPointX": 0,
          "anchorPointY": 0,
          "classType": "Panel",
          "colorB": 255,
          "colorG": 255,
          "colorR": 255,
          "customProperty": "",
          "flipX": false,
          "flipY": false,
          "height": 555,
          "ignoreSize": false,
          "layoutParameter": null,
          "opacity": 255,
          "positionPercentX": 0.015625,
          "positionPercentY": 0.0166666675,
          "positionType": 0,
          "rotation": 0,
          "scaleX": 1,
          "scaleY": 1,
          "sizePercentX": 0.9609375,
          "sizePercentY": 0.7708333,
          "sizeType": 0,
          "tag": 46731,
          "touchAble": true,
          "useMergedTexture": false,
          "visible": true,
          "width": 1230,
          "x": 20,
          "y": 12,
          "adaptScreen": false,
          "backGroundImage": null,
          "backGroundImageData": null,
          "backGroundScale9Enable": false,
          "bgColorB": 0,
          "bgColorG": 0,
          "bgColorOpacity": 180,
          "bgColorR": 0,
          "bgEndColorB": 255,
          "bgEndColorG": 200,
          "bgEndColorR": 150,
          "bgStartColorB": 255,
          "bgStartColorG": 255,
          "bgStartColorR": 255,
          "capInsetsHeight": 1,
          "capInsetsWidth": 1,
          "capInsetsX": 0,
          "capInsetsY": 0,
          "clipAble": false,
          "colorType": 1,
          "layoutType": 0,
          "vectorX": 0,
          "vectorY": -0.5
        }
      },
      {
        "classname": "Panel",
        "name": null,
        "children": [],
        "options": {
          "__type": "PanelSurrogate:#EditorCommon.JsonModel.Component.GUI",
          "classname": "Panel",
          "name": "item_list",
          "ZOrder": 2,
          "actiontag": 80861,
          "anchorPointX": 0,
          "anchorPointY": 0,
          "classType": "Panel",
          "colorB": 255,
          "colorG": 255,
          "colorR": 255,
          "customProperty": "",
          "flipX": false,
          "flipY": false,
          "height": 142,
          "ignoreSize": false,
          "layoutParameter": null,
          "opacity": 255,
          "positionPercentX": 0.1796875,
          "positionPercentY": 0.7972222,
          "positionType": 0,
          "rotation": 0,
          "scaleX": 1,
          "scaleY": 1,
          "sizePercentX": 0.515625,
          "sizePercentY": 0.197222218,
          "sizeType": 0,
          "tag": 45797,
          "touchAble": false,
          "useMergedTexture": false,
          "visible": true,
          "width": 660,
          "x": 230,
          "y": 574,
          "adaptScreen": false,
          "backGroundImage": null,
          "backGroundImageData": null,
          "backGroundScale9Enable": false,
          "bgColorB": 255,
          "bgColorG": 200,
          "bgColorOpacity": 0,
          "bgColorR": 150,
          "bgEndColorB": 255,
          "bgEndColorG": 200,
          "bgEndColorR": 150,
          "bgStartColorB": 255,
          "bgStartColorG": 255,
          "bgStartColorR": 255,
          "capInsetsHeight": 1,
          "capInsetsWidth": 1,
          "capInsetsX": 0,
          "capInsetsY": 0,
          "clipAble": false,
          "colorType": 1,
          "layoutType": 0,
          "vectorX": 0,
          "vectorY": -0.5
        }
      },
      {
        "classname": "Button",
        "name": null,
        "children": [
          {
            "classname": "Label",
            "name": null,
            "children": [],
            "options": {
              "__type": "LabelSurrogate:#EditorCommon.JsonModel.Component.GUI",
              "classname": "Label",
              "name": "lbl_back_s",
              "ZOrder": 0,
              "actiontag": 31773,
              "anchorPointX": 0.5,
              "anchorPointY": 0.5,
              "classType": "Label",
              "colorB": 0,
              "colorG": 0,
              "colorR": 0,
              "customProperty": "",
              "flipX": false,
              "flipY": false,
              "height": 41,
              "ignoreSize": true,
              "layoutParameter": null,
              "opacity": 255,
              "positionPercentX": 0.01910828,
              "positionPercentY": -0.0259740259,
              "positionType": 0,
              "rotation": 0,
              "scaleX": 1,
              "scaleY": 1,
              "sizePercentX": 0.611465,
              "sizePercentY": 0.532467544,
              "sizeType": 0,
              "tag": 679,
              "touchAble": false,
              "useMergedTexture": false,
              "visible": true,
              "width": 96,
              "x": 3,
              "y": -2,
              "areaHeight": 0,
              "areaWidth": 0,
              "fontFile": null,
              "fontName": "FZDaBiaoSong-B06S.ttf",
              "fontSize": 36,
              "hAlignment": 0,
              "text": "返  回",
              "touchScaleEnable": false,
              "vAlignment": 0
            }
          },
          {
            "classname": "Label",
            "name": null,
            "children": [],
            "options": {
              "__type": "LabelSurrogate:#EditorCommon.JsonModel.Component.GUI",
              "classname": "Label",
              "name": "lbl_back",
              "ZOrder": 1,
              "actiontag": 31774,
              "anchorPointX": 0.5,
              "anchorPointY": 0.5,
              "classType": "Label",
              "colorB": 255,
              "colorG": 255,
              "colorR": 255,
              "customProperty": "",
              "flipX": false,
              "flipY": false,
              "height": 41,
              "ignoreSize": true,
              "layoutParameter": null,
              "opacity": 255,
              "positionPercentX": 0,
              "positionPercentY": 0,
              "positionType": 0,
              "rotation": 0,
              "scaleX": 1,
              "scaleY": 1,
              "sizePercentX": 0.611465,
              "sizePercentY": 0.532467544,
              "sizeType": 0,
              "tag": 679,
              "touchAble": false,
              "useMergedTexture": false,
              "visible": true,
              "width": 96,
              "x": 0,
              "y": 0,
              "areaHeight": 0,
              "areaWidth": 0,
              "fontFile": null,
              "fontName": "FZDaBiaoSong-B06S.ttf",
              "fontSize": 36,
              "hAlignment": 0,
              "text": "返  回",
              "touchScaleEnable": false,
              "vAlignment": 0
            }
          },
          {
            "classname": "ImageView",
            "name": null,
            "children": [],
            "options": {
              "__type": "ImageViewSurrogate:#EditorCommon.JsonModel.Component.GUI",
              "classname": "ImageView",
              "name": "img_chain",
              "ZOrder": 0,
              "actiontag": 80866,
              "anchorPointX": 0.5,
              "anchorPointY": 0.5,
              "classType": "ImageView",
              "colorB": 255,
              "colorG": 255,
              "colorR": 255,
              "customProperty": "",
              "flipX": false,
              "flipY": false,
              "height": 74,
              "ignoreSize": true,
              "layoutParameter": null,
              "opacity": 255,
              "positionPercentX": 0,
              "positionPercentY": 0.77922076,
              "positionType": 0,
              "rotation": 0,
              "scaleX": 1,
              "scaleY": 1,
              "sizePercentX": 0.7643312,
              "sizePercentY": 0.961038947,
              "sizeType": 0,
              "tag": 45802,
              "touchAble": false,
              "useMergedTexture": false,
              "visible": true,
              "width": 120,
              "x": 0,
              "y": 60,
              "capInsetsHeight": 1,
              "capInsetsWidth": 1,
              "capInsetsX": 0,
              "capInsetsY": 0,
              "fileName": null,
              "fileNameData": {
                "path": "chain_2.png",
                "plistFile": "",
                "resourceType": 1
              },
              "scale9Enable": false,
              "scale9Height": 74,
              "scale9Width": 120
            }
          }
        ],
        "options": {
          "__type": "ButtonSurrogate:#EditorCommon.JsonModel.Component.GUI",
          "classname": "Button",
          "name": "btn_back",
          "ZOrder": 2,
          "actiontag": 31772,
          "anchorPointX": 0.5,
          "anchorPointY": 0.5,
          "classType": "Button",
          "colorB": 255,
          "colorG": 255,
          "colorR": 255,
          "customProperty": "",
          "flipX": false,
          "flipY": false,
          "height": 77,
          "ignoreSize": true,
          "layoutParameter": null,
          "opacity": 255,
          "positionPercentX": 0.9476563,
          "positionPercentY": 0.9027778,
          "positionType": 0,
          "rotation": 0,
          "scaleX": 0.8,
          "scaleY": 0.8,
          "sizePercentX": 0.122656249,
          "sizePercentY": 0.106944442,
          "sizeType": 0,
          "tag": 678,
          "touchAble": true,
          "useMergedTexture": false,
          "visible": true,
          "width": 157,
          "x": 1213,
          "y": 650,
          "capInsetsHeight": 0,
          "capInsetsWidth": 0,
          "capInsetsX": 0,
          "capInsetsY": 0,
          "disabled": null,
          "disabledData": {
            "path": null,
            "plistFile": null,
            "resourceType": 0
          },
          "fontName": "微软雅黑",
          "fontSize": 36,
          "fontType": 0,
          "normal": null,
          "normalData": {
            "path": "btn_brown.png",
            "plistFile": "",
            "resourceType": 1
          },
          "pressed": null,
          "pressedData": {
            "path": "btn_brown_pressed.png",
            "plistFile": "",
            "resourceType": 1
          },
          "scale9Enable": false,
          "scale9Height": 77,
          "scale9Width": 157,
          "text": "",
          "textColorB": 0,
          "textColorG": 0,
          "textColorR": 0
        }
      }
    ],
    "options": {
      "__type": "PanelSurrogate:#EditorCommon.JsonModel.Component.GUI",
      "classname": "Panel",
      "name": "member_panel",
      "ZOrder": 0,
      "actiontag": -1,
      "anchorPointX": 0,
      "anchorPointY": 0,
      "classType": "Panel",
      "colorB": 255,
      "colorG": 255,
      "colorR": 255,
      "customProperty": "",
      "flipX": false,
      "flipY": false,
      "height": 720,
      "ignoreSize": false,
      "layoutParameter": null,
      "opacity": 255,
      "positionPercentX": 0,
      "positionPercentY": 0,
      "positionType": 0,
      "rotation": 0,
      "scaleX": 1,
      "scaleY": 1,
      "sizePercentX": 0,
      "sizePercentY": 0,
      "sizeType": 0,
      "tag": 1341,
      "touchAble": false,
      "useMergedTexture": false,
      "visible": true,
      "width": 1280,
      "x": 0,
      "y": 0,
      "adaptScreen": false,
      "backGroundImage": null,
      "backGroundImageData": {
        "path": "PvrCcz/m_bg/shop_bg.pvr.ccz",
        "plistFile": "",
        "resourceType": 0
      },
      "backGroundScale9Enable": false,
      "bgColorB": 255,
      "bgColorG": 200,
      "bgColorOpacity": 0,
      "bgColorR": 150,
      "bgEndColorB": 255,
      "bgEndColorG": 200,
      "bgEndColorR": 150,
      "bgStartColorB": 255,
      "bgStartColorG": 255,
      "bgStartColorR": 255,
      "capInsetsHeight": 0,
      "capInsetsWidth": 0,
      "capInsetsX": 0,
      "capInsetsY": 0,
      "clipAble": true,
      "colorType": 1,
      "layoutType": 0,
      "vectorX": 0,
      "vectorY": -0.5
    }
  }
}
