{
  "classname": null,
  "name": null,
  "animation": {
    "classname": null,
    "name": "AnimationManager",
    "actionlist": []
  },
  "dataScale": 1,
  "designHeight": 720,
  "designWidth": 1280,
  "textures": [],
  "version": "1.3.0.1",
  "widgetTree": {
    "classname": "Panel",
    "name": null,
    "children": [
      {
        "classname": "ImageView",
        "name": null,
        "children": [
          {
            "classname": "Panel",
            "name": null,
            "children": [],
            "options": {
              "__type": "PanelSurrogate:#EditorCommon.JsonModel.Component.GUI",
              "classname": "Panel",
              "name": "award_panel1",
              "ZOrder": 0,
              "actiontag": 74920,
              "anchorPointX": 0,
              "anchorPointY": 0,
              "classType": "Panel",
              "colorB": 255,
              "colorG": 255,
              "colorR": 255,
              "customProperty": "",
              "flipX": false,
              "flipY": false,
              "height": 48,
              "ignoreSize": false,
              "layoutParameter": null,
              "opacity": 255,
              "positionPercentX": -0.4050179,
              "positionPercentY": -0.148748159,
              "positionType": 0,
              "rotation": 0,
              "scaleX": 1,
              "scaleY": 1,
              "sizePercentX": 0.8064516,
              "sizePercentY": 0.0706922,
              "sizeType": 0,
              "tag": 40547,
              "touchAble": false,
              "useMergedTexture": false,
              "visible": true,
              "width": 450,
              "x": -226,
              "y": -101,
              "adaptScreen": false,
              "backGroundImage": null,
              "backGroundImageData": null,
              "backGroundScale9Enable": false,
              "bgColorB": 255,
              "bgColorG": 200,
              "bgColorOpacity": 0,
              "bgColorR": 150,
              "bgEndColorB": 255,
              "bgEndColorG": 200,
              "bgEndColorR": 150,
              "bgStartColorB": 255,
              "bgStartColorG": 255,
              "bgStartColorR": 255,
              "capInsetsHeight": 1,
              "capInsetsWidth": 1,
              "capInsetsX": 0,
              "capInsetsY": 0,
              "clipAble": false,
              "colorType": 1,
              "layoutType": 2,
              "vectorX": 0,
              "vectorY": -0.5
            }
          },
          {
            "classname": "Panel",
            "name": null,
            "children": [],
            "options": {
              "__type": "PanelSurrogate:#EditorCommon.JsonModel.Component.GUI",
              "classname": "Panel",
              "name": "award_panel2",
              "ZOrder": 0,
              "actiontag": 74919,
              "anchorPointX": 0,
              "anchorPointY": 0,
              "classType": "Panel",
              "colorB": 255,
              "colorG": 255,
              "colorR": 255,
              "customProperty": "",
              "flipX": false,
              "flipY": false,
              "height": 48,
              "ignoreSize": false,
              "layoutParameter": null,
              "opacity": 255,
              "positionPercentX": -0.43369177,
              "positionPercentY": -0.262150228,
              "positionType": 0,
              "rotation": 0,
              "scaleX": 1,
              "scaleY": 1,
              "sizePercentX": 0.860215068,
              "sizePercentY": 0.0706922,
              "sizeType": 0,
              "tag": 40546,
              "touchAble": false,
              "useMergedTexture": false,
              "visible": true,
              "width": 480,
              "x": -242,
              "y": -178,
              "adaptScreen": false,
              "backGroundImage": null,
              "backGroundImageData": null,
              "backGroundScale9Enable": false,
              "bgColorB": 255,
              "bgColorG": 200,
              "bgColorOpacity": 0,
              "bgColorR": 150,
              "bgEndColorB": 255,
              "bgEndColorG": 200,
              "bgEndColorR": 150,
              "bgStartColorB": 255,
              "bgStartColorG": 255,
              "bgStartColorR": 255,
              "capInsetsHeight": 1,
              "capInsetsWidth": 1,
              "capInsetsX": 0,
              "capInsetsY": 0,
              "clipAble": false,
              "colorType": 1,
              "layoutType": 2,
              "vectorX": 0,
              "vectorY": -0.5
            }
          },
          {
            "classname": "Label",
            "name": null,
            "children": [],
            "options": {
              "__type": "LabelSurrogate:#EditorCommon.JsonModel.Component.GUI",
              "classname": "Label",
              "name": "lbl_title",
              "ZOrder": 0,
              "actiontag": 27919,
              "anchorPointX": 0.5,
              "anchorPointY": 0.5,
              "classType": "Label",
              "colorB": 22,
              "colorG": 49,
              "colorR": 83,
              "customProperty": "",
              "flipX": false,
              "flipY": false,
              "height": 45,
              "ignoreSize": true,
              "layoutParameter": null,
              "opacity": 255,
              "positionPercentX": -0.0143369175,
              "positionPercentY": 0.3843888,
              "positionType": 0,
              "rotation": 0,
              "scaleX": 1,
              "scaleY": 1,
              "sizePercentX": 0.501792133,
              "sizePercentY": 0.0603829175,
              "sizeType": 0,
              "tag": 1218,
              "touchAble": false,
              "useMergedTexture": false,
              "visible": true,
              "width": 280,
              "x": -8,
              "y": 261,
              "areaHeight": 0,
              "areaWidth": 0,
              "fontFile": null,
              "fontName": "FZDaBiaoSong-B06S.ttf",
              "fontSize": 40,
              "hAlignment": 0,
              "text": "矿洞遭受了攻击",
              "touchScaleEnable": false,
              "vAlignment": 0
            }
          },
          {
            "classname": "ImageView",
            "name": null,
            "children": [],
            "options": {
              "__type": "ImageViewSurrogate:#EditorCommon.JsonModel.Component.GUI",
              "classname": "ImageView",
              "name": "img_item",
              "ZOrder": 1,
              "actiontag": 27920,
              "anchorPointX": 0.5,
              "anchorPointY": 0.5,
              "classType": "ImageView",
              "colorB": 255,
              "colorG": 255,
              "colorR": 255,
              "customProperty": "",
              "flipX": false,
              "flipY": false,
              "height": 180,
              "ignoreSize": true,
              "layoutParameter": null,
              "opacity": 255,
              "positionPercentX": 0.00358422939,
              "positionPercentY": 0.213549331,
              "positionType": 0,
              "rotation": 0,
              "scaleX": 0.9,
              "scaleY": 0.9,
              "sizePercentX": 0.297491044,
              "sizePercentY": 0.265095741,
              "sizeType": 0,
              "tag": 1219,
              "touchAble": false,
              "useMergedTexture": false,
              "visible": true,
              "width": 166,
              "x": 2,
              "y": 145,
              "capInsetsHeight": 0,
              "capInsetsWidth": 0,
              "capInsetsX": 0,
              "capInsetsY": 0,
              "fileName": null,
              "fileNameData": {
                "path": "icon_def.png",
                "plistFile": "",
                "resourceType": 1
              },
              "scale9Enable": false,
              "scale9Height": 180,
              "scale9Width": 166
            }
          },
          {
            "classname": "Label",
            "name": null,
            "children": [],
            "options": {
              "__type": "LabelSurrogate:#EditorCommon.JsonModel.Component.GUI",
              "classname": "Label",
              "name": "lbl_atk",
              "ZOrder": 2,
              "actiontag": 27951,
              "anchorPointX": 0.5,
              "anchorPointY": 0.5,
              "classType": "Label",
              "colorB": 22,
              "colorG": 49,
              "colorR": 83,
              "customProperty": "",
              "flipX": false,
              "flipY": false,
              "height": 36,
              "ignoreSize": true,
              "layoutParameter": null,
              "opacity": 255,
              "positionPercentX": 0,
              "positionPercentY": 0.0603829175,
              "positionType": 0,
              "rotation": 0,
              "scaleX": 1,
              "scaleY": 1,
              "sizePercentX": 0.229390681,
              "sizePercentY": 0.0486008823,
              "sizeType": 0,
              "tag": 1221,
              "touchAble": false,
              "useMergedTexture": false,
              "visible": true,
              "width": 128,
              "x": 0,
              "y": 41,
              "areaHeight": 0,
              "areaWidth": 0,
              "fontFile": null,
              "fontName": "FZDaBiaoSong-B06S.ttf",
              "fontSize": 32,
              "hAlignment": 0,
              "text": "进攻者：",
              "touchScaleEnable": false,
              "vAlignment": 0
            }
          },
          {
            "classname": "Label",
            "name": null,
            "children": [],
            "options": {
              "__type": "LabelSurrogate:#EditorCommon.JsonModel.Component.GUI",
              "classname": "Label",
              "name": "lbl_state",
              "ZOrder": 1,
              "actiontag": 27922,
              "anchorPointX": 0.5,
              "anchorPointY": 0.5,
              "classType": "Label",
              "colorB": 22,
              "colorG": 49,
              "colorR": 83,
              "customProperty": "",
              "flipX": false,
              "flipY": false,
              "height": 36,
              "ignoreSize": true,
              "layoutParameter": null,
              "opacity": 255,
              "positionPercentX": -0.008960574,
              "positionPercentY": -0.01767305,
              "positionType": 0,
              "rotation": 0,
              "scaleX": 1,
              "scaleY": 1,
              "sizePercentX": 0.11469534,
              "sizePercentY": 0.0486008823,
              "sizeType": 0,
              "tag": 1221,
              "touchAble": false,
              "useMergedTexture": false,
              "visible": true,
              "width": 64,
              "x": -5,
              "y": -12,
              "areaHeight": 0,
              "areaWidth": 0,
              "fontFile": null,
              "fontName": "FZDaBiaoSong-B06S.ttf",
              "fontSize": 32,
              "hAlignment": 0,
              "text": "防御",
              "touchScaleEnable": false,
              "vAlignment": 0
            }
          }
        ],
        "options": {
          "__type": "ImageViewSurrogate:#EditorCommon.JsonModel.Component.GUI",
          "classname": "ImageView",
          "name": "img_bg",
          "ZOrder": 0,
          "actiontag": 27921,
          "anchorPointX": 0.5,
          "anchorPointY": 0.5,
          "classType": "ImageView",
          "colorB": 255,
          "colorG": 255,
          "colorR": 255,
          "customProperty": "",
          "flipX": false,
          "flipY": false,
          "height": 679,
          "ignoreSize": true,
          "layoutParameter": null,
          "opacity": 255,
          "positionPercentX": 0.5,
          "positionPercentY": 0.493055552,
          "positionType": 0,
          "rotation": 0,
          "scaleX": 1,
          "scaleY": 1,
          "sizePercentX": 0.4359375,
          "sizePercentY": 0.94305557,
          "sizeType": 0,
          "tag": 1220,
          "touchAble": true,
          "useMergedTexture": false,
          "visible": true,
          "width": 558,
          "x": 640,
          "y": 355,
          "capInsetsHeight": 0,
          "capInsetsWidth": 0,
          "capInsetsX": 0,
          "capInsetsY": 0,
          "fileName": null,
          "fileNameData": {
            "path": "PvrCcz/m_bg/prompt_bg.pvr.ccz",
            "plistFile": "",
            "resourceType": 0
          },
          "scale9Enable": false,
          "scale9Height": 679,
          "scale9Width": 558
        }
      },
      {
        "classname": "Button",
        "name": null,
        "children": [
          {
            "classname": "Label",
            "name": null,
            "children": [],
            "options": {
              "__type": "LabelSurrogate:#EditorCommon.JsonModel.Component.GUI",
              "classname": "Label",
              "name": "lbl_ok_s",
              "ZOrder": 0,
              "actiontag": 27930,
              "anchorPointX": 0.5,
              "anchorPointY": 0.5,
              "classType": "Label",
              "colorB": 0,
              "colorG": 0,
              "colorR": 0,
              "customProperty": "",
              "flipX": false,
              "flipY": false,
              "height": 36,
              "ignoreSize": true,
              "layoutParameter": null,
              "opacity": 255,
              "positionPercentX": 0.0254777074,
              "positionPercentY": -0.0259740259,
              "positionType": 0,
              "rotation": 0,
              "scaleX": 1,
              "scaleY": 1,
              "sizePercentX": 0.509554148,
              "sizePercentY": 0.428571433,
              "sizeType": 0,
              "tag": 707,
              "touchAble": false,
              "useMergedTexture": false,
              "visible": true,
              "width": 86,
              "x": 4,
              "y": -2,
              "areaHeight": 0,
              "areaWidth": 0,
              "fontFile": null,
              "fontName": "FZDaBiaoSong-B06S.ttf",
              "fontSize": 32,
              "hAlignment": 0,
              "text": "确  定",
              "touchScaleEnable": false,
              "vAlignment": 0
            }
          },
          {
            "classname": "Label",
            "name": null,
            "children": [],
            "options": {
              "__type": "LabelSurrogate:#EditorCommon.JsonModel.Component.GUI",
              "classname": "Label",
              "name": "lbl_ok",
              "ZOrder": 1,
              "actiontag": 27931,
              "anchorPointX": 0.5,
              "anchorPointY": 0.5,
              "classType": "Label",
              "colorB": 255,
              "colorG": 255,
              "colorR": 255,
              "customProperty": "",
              "flipX": false,
              "flipY": false,
              "height": 36,
              "ignoreSize": true,
              "layoutParameter": null,
              "opacity": 255,
              "positionPercentX": 0,
              "positionPercentY": 0,
              "positionType": 0,
              "rotation": 0,
              "scaleX": 1,
              "scaleY": 1,
              "sizePercentX": 0.509554148,
              "sizePercentY": 0.428571433,
              "sizeType": 0,
              "tag": 707,
              "touchAble": false,
              "useMergedTexture": false,
              "visible": true,
              "width": 86,
              "x": 0,
              "y": 0,
              "areaHeight": 0,
              "areaWidth": 0,
              "fontFile": null,
              "fontName": "FZDaBiaoSong-B06S.ttf",
              "fontSize": 32,
              "hAlignment": 0,
              "text": "确  定",
              "touchScaleEnable": false,
              "vAlignment": 0
            }
          }
        ],
        "options": {
          "__type": "ButtonSurrogate:#EditorCommon.JsonModel.Component.GUI",
          "classname": "Button",
          "name": "btn_ok",
          "ZOrder": 1,
          "actiontag": 27929,
          "anchorPointX": 0.5,
          "anchorPointY": 0.5,
          "classType": "Button",
          "colorB": 255,
          "colorG": 255,
          "colorR": 255,
          "customProperty": "",
          "flipX": false,
          "flipY": false,
          "height": 77,
          "ignoreSize": true,
          "layoutParameter": null,
          "opacity": 255,
          "positionPercentX": 0.500781238,
          "positionPercentY": 0.154166669,
          "positionType": 0,
          "rotation": 0,
          "scaleX": 1,
          "scaleY": 1,
          "sizePercentX": 0.122656249,
          "sizePercentY": 0.106944442,
          "sizeType": 0,
          "tag": 706,
          "touchAble": true,
          "useMergedTexture": false,
          "visible": true,
          "width": 157,
          "x": 641,
          "y": 111,
          "capInsetsHeight": 0,
          "capInsetsWidth": 0,
          "capInsetsX": 0,
          "capInsetsY": 0,
          "disabled": null,
          "disabledData": {
            "path": "btn_brown_disabled.png",
            "plistFile": "",
            "resourceType": 1
          },
          "fontName": "微软雅黑",
          "fontSize": 14,
          "fontType": 0,
          "normal": null,
          "normalData": {
            "path": "btn_brown.png",
            "plistFile": "",
            "resourceType": 1
          },
          "pressed": null,
          "pressedData": {
            "path": "btn_brown_pressed.png",
            "plistFile": "",
            "resourceType": 1
          },
          "scale9Enable": false,
          "scale9Height": 77,
          "scale9Width": 157,
          "text": "",
          "textColorB": 255,
          "textColorG": 255,
          "textColorR": 255
        }
      }
    ],
    "options": {
      "__type": "PanelSurrogate:#EditorCommon.JsonModel.Component.GUI",
      "classname": "Panel",
      "name": "prompt_panel",
      "ZOrder": 0,
      "actiontag": -1,
      "anchorPointX": 0,
      "anchorPointY": 0,
      "classType": "Panel",
      "colorB": 255,
      "colorG": 255,
      "colorR": 255,
      "customProperty": "",
      "flipX": false,
      "flipY": false,
      "height": 720,
      "ignoreSize": false,
      "layoutParameter": null,
      "opacity": 255,
      "positionPercentX": 0,
      "positionPercentY": 0,
      "positionType": 0,
      "rotation": 0,
      "scaleX": 1,
      "scaleY": 1,
      "sizePercentX": 0,
      "sizePercentY": 0,
      "sizeType": 0,
      "tag": 1215,
      "touchAble": true,
      "useMergedTexture": false,
      "visible": true,
      "width": 1280,
      "x": 0,
      "y": 0,
      "adaptScreen": false,
      "backGroundImage": null,
      "backGroundImageData": null,
      "backGroundScale9Enable": false,
      "bgColorB": 255,
      "bgColorG": 200,
      "bgColorOpacity": 0,
      "bgColorR": 150,
      "bgEndColorB": 255,
      "bgEndColorG": 200,
      "bgEndColorR": 150,
      "bgStartColorB": 255,
      "bgStartColorG": 255,
      "bgStartColorR": 255,
      "capInsetsHeight": 0,
      "capInsetsWidth": 0,
      "capInsetsX": 0,
      "capInsetsY": 0,
      "clipAble": false,
      "colorType": 1,
      "layoutType": 0,
      "vectorX": 0,
      "vectorY": -0.5
    }
  }
}
