{
  "classname": null,
  "name": null,
  "animation": {
    "classname": null,
    "name": "AnimationManager",
    "actionlist": []
  },
  "dataScale": 1,
  "designHeight": 720,
  "designWidth": 1280,
  "textures": [],
  "version": "1.3.0.1",
  "widgetTree": {
    "classname": "Panel",
    "name": null,
    "children": [
      {
        "classname": "Panel",
        "name": null,
        "children": [
          {
            "classname": "ImageView",
            "name": null,
            "children": [
              {
                "classname": "LabelBMFont",
                "name": null,
                "children": [],
                "options": {
                  "__type": "LabelBMFontSurrogate:#EditorCommon.JsonModel.Component.GUI",
                  "classname": "LabelBMFont",
                  "name": "lbl_digLv",
                  "ZOrder": 0,
                  "actiontag": 107393,
                  "anchorPointX": 0.5,
                  "anchorPointY": 0.5,
                  "classType": "LabelBMFont",
                  "colorB": 255,
                  "colorG": 255,
                  "colorR": 255,
                  "customProperty": "",
                  "flipX": false,
                  "flipY": false,
                  "height": 32,
                  "ignoreSize": true,
                  "layoutParameter": null,
                  "opacity": 255,
                  "positionPercentX": 0.0117647061,
                  "positionPercentY": 0.186274514,
                  "positionType": 0,
                  "rotation": 0,
                  "scaleX": 1,
                  "scaleY": 1,
                  "sizePercentX": 0.294117659,
                  "sizePercentY": 0.3137255,
                  "sizeType": 0,
                  "tag": 69341,
                  "touchAble": false,
                  "useMergedTexture": false,
                  "visible": true,
                  "width": 25,
                  "x": 1,
                  "y": 19,
                  "fileNameData": {
                    "path": "fonts/orangeNum.fnt",
                    "plistFile": "",
                    "resourceType": 0
                  },
                  "text": "3"
                }
              }
            ],
            "options": {
              "__type": "ImageViewSurrogate:#EditorCommon.JsonModel.Component.GUI",
              "classname": "ImageView",
              "name": "img_flag",
              "ZOrder": 0,
              "actiontag": 99390,
              "anchorPointX": 0.5,
              "anchorPointY": 0.5,
              "classType": "ImageView",
              "colorB": 255,
              "colorG": 255,
              "colorR": 255,
              "customProperty": "",
              "flipX": false,
              "flipY": false,
              "height": 102,
              "ignoreSize": true,
              "layoutParameter": null,
              "opacity": 255,
              "positionPercentX": 0.04262295,
              "positionPercentY": 0.5,
              "positionType": 0,
              "rotation": 0,
              "scaleX": 0.53,
              "scaleY": 0.53,
              "sizePercentX": 0.13934426,
              "sizePercentY": 1.7,
              "sizeType": 0,
              "tag": 62209,
              "touchAble": false,
              "useMergedTexture": false,
              "visible": true,
              "width": 85,
              "x": 26,
              "y": 30,
              "capInsetsHeight": 1,
              "capInsetsWidth": 1,
              "capInsetsX": 0,
              "capInsetsY": 0,
              "fileName": null,
              "fileNameData": {
                "path": "lbl_lv.png",
                "plistFile": "",
                "resourceType": 1
              },
              "scale9Enable": false,
              "scale9Height": 102,
              "scale9Width": 85
            }
          },
          {
            "classname": "Label",
            "name": null,
            "children": [],
            "options": {
              "__type": "LabelSurrogate:#EditorCommon.JsonModel.Component.GUI",
              "classname": "Label",
              "name": "lbl_name",
              "ZOrder": 0,
              "actiontag": 99392,
              "anchorPointX": 0,
              "anchorPointY": 0.5,
              "classType": "Label",
              "colorB": 255,
              "colorG": 255,
              "colorR": 255,
              "customProperty": "",
              "flipX": false,
              "flipY": false,
              "height": 39,
              "ignoreSize": true,
              "layoutParameter": null,
              "opacity": 255,
              "positionPercentX": 0.09016393,
              "positionPercentY": 0.6,
              "positionType": 0,
              "rotation": 0,
              "scaleX": 1,
              "scaleY": 1,
              "sizePercentX": 0.09836066,
              "sizePercentY": 0.516666651,
              "sizeType": 0,
              "tag": 62211,
              "touchAble": false,
              "useMergedTexture": false,
              "visible": true,
              "width": 60,
              "x": 55,
              "y": 36,
              "areaHeight": 0,
              "areaWidth": 0,
              "fontFile": null,
              "fontName": "微软雅黑",
              "fontSize": 30,
              "hAlignment": 0,
              "text": "总管",
              "touchScaleEnable": false,
              "vAlignment": 0
            }
          },
          {
            "classname": "Label",
            "name": null,
            "children": [],
            "options": {
              "__type": "LabelSurrogate:#EditorCommon.JsonModel.Component.GUI",
              "classname": "Label",
              "name": "lbl_time",
              "ZOrder": 0,
              "actiontag": 99394,
              "anchorPointX": 1,
              "anchorPointY": 0.5,
              "classType": "Label",
              "colorB": 255,
              "colorG": 255,
              "colorR": 255,
              "customProperty": "",
              "flipX": false,
              "flipY": false,
              "height": 22,
              "ignoreSize": true,
              "layoutParameter": null,
              "opacity": 255,
              "positionPercentX": 0.9737705,
              "positionPercentY": 0.6666667,
              "positionType": 0,
              "rotation": 0,
              "scaleX": 1,
              "scaleY": 1,
              "sizePercentX": 0.301639348,
              "sizePercentY": 0.4,
              "sizeType": 0,
              "tag": 62213,
              "touchAble": false,
              "useMergedTexture": false,
              "visible": true,
              "width": 196,
              "x": 594,
              "y": 40,
              "areaHeight": 0,
              "areaWidth": 0,
              "fontFile": null,
              "fontName": "Britannic Bold.ttf",
              "fontSize": 20,
              "hAlignment": 0,
              "text": "2014-05-05 20:01:59",
              "touchScaleEnable": false,
              "vAlignment": 0
            }
          }
        ],
        "options": {
          "__type": "PanelSurrogate:#EditorCommon.JsonModel.Component.GUI",
          "classname": "Panel",
          "name": "panel_title",
          "ZOrder": 0,
          "actiontag": 99407,
          "anchorPointX": 0,
          "anchorPointY": 0,
          "classType": "Panel",
          "colorB": 255,
          "colorG": 255,
          "colorR": 255,
          "customProperty": "",
          "flipX": false,
          "flipY": false,
          "height": 60,
          "ignoreSize": false,
          "layoutParameter": null,
          "opacity": 255,
          "positionPercentX": 0,
          "positionPercentY": 0.368421048,
          "positionType": 0,
          "rotation": 0,
          "scaleX": 1,
          "scaleY": 1,
          "sizePercentX": 1,
          "sizePercentY": 0.6315789,
          "sizeType": 0,
          "tag": 62226,
          "touchAble": false,
          "useMergedTexture": false,
          "visible": true,
          "width": 610,
          "x": 0,
          "y": 35,
          "adaptScreen": false,
          "backGroundImage": null,
          "backGroundImageData": null,
          "backGroundScale9Enable": false,
          "bgColorB": 255,
          "bgColorG": 200,
          "bgColorOpacity": 0,
          "bgColorR": 150,
          "bgEndColorB": 255,
          "bgEndColorG": 200,
          "bgEndColorR": 150,
          "bgStartColorB": 255,
          "bgStartColorG": 255,
          "bgStartColorR": 255,
          "capInsetsHeight": 1,
          "capInsetsWidth": 1,
          "capInsetsX": 0,
          "capInsetsY": 0,
          "clipAble": false,
          "colorType": 1,
          "layoutType": 0,
          "vectorX": 0,
          "vectorY": -0.5
        }
      },
      {
        "classname": "Label",
        "name": null,
        "children": [],
        "options": {
          "__type": "LabelSurrogate:#EditorCommon.JsonModel.Component.GUI",
          "classname": "Label",
          "name": "lbl_info",
          "ZOrder": 0,
          "actiontag": 99395,
          "anchorPointX": 0,
          "anchorPointY": 1,
          "classType": "Label",
          "colorB": 255,
          "colorG": 255,
          "colorR": 255,
          "customProperty": "",
          "flipX": false,
          "flipY": false,
          "height": 27,
          "ignoreSize": true,
          "layoutParameter": null,
          "opacity": 255,
          "positionPercentX": 0.09016393,
          "positionPercentY": 0.4526316,
          "positionType": 0,
          "rotation": 0,
          "scaleX": 1,
          "scaleY": 1,
          "sizePercentX": 0.236065567,
          "sizePercentY": 0.2631579,
          "sizeType": 0,
          "tag": 62214,
          "touchAble": false,
          "useMergedTexture": false,
          "visible": true,
          "width": 144,
          "x": 55,
          "y": 43,
          "areaHeight": 0,
          "areaWidth": 0,
          "fontFile": null,
          "fontName": "FZDaBiaoSong-B06S.ttf",
          "fontSize": 24,
          "hAlignment": 0,
          "text": "申请加入公会",
          "touchScaleEnable": false,
          "vAlignment": 1
        }
      },
      {
        "classname": "ImageView",
        "name": null,
        "children": [],
        "options": {
          "__type": "ImageViewSurrogate:#EditorCommon.JsonModel.Component.GUI",
          "classname": "ImageView",
          "name": "img_split",
          "ZOrder": 0,
          "actiontag": 99391,
          "anchorPointX": 0.5,
          "anchorPointY": 0.5,
          "classType": "ImageView",
          "colorB": 255,
          "colorG": 255,
          "colorR": 255,
          "customProperty": "",
          "flipX": false,
          "flipY": false,
          "height": 8,
          "ignoreSize": true,
          "layoutParameter": null,
          "opacity": 255,
          "positionPercentX": 0.5114754,
          "positionPercentY": 0.0210526325,
          "positionType": 0,
          "rotation": 0,
          "scaleX": 0.9,
          "scaleY": 0.9,
          "sizePercentX": 1.11311471,
          "sizePercentY": 0.08421053,
          "sizeType": 0,
          "tag": 62210,
          "touchAble": false,
          "useMergedTexture": false,
          "visible": true,
          "width": 679,
          "x": 312,
          "y": 2,
          "capInsetsHeight": 1,
          "capInsetsWidth": 1,
          "capInsetsX": 0,
          "capInsetsY": 0,
          "fileName": null,
          "fileNameData": {
            "path": "splitline.png",
            "plistFile": "",
            "resourceType": 1
          },
          "scale9Enable": false,
          "scale9Height": 8,
          "scale9Width": 679
        }
      },
      {
        "classname": "Panel",
        "name": null,
        "children": [],
        "options": {
          "__type": "PanelSurrogate:#EditorCommon.JsonModel.Component.GUI",
          "classname": "Panel",
          "name": "panel_pub_msg",
          "ZOrder": 0,
          "actiontag": 107395,
          "anchorPointX": 0,
          "anchorPointY": 0,
          "classType": "Panel",
          "colorB": 255,
          "colorG": 255,
          "colorR": 255,
          "customProperty": "",
          "flipX": false,
          "flipY": false,
          "height": 95,
          "ignoreSize": false,
          "layoutParameter": null,
          "opacity": 255,
          "positionPercentX": 0,
          "positionPercentY": 0,
          "positionType": 0,
          "rotation": 0,
          "scaleX": 1,
          "scaleY": 1,
          "sizePercentX": 1.04918027,
          "sizePercentY": 1,
          "sizeType": 0,
          "tag": 69343,
          "touchAble": true,
          "useMergedTexture": false,
          "visible": true,
          "width": 640,
          "x": 0,
          "y": 0,
          "adaptScreen": false,
          "backGroundImage": null,
          "backGroundImageData": null,
          "backGroundScale9Enable": false,
          "bgColorB": 255,
          "bgColorG": 200,
          "bgColorOpacity": 0,
          "bgColorR": 150,
          "bgEndColorB": 255,
          "bgEndColorG": 200,
          "bgEndColorR": 150,
          "bgStartColorB": 255,
          "bgStartColorG": 255,
          "bgStartColorR": 255,
          "capInsetsHeight": 1,
          "capInsetsWidth": 1,
          "capInsetsX": 0,
          "capInsetsY": 0,
          "clipAble": false,
          "colorType": 1,
          "layoutType": 0,
          "vectorX": 0,
          "vectorY": -0.5
        }
      }
    ],
    "options": {
      "__type": "PanelSurrogate:#EditorCommon.JsonModel.Component.GUI",
      "classname": "Panel",
      "name": "panel_msg",
      "ZOrder": 0,
      "actiontag": -1,
      "anchorPointX": 0,
      "anchorPointY": 0,
      "classType": "Panel",
      "colorB": 255,
      "colorG": 255,
      "colorR": 255,
      "customProperty": "",
      "flipX": false,
      "flipY": false,
      "height": 95,
      "ignoreSize": false,
      "layoutParameter": null,
      "opacity": 255,
      "positionPercentX": 0,
      "positionPercentY": 0,
      "positionType": 0,
      "rotation": 0,
      "scaleX": 1,
      "scaleY": 1,
      "sizePercentX": 0,
      "sizePercentY": 0,
      "sizeType": 0,
      "tag": 62208,
      "touchAble": false,
      "useMergedTexture": false,
      "visible": true,
      "width": 610,
      "x": 0,
      "y": 0,
      "adaptScreen": false,
      "backGroundImage": null,
      "backGroundImageData": null,
      "backGroundScale9Enable": false,
      "bgColorB": 255,
      "bgColorG": 200,
      "bgColorOpacity": 0,
      "bgColorR": 150,
      "bgEndColorB": 255,
      "bgEndColorG": 200,
      "bgEndColorR": 150,
      "bgStartColorB": 255,
      "bgStartColorG": 255,
      "bgStartColorR": 255,
      "capInsetsHeight": 1,
      "capInsetsWidth": 1,
      "capInsetsX": 0,
      "capInsetsY": 0,
      "clipAble": false,
      "colorType": 1,
      "layoutType": 0,
      "vectorX": 0,
      "vectorY": -0.5
    }
  }
}
