{
  "classname": null,
  "name": null,
  "animation": {
    "classname": null,
    "name": "AnimationManager",
    "actionlist": []
  },
  "dataScale": 1,
  "designHeight": 720,
  "designWidth": 1280,
  "textures": [],
  "version": "1.3.0.1",
  "widgetTree": {
    "classname": "Panel",
    "name": null,
    "children": [
      {
        "classname": "Panel",
        "name": null,
        "children": [
          {
            "classname": "ImageView",
            "name": null,
            "children": [
              {
                "classname": "ImageView",
                "name": null,
                "children": [],
                "options": {
                  "__type": "ImageViewSurrogate:#EditorCommon.JsonModel.Component.GUI",
                  "classname": "ImageView",
                  "name": "img_big_monster",
                  "ZOrder": 0,
                  "actiontag": 104492,
                  "anchorPointX": 0,
                  "anchorPointY": 0.5,
                  "classType": "ImageView",
                  "colorB": 255,
                  "colorG": 255,
                  "colorR": 255,
                  "customProperty": "",
                  "flipX": false,
                  "flipY": false,
                  "height": 519,
                  "ignoreSize": true,
                  "layoutParameter": null,
                  "opacity": 255,
                  "positionPercentX": -0.465872169,
                  "positionPercentY": 0,
                  "positionType": 0,
                  "rotation": 0,
                  "scaleX": 1,
                  "scaleY": 1,
                  "sizePercentX": 0.370530874,
                  "sizePercentY": 0.869346738,
                  "sizeType": 0,
                  "tag": 66751,
                  "touchAble": false,
                  "useMergedTexture": false,
                  "visible": true,
                  "width": 342,
                  "x": -430,
                  "y": 0,
                  "capInsetsHeight": 1,
                  "capInsetsWidth": 1,
                  "capInsetsX": 0,
                  "capInsetsY": 0,
                  "fileName": null,
                  "fileNameData": {
                    "path": "monster_card_1.png",
                    "plistFile": "",
                    "resourceType": 1
                  },
                  "scale9Enable": false,
                  "scale9Height": 519,
                  "scale9Width": 342
                }
              },
              {
                "classname": "Panel",
                "name": null,
                "children": [
                  {
                    "classname": "Label",
                    "name": null,
                    "children": [],
                    "options": {
                      "__type": "LabelSurrogate:#EditorCommon.JsonModel.Component.GUI",
                      "classname": "Label",
                      "name": "lbl_name",
                      "ZOrder": 2,
                      "actiontag": 128226,
                      "anchorPointX": 0.5,
                      "anchorPointY": 0.5,
                      "classType": "Label",
                      "colorB": 22,
                      "colorG": 49,
                      "colorR": 83,
                      "customProperty": "",
                      "flipX": false,
                      "flipY": false,
                      "height": 43,
                      "ignoreSize": true,
                      "layoutParameter": null,
                      "opacity": 255,
                      "positionPercentX": 0.498113215,
                      "positionPercentY": 0.8925319,
                      "positionType": 0,
                      "rotation": 0,
                      "scaleX": 1,
                      "scaleY": 1,
                      "sizePercentX": 0.124528304,
                      "sizePercentY": 0.07832423,
                      "sizeType": 0,
                      "tag": 87923,
                      "touchAble": false,
                      "useMergedTexture": false,
                      "visible": true,
                      "width": 66,
                      "x": 264,
                      "y": 490,
                      "areaHeight": 0,
                      "areaWidth": 0,
                      "fontFile": null,
                      "fontName": "微软雅黑",
                      "fontSize": 33,
                      "hAlignment": 0,
                      "text": "名字",
                      "touchScaleEnable": false,
                      "vAlignment": 0
                    }
                  },
                  {
                    "classname": "Label",
                    "name": null,
                    "children": [],
                    "options": {
                      "__type": "LabelSurrogate:#EditorCommon.JsonModel.Component.GUI",
                      "classname": "Label",
                      "name": "lbl_introduce",
                      "ZOrder": 1,
                      "actiontag": 128227,
                      "anchorPointX": 0,
                      "anchorPointY": 1,
                      "classType": "Label",
                      "colorB": 22,
                      "colorG": 49,
                      "colorR": 83,
                      "customProperty": "",
                      "flipX": false,
                      "flipY": false,
                      "height": 183,
                      "ignoreSize": false,
                      "layoutParameter": null,
                      "opacity": 255,
                      "positionPercentX": 0.05283019,
                      "positionPercentY": 0.8469945,
                      "positionType": 0,
                      "rotation": 0,
                      "scaleX": 1,
                      "scaleY": 1,
                      "sizePercentX": 0.9,
                      "sizePercentY": 0.333333343,
                      "sizeType": 0,
                      "tag": 87924,
                      "touchAble": false,
                      "useMergedTexture": false,
                      "visible": true,
                      "width": 477,
                      "x": 28,
                      "y": 465,
                      "areaHeight": 183,
                      "areaWidth": 477,
                      "fontFile": null,
                      "fontName": "微软雅黑",
                      "fontSize": 28,
                      "hAlignment": 0,
                      "text": "    角色介绍：",
                      "touchScaleEnable": false,
                      "vAlignment": 0
                    }
                  },
                  {
                    "classname": "Panel",
                    "name": null,
                    "children": [
                      {
                        "classname": "Label",
                        "name": null,
                        "children": [],
                        "options": {
                          "__type": "LabelSurrogate:#EditorCommon.JsonModel.Component.GUI",
                          "classname": "Label",
                          "name": "view_lbl",
                          "ZOrder": 3,
                          "actiontag": 128229,
                          "anchorPointX": 0.5,
                          "anchorPointY": 0.5,
                          "classType": "Label",
                          "colorB": 22,
                          "colorG": 49,
                          "colorR": 83,
                          "customProperty": "",
                          "flipX": false,
                          "flipY": false,
                          "height": 31,
                          "ignoreSize": true,
                          "layoutParameter": null,
                          "opacity": 255,
                          "positionPercentX": 0.06,
                          "positionPercentY": 0.09,
                          "positionType": 0,
                          "rotation": 0,
                          "scaleX": 1,
                          "scaleY": 1,
                          "sizePercentX": 0.24,
                          "sizePercentY": 0.155,
                          "sizeType": 0,
                          "tag": 87926,
                          "touchAble": false,
                          "useMergedTexture": false,
                          "visible": true,
                          "width": 48,
                          "x": 12,
                          "y": 18,
                          "areaHeight": 0,
                          "areaWidth": 0,
                          "fontFile": null,
                          "fontName": "微软雅黑",
                          "fontSize": 24,
                          "hAlignment": 0,
                          "text": "视野",
                          "touchScaleEnable": false,
                          "vAlignment": 0
                        }
                      },
                      {
                        "classname": "Label",
                        "name": null,
                        "children": [],
                        "options": {
                          "__type": "LabelSurrogate:#EditorCommon.JsonModel.Component.GUI",
                          "classname": "Label",
                          "name": "speed_lbl",
                          "ZOrder": 3,
                          "actiontag": 128230,
                          "anchorPointX": 0.5,
                          "anchorPointY": 0.5,
                          "classType": "Label",
                          "colorB": 22,
                          "colorG": 49,
                          "colorR": 83,
                          "customProperty": "",
                          "flipX": false,
                          "flipY": false,
                          "height": 31,
                          "ignoreSize": true,
                          "layoutParameter": null,
                          "opacity": 255,
                          "positionPercentX": 0.945,
                          "positionPercentY": 0.03,
                          "positionType": 0,
                          "rotation": 0,
                          "scaleX": 1,
                          "scaleY": 1,
                          "sizePercentX": 0.24,
                          "sizePercentY": 0.155,
                          "sizeType": 0,
                          "tag": 87927,
                          "touchAble": false,
                          "useMergedTexture": false,
                          "visible": true,
                          "width": 48,
                          "x": 189,
                          "y": 6,
                          "areaHeight": 0,
                          "areaWidth": 0,
                          "fontFile": null,
                          "fontName": "微软雅黑",
                          "fontSize": 24,
                          "hAlignment": 0,
                          "text": "速度",
                          "touchScaleEnable": false,
                          "vAlignment": 0
                        }
                      },
                      {
                        "classname": "Label",
                        "name": null,
                        "children": [],
                        "options": {
                          "__type": "LabelSurrogate:#EditorCommon.JsonModel.Component.GUI",
                          "classname": "Label",
                          "name": "act_lbl",
                          "ZOrder": 3,
                          "actiontag": 128231,
                          "anchorPointX": 0.5,
                          "anchorPointY": 0.5,
                          "classType": "Label",
                          "colorB": 22,
                          "colorG": 49,
                          "colorR": 83,
                          "customProperty": "",
                          "flipX": false,
                          "flipY": false,
                          "height": 31,
                          "ignoreSize": true,
                          "layoutParameter": null,
                          "opacity": 255,
                          "positionPercentX": 1.135,
                          "positionPercentY": 0.53,
                          "positionType": 0,
                          "rotation": 0,
                          "scaleX": 1,
                          "scaleY": 1,
                          "sizePercentX": 0.24,
                          "sizePercentY": 0.155,
                          "sizeType": 0,
                          "tag": 87928,
                          "touchAble": false,
                          "useMergedTexture": false,
                          "visible": true,
                          "width": 48,
                          "x": 227,
                          "y": 106,
                          "areaHeight": 0,
                          "areaWidth": 0,
                          "fontFile": null,
                          "fontName": "微软雅黑",
                          "fontSize": 24,
                          "hAlignment": 0,
                          "text": "特技",
                          "touchScaleEnable": false,
                          "vAlignment": 0
                        }
                      },
                      {
                        "classname": "Label",
                        "name": null,
                        "children": [],
                        "options": {
                          "__type": "LabelSurrogate:#EditorCommon.JsonModel.Component.GUI",
                          "classname": "Label",
                          "name": "hp_lbl",
                          "ZOrder": 3,
                          "actiontag": 128232,
                          "anchorPointX": 0.5,
                          "anchorPointY": 0.5,
                          "classType": "Label",
                          "colorB": 22,
                          "colorG": 49,
                          "colorR": 83,
                          "customProperty": "",
                          "flipX": false,
                          "flipY": false,
                          "height": 31,
                          "ignoreSize": true,
                          "layoutParameter": null,
                          "opacity": 255,
                          "positionPercentX": -0.115,
                          "positionPercentY": 0.52,
                          "positionType": 0,
                          "rotation": 0,
                          "scaleX": 1,
                          "scaleY": 1,
                          "sizePercentX": 0.24,
                          "sizePercentY": 0.155,
                          "sizeType": 0,
                          "tag": 87929,
                          "touchAble": false,
                          "useMergedTexture": false,
                          "visible": true,
                          "width": 48,
                          "x": -23,
                          "y": 104,
                          "areaHeight": 0,
                          "areaWidth": 0,
                          "fontFile": null,
                          "fontName": "微软雅黑",
                          "fontSize": 24,
                          "hAlignment": 0,
                          "text": "生命",
                          "touchScaleEnable": false,
                          "vAlignment": 0
                        }
                      },
                      {
                        "classname": "Label",
                        "name": null,
                        "children": [],
                        "options": {
                          "__type": "LabelSurrogate:#EditorCommon.JsonModel.Component.GUI",
                          "classname": "Label",
                          "name": "atk_lbl",
                          "ZOrder": 3,
                          "actiontag": 128233,
                          "anchorPointX": 0.5,
                          "anchorPointY": 0.5,
                          "classType": "Label",
                          "colorB": 22,
                          "colorG": 49,
                          "colorR": 83,
                          "customProperty": "",
                          "flipX": false,
                          "flipY": false,
                          "height": 31,
                          "ignoreSize": true,
                          "layoutParameter": null,
                          "opacity": 255,
                          "positionPercentX": 0.3,
                          "positionPercentY": 1.005,
                          "positionType": 0,
                          "rotation": 0,
                          "scaleX": 1,
                          "scaleY": 1,
                          "sizePercentX": 0.24,
                          "sizePercentY": 0.155,
                          "sizeType": 0,
                          "tag": 87930,
                          "touchAble": false,
                          "useMergedTexture": false,
                          "visible": true,
                          "width": 48,
                          "x": 60,
                          "y": 201,
                          "areaHeight": 0,
                          "areaWidth": 0,
                          "fontFile": null,
                          "fontName": "微软雅黑",
                          "fontSize": 24,
                          "hAlignment": 0,
                          "text": "攻击",
                          "touchScaleEnable": false,
                          "vAlignment": 0
                        }
                      },
                      {
                        "classname": "ImageView",
                        "name": null,
                        "children": [],
                        "options": {
                          "__type": "ImageViewSurrogate:#EditorCommon.JsonModel.Component.GUI",
                          "classname": "ImageView",
                          "name": "map_bg",
                          "ZOrder": 2,
                          "actiontag": 128234,
                          "anchorPointX": 0.5,
                          "anchorPointY": 0.5,
                          "classType": "ImageView",
                          "colorB": 255,
                          "colorG": 255,
                          "colorR": 255,
                          "customProperty": "",
                          "flipX": false,
                          "flipY": false,
                          "height": 201,
                          "ignoreSize": true,
                          "layoutParameter": null,
                          "opacity": 255,
                          "positionPercentX": 0.51,
                          "positionPercentY": 0.505,
                          "positionType": 0,
                          "rotation": 0,
                          "scaleX": 1,
                          "scaleY": 1,
                          "sizePercentX": 1.02,
                          "sizePercentY": 1.005,
                          "sizeType": 0,
                          "tag": 87931,
                          "touchAble": false,
                          "useMergedTexture": false,
                          "visible": true,
                          "width": 204,
                          "x": 102,
                          "y": 101,
                          "capInsetsHeight": 0,
                          "capInsetsWidth": 0,
                          "capInsetsX": 0,
                          "capInsetsY": 0,
                          "fileName": null,
                          "fileNameData": {
                            "path": "rida_bg.png",
                            "plistFile": "",
                            "resourceType": 1
                          },
                          "scale9Enable": false,
                          "scale9Height": 201,
                          "scale9Width": 204
                        }
                      }
                    ],
                    "options": {
                      "__type": "PanelSurrogate:#EditorCommon.JsonModel.Component.GUI",
                      "classname": "Panel",
                      "name": "panel_imgbg",
                      "ZOrder": 0,
                      "actiontag": 128228,
                      "anchorPointX": 0,
                      "anchorPointY": 0,
                      "classType": "Panel",
                      "colorB": 255,
                      "colorG": 255,
                      "colorR": 255,
                      "customProperty": "",
                      "flipX": false,
                      "flipY": false,
                      "height": 200,
                      "ignoreSize": false,
                      "layoutParameter": null,
                      "opacity": 255,
                      "positionPercentX": 0.130188674,
                      "positionPercentY": 0.103825137,
                      "positionType": 0,
                      "rotation": 0,
                      "scaleX": 1,
                      "scaleY": 1,
                      "sizePercentX": 0.3773585,
                      "sizePercentY": 0.364298731,
                      "sizeType": 0,
                      "tag": 87925,
                      "touchAble": true,
                      "useMergedTexture": false,
                      "visible": true,
                      "width": 200,
                      "x": 69,
                      "y": 57,
                      "adaptScreen": false,
                      "backGroundImage": null,
                      "backGroundImageData": null,
                      "backGroundScale9Enable": false,
                      "bgColorB": 255,
                      "bgColorG": 200,
                      "bgColorOpacity": 0,
                      "bgColorR": 150,
                      "bgEndColorB": 255,
                      "bgEndColorG": 200,
                      "bgEndColorR": 150,
                      "bgStartColorB": 255,
                      "bgStartColorG": 255,
                      "bgStartColorR": 255,
                      "capInsetsHeight": 1,
                      "capInsetsWidth": 1,
                      "capInsetsX": 0,
                      "capInsetsY": 0,
                      "clipAble": false,
                      "colorType": 1,
                      "layoutType": 0,
                      "vectorX": 0,
                      "vectorY": -0.5
                    }
                  },
                  {
                    "classname": "Label",
                    "name": null,
                    "children": [],
                    "options": {
                      "__type": "LabelSurrogate:#EditorCommon.JsonModel.Component.GUI",
                      "classname": "Label",
                      "name": "lbl_lv",
                      "ZOrder": 0,
                      "actiontag": 128236,
                      "anchorPointX": 0.5,
                      "anchorPointY": 1,
                      "classType": "Label",
                      "colorB": 22,
                      "colorG": 49,
                      "colorR": 83,
                      "customProperty": "",
                      "flipX": false,
                      "flipY": false,
                      "height": 42,
                      "ignoreSize": true,
                      "layoutParameter": null,
                      "opacity": 255,
                      "positionPercentX": 0.8207547,
                      "positionPercentY": 0.468123853,
                      "positionType": 0,
                      "rotation": 0,
                      "scaleX": 1,
                      "scaleY": 1,
                      "sizePercentX": 0.137735844,
                      "sizePercentY": 0.07650273,
                      "sizeType": 0,
                      "tag": 87933,
                      "touchAble": false,
                      "useMergedTexture": false,
                      "visible": true,
                      "width": 73,
                      "x": 435,
                      "y": 257,
                      "areaHeight": 0,
                      "areaWidth": 0,
                      "fontFile": null,
                      "fontName": "Britannic Bold.ttf",
                      "fontSize": 38,
                      "hAlignment": 1,
                      "text": "LV.5",
                      "touchScaleEnable": false,
                      "vAlignment": 0
                    }
                  },
                  {
                    "classname": "Label",
                    "name": null,
                    "children": [],
                    "options": {
                      "__type": "LabelSurrogate:#EditorCommon.JsonModel.Component.GUI",
                      "classname": "Label",
                      "name": "lbl_atkcap",
                      "ZOrder": 0,
                      "actiontag": 128239,
                      "anchorPointX": 0,
                      "anchorPointY": 0.5,
                      "classType": "Label",
                      "colorB": 22,
                      "colorG": 49,
                      "colorR": 83,
                      "customProperty": "",
                      "flipX": false,
                      "flipY": false,
                      "height": 32,
                      "ignoreSize": true,
                      "layoutParameter": null,
                      "opacity": 255,
                      "positionPercentX": 0.666037738,
                      "positionPercentY": 0.3424408,
                      "positionType": 0,
                      "rotation": 0,
                      "scaleX": 1,
                      "scaleY": 1,
                      "sizePercentX": 0.130188674,
                      "sizePercentY": 0.0582877956,
                      "sizeType": 0,
                      "tag": 87936,
                      "touchAble": false,
                      "useMergedTexture": false,
                      "visible": true,
                      "width": 69,
                      "x": 353,
                      "y": 188,
                      "areaHeight": 0,
                      "areaWidth": 0,
                      "fontFile": null,
                      "fontName": "FZDaBiaoSong-B06S.ttf",
                      "fontSize": 29,
                      "hAlignment": 1,
                      "text": "攻击:",
                      "touchScaleEnable": false,
                      "vAlignment": 0
                    }
                  },
                  {
                    "classname": "Label",
                    "name": null,
                    "children": [],
                    "options": {
                      "__type": "LabelSurrogate:#EditorCommon.JsonModel.Component.GUI",
                      "classname": "Label",
                      "name": "lbl_hp",
                      "ZOrder": 0,
                      "actiontag": 128240,
                      "anchorPointX": 0,
                      "anchorPointY": 0.5,
                      "classType": "Label",
                      "colorB": 22,
                      "colorG": 49,
                      "colorR": 83,
                      "customProperty": "",
                      "flipX": false,
                      "flipY": false,
                      "height": 32,
                      "ignoreSize": true,
                      "layoutParameter": null,
                      "opacity": 255,
                      "positionPercentX": 0.666037738,
                      "positionPercentY": 0.242258653,
                      "positionType": 0,
                      "rotation": 0,
                      "scaleX": 1,
                      "scaleY": 1,
                      "sizePercentX": 0.130188674,
                      "sizePercentY": 0.0582877956,
                      "sizeType": 0,
                      "tag": 87937,
                      "touchAble": false,
                      "useMergedTexture": false,
                      "visible": true,
                      "width": 69,
                      "x": 353,
                      "y": 133,
                      "areaHeight": 0,
                      "areaWidth": 0,
                      "fontFile": null,
                      "fontName": "FZDaBiaoSong-B06S.ttf",
                      "fontSize": 29,
                      "hAlignment": 1,
                      "text": "生命:",
                      "touchScaleEnable": false,
                      "vAlignment": 0
                    }
                  },
                  {
                    "classname": "Label",
                    "name": null,
                    "children": [],
                    "options": {
                      "__type": "LabelSurrogate:#EditorCommon.JsonModel.Component.GUI",
                      "classname": "Label",
                      "name": "lbl_consume",
                      "ZOrder": 0,
                      "actiontag": 128241,
                      "anchorPointX": 0,
                      "anchorPointY": 0.5,
                      "classType": "Label",
                      "colorB": 22,
                      "colorG": 49,
                      "colorR": 83,
                      "customProperty": "",
                      "flipX": false,
                      "flipY": false,
                      "height": 32,
                      "ignoreSize": true,
                      "layoutParameter": null,
                      "opacity": 255,
                      "positionPercentX": 0.6679245,
                      "positionPercentY": 0.143898,
                      "positionType": 0,
                      "rotation": 0,
                      "scaleX": 1,
                      "scaleY": 1,
                      "sizePercentX": 0.130188674,
                      "sizePercentY": 0.0582877956,
                      "sizeType": 0,
                      "tag": 87938,
                      "touchAble": false,
                      "useMergedTexture": false,
                      "visible": true,
                      "width": 69,
                      "x": 354,
                      "y": 79,
                      "areaHeight": 0,
                      "areaWidth": 0,
                      "fontFile": null,
                      "fontName": "FZDaBiaoSong-B06S.ttf",
                      "fontSize": 29,
                      "hAlignment": 1,
                      "text": "消耗:",
                      "touchScaleEnable": false,
                      "vAlignment": 0
                    }
                  },
                  {
                    "classname": "ImageView",
                    "name": null,
                    "children": [],
                    "options": {
                      "__type": "ImageViewSurrogate:#EditorCommon.JsonModel.Component.GUI",
                      "classname": "ImageView",
                      "name": "img_namebg",
                      "ZOrder": 1,
                      "actiontag": 128242,
                      "anchorPointX": 0.5,
                      "anchorPointY": 0.5,
                      "classType": "ImageView",
                      "colorB": 255,
                      "colorG": 255,
                      "colorR": 255,
                      "customProperty": "",
                      "flipX": false,
                      "flipY": false,
                      "height": 44,
                      "ignoreSize": true,
                      "layoutParameter": null,
                      "opacity": 255,
                      "positionPercentX": 0.5264151,
                      "positionPercentY": 0.8925319,
                      "positionType": 0,
                      "rotation": 0,
                      "scaleX": 1,
                      "scaleY": 1,
                      "sizePercentX": 0.5981132,
                      "sizePercentY": 0.08014572,
                      "sizeType": 0,
                      "tag": 87939,
                      "touchAble": false,
                      "useMergedTexture": false,
                      "visible": true,
                      "width": 317,
                      "x": 279,
                      "y": 490,
                      "capInsetsHeight": 1,
                      "capInsetsWidth": 1,
                      "capInsetsX": 0,
                      "capInsetsY": 0,
                      "fileName": null,
                      "fileNameData": {
                        "path": "heroname_bg.png",
                        "plistFile": "",
                        "resourceType": 1
                      },
                      "scale9Enable": false,
                      "scale9Height": 44,
                      "scale9Width": 317
                    }
                  },
                  {
                    "classname": "ImageView",
                    "name": null,
                    "children": [],
                    "options": {
                      "__type": "ImageViewSurrogate:#EditorCommon.JsonModel.Component.GUI",
                      "classname": "ImageView",
                      "name": "img_line",
                      "ZOrder": 0,
                      "actiontag": 128243,
                      "anchorPointX": 0.5,
                      "anchorPointY": 0.5,
                      "classType": "ImageView",
                      "colorB": 255,
                      "colorG": 255,
                      "colorR": 255,
                      "customProperty": "",
                      "flipX": false,
                      "flipY": false,
                      "height": 95,
                      "ignoreSize": true,
                      "layoutParameter": null,
                      "opacity": 255,
                      "positionPercentX": 0.645283043,
                      "positionPercentY": 0.282331526,
                      "positionType": 0,
                      "rotation": 0,
                      "scaleX": 1,
                      "scaleY": 2.10000014,
                      "sizePercentX": 0.0113207549,
                      "sizePercentY": 0.1730419,
                      "sizeType": 0,
                      "tag": 87940,
                      "touchAble": false,
                      "useMergedTexture": false,
                      "visible": true,
                      "width": 6,
                      "x": 342,
                      "y": 155,
                      "capInsetsHeight": 1,
                      "capInsetsWidth": 1,
                      "capInsetsX": 0,
                      "capInsetsY": 0,
                      "fileName": null,
                      "fileNameData": {
                        "path": "shortline.png",
                        "plistFile": "",
                        "resourceType": 1
                      },
                      "scale9Enable": false,
                      "scale9Height": 95,
                      "scale9Width": 6
                    }
                  },
                  {
                    "classname": "Label",
                    "name": null,
                    "children": [],
                    "options": {
                      "__type": "LabelSurrogate:#EditorCommon.JsonModel.Component.GUI",
                      "classname": "Label",
                      "name": "lbl_atkcap_val",
                      "ZOrder": 0,
                      "actiontag": 128244,
                      "anchorPointX": 0.5,
                      "anchorPointY": 0.5,
                      "classType": "Label",
                      "colorB": 22,
                      "colorG": 49,
                      "colorR": 83,
                      "customProperty": "",
                      "flipX": false,
                      "flipY": false,
                      "height": 33,
                      "ignoreSize": true,
                      "layoutParameter": null,
                      "opacity": 255,
                      "positionPercentX": 0.8792453,
                      "positionPercentY": 0.3424408,
                      "positionType": 0,
                      "rotation": 0,
                      "scaleX": 1,
                      "scaleY": 1,
                      "sizePercentX": 0.135849059,
                      "sizePercentY": 0.06010929,
                      "sizeType": 0,
                      "tag": 87941,
                      "touchAble": false,
                      "useMergedTexture": false,
                      "visible": true,
                      "width": 72,
                      "x": 466,
                      "y": 188,
                      "areaHeight": 0,
                      "areaWidth": 0,
                      "fontFile": null,
                      "fontName": "Britannic Bold.ttf",
                      "fontSize": 30,
                      "hAlignment": 1,
                      "text": "9999",
                      "touchScaleEnable": false,
                      "vAlignment": 0
                    }
                  },
                  {
                    "classname": "Label",
                    "name": null,
                    "children": [],
                    "options": {
                      "__type": "LabelSurrogate:#EditorCommon.JsonModel.Component.GUI",
                      "classname": "Label",
                      "name": "lbl_hp_val",
                      "ZOrder": 0,
                      "actiontag": 128245,
                      "anchorPointX": 0.5,
                      "anchorPointY": 0.5,
                      "classType": "Label",
                      "colorB": 22,
                      "colorG": 49,
                      "colorR": 83,
                      "customProperty": "",
                      "flipX": false,
                      "flipY": false,
                      "height": 33,
                      "ignoreSize": true,
                      "layoutParameter": null,
                      "opacity": 255,
                      "positionPercentX": 0.8792453,
                      "positionPercentY": 0.242258653,
                      "positionType": 0,
                      "rotation": 0,
                      "scaleX": 1,
                      "scaleY": 1,
                      "sizePercentX": 0.135849059,
                      "sizePercentY": 0.06010929,
                      "sizeType": 0,
                      "tag": 87942,
                      "touchAble": false,
                      "useMergedTexture": false,
                      "visible": true,
                      "width": 72,
                      "x": 466,
                      "y": 133,
                      "areaHeight": 0,
                      "areaWidth": 0,
                      "fontFile": null,
                      "fontName": "Britannic Bold.ttf",
                      "fontSize": 30,
                      "hAlignment": 1,
                      "text": "9999",
                      "touchScaleEnable": false,
                      "vAlignment": 0
                    }
                  },
                  {
                    "classname": "Label",
                    "name": null,
                    "children": [],
                    "options": {
                      "__type": "LabelSurrogate:#EditorCommon.JsonModel.Component.GUI",
                      "classname": "Label",
                      "name": "lbl_consume_val",
                      "ZOrder": 0,
                      "actiontag": 128246,
                      "anchorPointX": 0.5,
                      "anchorPointY": 0.5,
                      "classType": "Label",
                      "colorB": 22,
                      "colorG": 49,
                      "colorR": 83,
                      "customProperty": "",
                      "flipX": false,
                      "flipY": false,
                      "height": 33,
                      "ignoreSize": true,
                      "layoutParameter": null,
                      "opacity": 255,
                      "positionPercentX": 0.8792453,
                      "positionPercentY": 0.143898,
                      "positionType": 0,
                      "rotation": 0,
                      "scaleX": 1,
                      "scaleY": 1,
                      "sizePercentX": 0.135849059,
                      "sizePercentY": 0.06010929,
                      "sizeType": 0,
                      "tag": 87943,
                      "touchAble": false,
                      "useMergedTexture": false,
                      "visible": true,
                      "width": 72,
                      "x": 466,
                      "y": 79,
                      "areaHeight": 0,
                      "areaWidth": 0,
                      "fontFile": null,
                      "fontName": "Britannic Bold.ttf",
                      "fontSize": 30,
                      "hAlignment": 1,
                      "text": "9999",
                      "touchScaleEnable": false,
                      "vAlignment": 0
                    }
                  },
                  {
                    "classname": "ImageView",
                    "name": null,
                    "children": [],
                    "options": {
                      "__type": "ImageViewSurrogate:#EditorCommon.JsonModel.Component.GUI",
                      "classname": "ImageView",
                      "name": "img_longline",
                      "ZOrder": 0,
                      "actiontag": 128247,
                      "anchorPointX": 0.5,
                      "anchorPointY": 0.5,
                      "classType": "ImageView",
                      "colorB": 255,
                      "colorG": 255,
                      "colorR": 255,
                      "customProperty": "",
                      "flipX": false,
                      "flipY": false,
                      "height": 8,
                      "ignoreSize": true,
                      "layoutParameter": null,
                      "opacity": 255,
                      "positionPercentX": 0.50377357,
                      "positionPercentY": 0.497267753,
                      "positionType": 0,
                      "rotation": 0,
                      "scaleX": 0.6999999,
                      "scaleY": 1,
                      "sizePercentX": 1.2811321,
                      "sizePercentY": 0.0145719489,
                      "sizeType": 0,
                      "tag": 87944,
                      "touchAble": false,
                      "useMergedTexture": false,
                      "visible": true,
                      "width": 679,
                      "x": 267,
                      "y": 273,
                      "capInsetsHeight": 1,
                      "capInsetsWidth": 1,
                      "capInsetsX": 0,
                      "capInsetsY": 0,
                      "fileName": null,
                      "fileNameData": {
                        "path": "splitline.png",
                        "plistFile": "",
                        "resourceType": 1
                      },
                      "scale9Enable": false,
                      "scale9Height": 8,
                      "scale9Width": 679
                    }
                  }
                ],
                "options": {
                  "__type": "PanelSurrogate:#EditorCommon.JsonModel.Component.GUI",
                  "classname": "Panel",
                  "name": "Panel_100586",
                  "ZOrder": 1,
                  "actiontag": 128224,
                  "anchorPointX": 0,
                  "anchorPointY": 0,
                  "classType": "Panel",
                  "colorB": 255,
                  "colorG": 255,
                  "colorR": 255,
                  "customProperty": "",
                  "flipX": false,
                  "flipY": false,
                  "height": 549,
                  "ignoreSize": false,
                  "layoutParameter": null,
                  "opacity": 255,
                  "positionPercentX": -0.09317443,
                  "positionPercentY": -0.4840871,
                  "positionType": 0,
                  "rotation": 0,
                  "scaleX": 1,
                  "scaleY": 1,
                  "sizePercentX": 0.5742145,
                  "sizePercentY": 0.919598,
                  "sizeType": 0,
                  "tag": 87921,
                  "touchAble": false,
                  "useMergedTexture": false,
                  "visible": true,
                  "width": 530,
                  "x": -86,
                  "y": -289,
                  "adaptScreen": false,
                  "backGroundImage": null,
                  "backGroundImageData": null,
                  "backGroundScale9Enable": false,
                  "bgColorB": 255,
                  "bgColorG": 200,
                  "bgColorOpacity": 0,
                  "bgColorR": 150,
                  "bgEndColorB": 255,
                  "bgEndColorG": 200,
                  "bgEndColorR": 150,
                  "bgStartColorB": 255,
                  "bgStartColorG": 255,
                  "bgStartColorR": 255,
                  "capInsetsHeight": 1,
                  "capInsetsWidth": 1,
                  "capInsetsX": 0,
                  "capInsetsY": 0,
                  "clipAble": false,
                  "colorType": 1,
                  "layoutType": 0,
                  "vectorX": 0,
                  "vectorY": -0.5
                }
              },
              {
                "classname": "ImageView",
                "name": null,
                "children": [],
                "options": {
                  "__type": "ImageViewSurrogate:#EditorCommon.JsonModel.Component.GUI",
                  "classname": "ImageView",
                  "name": "img_paper1",
                  "ZOrder": 0,
                  "actiontag": 128220,
                  "anchorPointX": 0.5,
                  "anchorPointY": 0.5,
                  "classType": "ImageView",
                  "colorB": 255,
                  "colorG": 255,
                  "colorR": 255,
                  "customProperty": "",
                  "flipX": true,
                  "flipY": true,
                  "height": 369,
                  "ignoreSize": true,
                  "layoutParameter": null,
                  "opacity": 255,
                  "positionPercentX": 0.0563380271,
                  "positionPercentY": 0.189279735,
                  "positionType": 0,
                  "rotation": 0,
                  "scaleX": 0.799999952,
                  "scaleY": 0.799999952,
                  "sizePercentX": 0.352112681,
                  "sizePercentY": 0.618090451,
                  "sizeType": 0,
                  "tag": 87917,
                  "touchAble": false,
                  "useMergedTexture": false,
                  "visible": true,
                  "width": 325,
                  "x": 52,
                  "y": 113,
                  "capInsetsHeight": 1,
                  "capInsetsWidth": 1,
                  "capInsetsX": 0,
                  "capInsetsY": 0,
                  "fileName": null,
                  "fileNameData": {
                    "path": "paper_texture_1.png",
                    "plistFile": "",
                    "resourceType": 1
                  },
                  "scale9Enable": false,
                  "scale9Height": 369,
                  "scale9Width": 325
                }
              },
              {
                "classname": "ImageView",
                "name": null,
                "children": [],
                "options": {
                  "__type": "ImageViewSurrogate:#EditorCommon.JsonModel.Component.GUI",
                  "classname": "ImageView",
                  "name": "img_paper2",
                  "ZOrder": 0,
                  "actiontag": 128221,
                  "anchorPointX": 0.5,
                  "anchorPointY": 0.5,
                  "classType": "ImageView",
                  "colorB": 255,
                  "colorG": 255,
                  "colorR": 255,
                  "customProperty": "",
                  "flipX": false,
                  "flipY": true,
                  "height": 369,
                  "ignoreSize": true,
                  "layoutParameter": null,
                  "opacity": 255,
                  "positionPercentX": 0.322860241,
                  "positionPercentY": 0.189279735,
                  "positionType": 0,
                  "rotation": 0,
                  "scaleX": 0.799999952,
                  "scaleY": 0.799999952,
                  "sizePercentX": 0.352112681,
                  "sizePercentY": 0.618090451,
                  "sizeType": 0,
                  "tag": 87918,
                  "touchAble": false,
                  "useMergedTexture": false,
                  "visible": true,
                  "width": 325,
                  "x": 298,
                  "y": 113,
                  "capInsetsHeight": 1,
                  "capInsetsWidth": 1,
                  "capInsetsX": 0,
                  "capInsetsY": 0,
                  "fileName": null,
                  "fileNameData": {
                    "path": "paper_texture_1.png",
                    "plistFile": "",
                    "resourceType": 1
                  },
                  "scale9Enable": false,
                  "scale9Height": 369,
                  "scale9Width": 325
                }
              },
              {
                "classname": "ImageView",
                "name": null,
                "children": [],
                "options": {
                  "__type": "ImageViewSurrogate:#EditorCommon.JsonModel.Component.GUI",
                  "classname": "ImageView",
                  "name": "img_paper3",
                  "ZOrder": 0,
                  "actiontag": 128222,
                  "anchorPointX": 0.5,
                  "anchorPointY": 0.5,
                  "classType": "ImageView",
                  "colorB": 255,
                  "colorG": 255,
                  "colorR": 255,
                  "customProperty": "",
                  "flipX": true,
                  "flipY": false,
                  "height": 369,
                  "ignoreSize": true,
                  "layoutParameter": null,
                  "opacity": 255,
                  "positionPercentX": 0.0563380271,
                  "positionPercentY": -0.180904523,
                  "positionType": 0,
                  "rotation": 0,
                  "scaleX": 0.799999952,
                  "scaleY": 0.799999952,
                  "sizePercentX": 0.352112681,
                  "sizePercentY": 0.618090451,
                  "sizeType": 0,
                  "tag": 87919,
                  "touchAble": false,
                  "useMergedTexture": false,
                  "visible": true,
                  "width": 325,
                  "x": 52,
                  "y": -108,
                  "capInsetsHeight": 1,
                  "capInsetsWidth": 1,
                  "capInsetsX": 0,
                  "capInsetsY": 0,
                  "fileName": null,
                  "fileNameData": {
                    "path": "paper_texture_1.png",
                    "plistFile": "",
                    "resourceType": 1
                  },
                  "scale9Enable": false,
                  "scale9Height": 369,
                  "scale9Width": 325
                }
              },
              {
                "classname": "ImageView",
                "name": null,
                "children": [],
                "options": {
                  "__type": "ImageViewSurrogate:#EditorCommon.JsonModel.Component.GUI",
                  "classname": "ImageView",
                  "name": "img_paper4",
                  "ZOrder": 0,
                  "actiontag": 128223,
                  "anchorPointX": 0.5,
                  "anchorPointY": 0.5,
                  "classType": "ImageView",
                  "colorB": 255,
                  "colorG": 255,
                  "colorR": 255,
                  "customProperty": "",
                  "flipX": false,
                  "flipY": false,
                  "height": 369,
                  "ignoreSize": true,
                  "layoutParameter": null,
                  "opacity": 255,
                  "positionPercentX": 0.322860241,
                  "positionPercentY": -0.180904523,
                  "positionType": 0,
                  "rotation": 0,
                  "scaleX": 0.799999952,
                  "scaleY": 0.799999952,
                  "sizePercentX": 0.352112681,
                  "sizePercentY": 0.618090451,
                  "sizeType": 0,
                  "tag": 87920,
                  "touchAble": false,
                  "useMergedTexture": false,
                  "visible": true,
                  "width": 325,
                  "x": 298,
                  "y": -108,
                  "capInsetsHeight": 1,
                  "capInsetsWidth": 1,
                  "capInsetsX": 0,
                  "capInsetsY": 0,
                  "fileName": null,
                  "fileNameData": {
                    "path": "paper_texture_1.png",
                    "plistFile": "",
                    "resourceType": 1
                  },
                  "scale9Enable": false,
                  "scale9Height": 369,
                  "scale9Width": 325
                }
              }
            ],
            "options": {
              "__type": "ImageViewSurrogate:#EditorCommon.JsonModel.Component.GUI",
              "classname": "ImageView",
              "name": "img_prop_bg",
              "ZOrder": 0,
              "actiontag": 104476,
              "anchorPointX": 0.5,
              "anchorPointY": 0.5,
              "classType": "ImageView",
              "colorB": 255,
              "colorG": 255,
              "colorR": 255,
              "customProperty": "",
              "flipX": false,
              "flipY": false,
              "height": 597,
              "ignoreSize": true,
              "layoutParameter": null,
              "opacity": 255,
              "positionPercentX": 0.4765625,
              "positionPercentY": 0.498611122,
              "positionType": 0,
              "rotation": 0,
              "scaleX": 1,
              "scaleY": 1,
              "sizePercentX": 0.7210938,
              "sizePercentY": 0.829166651,
              "sizeType": 0,
              "tag": 66735,
              "touchAble": false,
              "useMergedTexture": false,
              "visible": true,
              "width": 923,
              "x": 610,
              "y": 359,
              "capInsetsHeight": 1,
              "capInsetsWidth": 1,
              "capInsetsX": 0,
              "capInsetsY": 0,
              "fileName": null,
              "fileNameData": {
                "path": "PvrCcz/m_bg/hero_preview.pvr.ccz",
                "plistFile": "",
                "resourceType": 0
              },
              "scale9Enable": false,
              "scale9Height": 597,
              "scale9Width": 923
            }
          }
        ],
        "options": {
          "__type": "PanelSurrogate:#EditorCommon.JsonModel.Component.GUI",
          "classname": "Panel",
          "name": "panel_info",
          "ZOrder": 0,
          "actiontag": 104475,
          "anchorPointX": 0,
          "anchorPointY": 0,
          "classType": "Panel",
          "colorB": 255,
          "colorG": 255,
          "colorR": 255,
          "customProperty": "",
          "flipX": false,
          "flipY": false,
          "height": 720,
          "ignoreSize": false,
          "layoutParameter": null,
          "opacity": 255,
          "positionPercentX": 0,
          "positionPercentY": 0,
          "positionType": 0,
          "rotation": 0,
          "scaleX": 1,
          "scaleY": 1,
          "sizePercentX": 1,
          "sizePercentY": 1,
          "sizeType": 0,
          "tag": 66734,
          "touchAble": false,
          "useMergedTexture": false,
          "visible": true,
          "width": 1280,
          "x": 0,
          "y": 0,
          "adaptScreen": false,
          "backGroundImage": null,
          "backGroundImageData": null,
          "backGroundScale9Enable": false,
          "bgColorB": 0,
          "bgColorG": 0,
          "bgColorOpacity": 0,
          "bgColorR": 0,
          "bgEndColorB": 255,
          "bgEndColorG": 200,
          "bgEndColorR": 150,
          "bgStartColorB": 255,
          "bgStartColorG": 255,
          "bgStartColorR": 255,
          "capInsetsHeight": 1,
          "capInsetsWidth": 1,
          "capInsetsX": 0,
          "capInsetsY": 0,
          "clipAble": false,
          "colorType": 1,
          "layoutType": 0,
          "vectorX": 0,
          "vectorY": -0.5
        }
      }
    ],
    "options": {
      "__type": "PanelSurrogate:#EditorCommon.JsonModel.Component.GUI",
      "classname": "Panel",
      "name": "Panel_monster_info",
      "ZOrder": 0,
      "actiontag": -1,
      "anchorPointX": 0,
      "anchorPointY": 0,
      "classType": "Panel",
      "colorB": 255,
      "colorG": 255,
      "colorR": 255,
      "customProperty": "",
      "flipX": false,
      "flipY": false,
      "height": 720,
      "ignoreSize": false,
      "layoutParameter": null,
      "opacity": 255,
      "positionPercentX": 0,
      "positionPercentY": 0,
      "positionType": 0,
      "rotation": 0,
      "scaleX": 1,
      "scaleY": 1,
      "sizePercentX": 0,
      "sizePercentY": 0,
      "sizeType": 0,
      "tag": 6065,
      "touchAble": true,
      "useMergedTexture": false,
      "visible": true,
      "width": 1280,
      "x": 0,
      "y": 0,
      "adaptScreen": false,
      "backGroundImage": null,
      "backGroundImageData": null,
      "backGroundScale9Enable": false,
      "bgColorB": 255,
      "bgColorG": 200,
      "bgColorOpacity": 0,
      "bgColorR": 150,
      "bgEndColorB": 255,
      "bgEndColorG": 200,
      "bgEndColorR": 150,
      "bgStartColorB": 255,
      "bgStartColorG": 255,
      "bgStartColorR": 255,
      "capInsetsHeight": 1,
      "capInsetsWidth": 1,
      "capInsetsX": 0,
      "capInsetsY": 0,
      "clipAble": false,
      "colorType": 1,
      "layoutType": 0,
      "vectorX": 0,
      "vectorY": -0.5
    }
  }
}
