{
  "classname": null,
  "name": null,
  "animation": {
    "classname": null,
    "name": "AnimationManager",
    "actionlist": []
  },
  "dataScale": 1,
  "designHeight": 720,
  "designWidth": 1280,
  "textures": [],
  "version": "1.3.0.1",
  "widgetTree": {
    "classname": "Panel",
    "name": null,
    "children": [
      {
        "classname": "Label",
        "name": null,
        "children": [],
        "options": {
          "__type": "LabelSurrogate:#EditorCommon.JsonModel.Component.GUI",
          "classname": "Label",
          "name": "cofc_name_lbl",
          "ZOrder": 3,
          "actiontag": 6211,
          "anchorPointX": 0.5,
          "anchorPointY": 0.5,
          "classType": "Label",
          "colorB": 255,
          "colorG": 255,
          "colorR": 255,
          "customProperty": "",
          "flipX": false,
          "flipY": false,
          "height": 49,
          "ignoreSize": true,
          "layoutParameter": null,
          "opacity": 255,
          "positionPercentX": 0.500781238,
          "positionPercentY": 0.8736111,
          "positionType": 0,
          "rotation": 0,
          "scaleX": 1,
          "scaleY": 1,
          "sizePercentX": 0.24375,
          "sizePercentY": 0.0680555552,
          "sizeType": 0,
          "tag": 567,
          "touchAble": false,
          "useMergedTexture": false,
          "visible": true,
          "width": 312,
          "x": 641,
          "y": 629,
          "areaHeight": 0,
          "areaWidth": 0,
          "fontFile": null,
          "fontName": "STHUPO.ttf",
          "fontSize": 48,
          "hAlignment": 0,
          "text": "XXX任务公告版",
          "touchScaleEnable": false,
          "vAlignment": 0
        }
      },
      {
        "classname": "Button",
        "name": null,
        "children": [],
        "options": {
          "__type": "ButtonSurrogate:#EditorCommon.JsonModel.Component.GUI",
          "classname": "Button",
          "name": "licence_btn",
          "ZOrder": 1,
          "actiontag": 6205,
          "anchorPointX": 0.5,
          "anchorPointY": 0.5,
          "classType": "Button",
          "colorB": 255,
          "colorG": 255,
          "colorR": 255,
          "customProperty": "",
          "flipX": false,
          "flipY": false,
          "height": 240,
          "ignoreSize": false,
          "layoutParameter": null,
          "opacity": 255,
          "positionPercentX": 0.1078125,
          "positionPercentY": 0.3375,
          "positionType": 0,
          "rotation": 0,
          "scaleX": 1,
          "scaleY": 1,
          "sizePercentX": 0.09375,
          "sizePercentY": 0.333333343,
          "sizeType": 0,
          "tag": 561,
          "touchAble": true,
          "useMergedTexture": false,
          "visible": true,
          "width": 120,
          "x": 138,
          "y": 243,
          "capInsetsHeight": 0,
          "capInsetsWidth": 0,
          "capInsetsX": 0,
          "capInsetsY": 0,
          "disabled": null,
          "disabledData": {
            "path": null,
            "plistFile": null,
            "resourceType": 0
          },
          "fontName": "微软雅黑",
          "fontSize": 14,
          "fontType": 0,
          "normal": null,
          "normalData": {
            "path": "button_v.png",
            "plistFile": "",
            "resourceType": 1
          },
          "pressed": null,
          "pressedData": {
            "path": "button_v_pressed.png",
            "plistFile": "",
            "resourceType": 1
          },
          "scale9Enable": true,
          "scale9Height": 240,
          "scale9Width": 120,
          "text": "",
          "textColorB": 255,
          "textColorG": 255,
          "textColorR": 255
        }
      },
      {
        "classname": "Button",
        "name": null,
        "children": [],
        "options": {
          "__type": "ButtonSurrogate:#EditorCommon.JsonModel.Component.GUI",
          "classname": "Button",
          "name": "risk_btn",
          "ZOrder": 1,
          "actiontag": 6204,
          "anchorPointX": 0.5,
          "anchorPointY": 0.5,
          "classType": "Button",
          "colorB": 255,
          "colorG": 255,
          "colorR": 255,
          "customProperty": "",
          "flipX": false,
          "flipY": false,
          "height": 240,
          "ignoreSize": false,
          "layoutParameter": null,
          "opacity": 255,
          "positionPercentX": 0.1078125,
          "positionPercentY": 0.683333337,
          "positionType": 0,
          "rotation": 0,
          "scaleX": 1,
          "scaleY": 1,
          "sizePercentX": 0.09375,
          "sizePercentY": 0.333333343,
          "sizeType": 0,
          "tag": 560,
          "touchAble": true,
          "useMergedTexture": false,
          "visible": true,
          "width": 120,
          "x": 138,
          "y": 492,
          "capInsetsHeight": 0,
          "capInsetsWidth": 0,
          "capInsetsX": 0,
          "capInsetsY": 0,
          "disabled": null,
          "disabledData": {
            "path": null,
            "plistFile": null,
            "resourceType": 0
          },
          "fontName": "微软雅黑",
          "fontSize": 14,
          "fontType": 0,
          "normal": null,
          "normalData": {
            "path": "button_v.png",
            "plistFile": "",
            "resourceType": 1
          },
          "pressed": null,
          "pressedData": {
            "path": "button_v_pressed.png",
            "plistFile": "",
            "resourceType": 1
          },
          "scale9Enable": true,
          "scale9Height": 240,
          "scale9Width": 120,
          "text": "",
          "textColorB": 255,
          "textColorG": 255,
          "textColorR": 255
        }
      },
      {
        "classname": "Label",
        "name": null,
        "children": [],
        "options": {
          "__type": "LabelSurrogate:#EditorCommon.JsonModel.Component.GUI",
          "classname": "Label",
          "name": "licence_lbl",
          "ZOrder": 4,
          "actiontag": 6208,
          "anchorPointX": 0.5,
          "anchorPointY": 0.5,
          "classType": "Label",
          "colorB": 255,
          "colorG": 255,
          "colorR": 255,
          "customProperty": "",
          "flipX": false,
          "flipY": false,
          "height": 200,
          "ignoreSize": false,
          "layoutParameter": null,
          "opacity": 255,
          "positionPercentX": 0.1078125,
          "positionPercentY": 0.3375,
          "positionType": 0,
          "rotation": 0,
          "scaleX": 1,
          "scaleY": 1,
          "sizePercentX": 0.03515625,
          "sizePercentY": 0.2777778,
          "sizeType": 0,
          "tag": 563,
          "touchAble": false,
          "useMergedTexture": false,
          "visible": true,
          "width": 45,
          "x": 138,
          "y": 243,
          "areaHeight": 200,
          "areaWidth": 45,
          "fontFile": null,
          "fontName": "STHUPO.ttf",
          "fontSize": 42,
          "hAlignment": 1,
          "text": "执照进阶",
          "touchScaleEnable": false,
          "vAlignment": 1
        }
      },
      {
        "classname": "Label",
        "name": null,
        "children": [],
        "options": {
          "__type": "LabelSurrogate:#EditorCommon.JsonModel.Component.GUI",
          "classname": "Label",
          "name": "licence_lbl_s",
          "ZOrder": 3,
          "actiontag": 6210,
          "anchorPointX": 0.5,
          "anchorPointY": 0.5,
          "classType": "Label",
          "colorB": 0,
          "colorG": 0,
          "colorR": 0,
          "customProperty": "",
          "flipX": false,
          "flipY": false,
          "height": 200,
          "ignoreSize": false,
          "layoutParameter": null,
          "opacity": 255,
          "positionPercentX": 0.1125,
          "positionPercentY": 0.331944436,
          "positionType": 0,
          "rotation": 0,
          "scaleX": 1,
          "scaleY": 1,
          "sizePercentX": 0.03515625,
          "sizePercentY": 0.2777778,
          "sizeType": 0,
          "tag": 563,
          "touchAble": false,
          "useMergedTexture": false,
          "visible": true,
          "width": 45,
          "x": 144,
          "y": 239,
          "areaHeight": 200,
          "areaWidth": 45,
          "fontFile": null,
          "fontName": "STHUPO.ttf",
          "fontSize": 42,
          "hAlignment": 1,
          "text": "执照进阶",
          "touchScaleEnable": false,
          "vAlignment": 1
        }
      },
      {
        "classname": "Label",
        "name": null,
        "children": [],
        "options": {
          "__type": "LabelSurrogate:#EditorCommon.JsonModel.Component.GUI",
          "classname": "Label",
          "name": "risk_lbl_s",
          "ZOrder": 3,
          "actiontag": 6209,
          "anchorPointX": 0.5,
          "anchorPointY": 0.5,
          "classType": "Label",
          "colorB": 0,
          "colorG": 0,
          "colorR": 0,
          "customProperty": "",
          "flipX": false,
          "flipY": false,
          "height": 200,
          "ignoreSize": false,
          "layoutParameter": null,
          "opacity": 255,
          "positionPercentX": 0.1109375,
          "positionPercentY": 0.67638886,
          "positionType": 0,
          "rotation": 0,
          "scaleX": 1,
          "scaleY": 1,
          "sizePercentX": 0.03515625,
          "sizePercentY": 0.2777778,
          "sizeType": 0,
          "tag": 563,
          "touchAble": false,
          "useMergedTexture": false,
          "visible": true,
          "width": 45,
          "x": 142,
          "y": 487,
          "areaHeight": 200,
          "areaWidth": 45,
          "fontFile": null,
          "fontName": "STHUPO.ttf",
          "fontSize": 42,
          "hAlignment": 1,
          "text": "商会任务",
          "touchScaleEnable": false,
          "vAlignment": 1
        }
      },
      {
        "classname": "Label",
        "name": null,
        "children": [],
        "options": {
          "__type": "LabelSurrogate:#EditorCommon.JsonModel.Component.GUI",
          "classname": "Label",
          "name": "risk_lbl",
          "ZOrder": 4,
          "actiontag": 6207,
          "anchorPointX": 0.5,
          "anchorPointY": 0.5,
          "classType": "Label",
          "colorB": 255,
          "colorG": 255,
          "colorR": 255,
          "customProperty": "",
          "flipX": false,
          "flipY": false,
          "height": 200,
          "ignoreSize": false,
          "layoutParameter": null,
          "opacity": 255,
          "positionPercentX": 0.10625,
          "positionPercentY": 0.683333337,
          "positionType": 0,
          "rotation": 0,
          "scaleX": 1,
          "scaleY": 1,
          "sizePercentX": 0.03515625,
          "sizePercentY": 0.2777778,
          "sizeType": 0,
          "tag": 563,
          "touchAble": false,
          "useMergedTexture": false,
          "visible": true,
          "width": 45,
          "x": 136,
          "y": 492,
          "areaHeight": 200,
          "areaWidth": 45,
          "fontFile": null,
          "fontName": "STHUPO.ttf",
          "fontSize": 42,
          "hAlignment": 1,
          "text": "商会任务",
          "touchScaleEnable": false,
          "vAlignment": 1
        }
      },
      {
        "classname": "Panel",
        "name": null,
        "children": [],
        "options": {
          "__type": "PanelSurrogate:#EditorCommon.JsonModel.Component.GUI",
          "classname": "Panel",
          "name": "scroll_bg",
          "ZOrder": 0,
          "actiontag": 6213,
          "anchorPointX": 0,
          "anchorPointY": 0,
          "classType": "Panel",
          "colorB": 255,
          "colorG": 255,
          "colorR": 255,
          "customProperty": "",
          "flipX": false,
          "flipY": false,
          "height": 650,
          "ignoreSize": false,
          "layoutParameter": null,
          "opacity": 255,
          "positionPercentX": 0.146875,
          "positionPercentY": 0.04027778,
          "positionType": 0,
          "rotation": 0,
          "scaleX": 1,
          "scaleY": 1,
          "sizePercentX": 0.703125,
          "sizePercentY": 0.9027778,
          "sizeType": 0,
          "tag": 569,
          "touchAble": true,
          "useMergedTexture": false,
          "visible": true,
          "width": 900,
          "x": 188,
          "y": 29,
          "adaptScreen": false,
          "backGroundImage": null,
          "backGroundImageData": null,
          "backGroundScale9Enable": false,
          "bgColorB": 0,
          "bgColorG": 0,
          "bgColorOpacity": 128,
          "bgColorR": 0,
          "bgEndColorB": 255,
          "bgEndColorG": 200,
          "bgEndColorR": 150,
          "bgStartColorB": 255,
          "bgStartColorG": 255,
          "bgStartColorR": 255,
          "capInsetsHeight": 0,
          "capInsetsWidth": 0,
          "capInsetsX": 0,
          "capInsetsY": 0,
          "clipAble": false,
          "colorType": 1,
          "layoutType": 0,
          "vectorX": 0,
          "vectorY": -0.5
        }
      },
      {
        "classname": "Button",
        "name": null,
        "children": [],
        "options": {
          "__type": "ButtonSurrogate:#EditorCommon.JsonModel.Component.GUI",
          "classname": "Button",
          "name": "btn_back",
          "ZOrder": 4,
          "actiontag": 23474,
          "anchorPointX": 0.5,
          "anchorPointY": 0.5,
          "classType": "Button",
          "colorB": 255,
          "colorG": 255,
          "colorR": 255,
          "customProperty": "",
          "flipX": false,
          "flipY": false,
          "height": 140,
          "ignoreSize": true,
          "layoutParameter": null,
          "opacity": 255,
          "positionPercentX": 0.8304688,
          "positionPercentY": 0.9111111,
          "positionType": 0,
          "rotation": 0,
          "scaleX": 0.75,
          "scaleY": 0.75,
          "sizePercentX": 0.108593747,
          "sizePercentY": 0.194444448,
          "sizeType": 0,
          "tag": 1156,
          "touchAble": true,
          "useMergedTexture": false,
          "visible": true,
          "width": 139,
          "x": 1063,
          "y": 656,
          "capInsetsHeight": 0,
          "capInsetsWidth": 0,
          "capInsetsX": 0,
          "capInsetsY": 0,
          "disabled": null,
          "disabledData": {
            "path": null,
            "plistFile": null,
            "resourceType": 0
          },
          "fontName": "微软雅黑",
          "fontSize": 14,
          "fontType": 0,
          "normal": null,
          "normalData": {
            "path": "btn_close.png",
            "plistFile": "",
            "resourceType": 1
          },
          "pressed": null,
          "pressedData": {
            "path": "btn_close_pressed.png",
            "plistFile": "",
            "resourceType": 1
          },
          "scale9Enable": false,
          "scale9Height": 140,
          "scale9Width": 139,
          "text": "",
          "textColorB": 255,
          "textColorG": 255,
          "textColorR": 255
        }
      },
      {
        "classname": "Panel",
        "name": null,
        "children": [
          {
            "classname": "Button",
            "name": null,
            "children": [
              {
                "classname": "Label",
                "name": null,
                "children": [],
                "options": {
                  "__type": "LabelSurrogate:#EditorCommon.JsonModel.Component.GUI",
                  "classname": "Label",
                  "name": "upok_btn_lbl",
                  "ZOrder": 2,
                  "actiontag": 7638,
                  "anchorPointX": 0.5,
                  "anchorPointY": 0.5,
                  "classType": "Label",
                  "colorB": 255,
                  "colorG": 255,
                  "colorR": 255,
                  "customProperty": "",
                  "flipX": false,
                  "flipY": false,
                  "height": 29,
                  "ignoreSize": true,
                  "layoutParameter": null,
                  "opacity": 255,
                  "positionPercentX": 0,
                  "positionPercentY": 0,
                  "positionType": 0,
                  "rotation": 0,
                  "scaleX": 1,
                  "scaleY": 1,
                  "sizePercentX": 0.7133758,
                  "sizePercentY": 0.376623362,
                  "sizeType": 0,
                  "tag": 639,
                  "touchAble": false,
                  "useMergedTexture": false,
                  "visible": true,
                  "width": 112,
                  "x": 0,
                  "y": 0,
                  "areaHeight": 0,
                  "areaWidth": 0,
                  "fontFile": null,
                  "fontName": "STHUPO.ttf",
                  "fontSize": 28,
                  "hAlignment": 0,
                  "text": "执照升级",
                  "touchScaleEnable": false,
                  "vAlignment": 0
                }
              },
              {
                "classname": "Label",
                "name": null,
                "children": [],
                "options": {
                  "__type": "LabelSurrogate:#EditorCommon.JsonModel.Component.GUI",
                  "classname": "Label",
                  "name": "upok_btn_lbl_s",
                  "ZOrder": 1,
                  "actiontag": 7639,
                  "anchorPointX": 0.5,
                  "anchorPointY": 0.5,
                  "classType": "Label",
                  "colorB": 0,
                  "colorG": 0,
                  "colorR": 0,
                  "customProperty": "",
                  "flipX": false,
                  "flipY": false,
                  "height": 29,
                  "ignoreSize": true,
                  "layoutParameter": null,
                  "opacity": 255,
                  "positionPercentX": 0.01910828,
                  "positionPercentY": 0,
                  "positionType": 0,
                  "rotation": 0,
                  "scaleX": 1,
                  "scaleY": 1,
                  "sizePercentX": 0.7133758,
                  "sizePercentY": 0.376623362,
                  "sizeType": 0,
                  "tag": 639,
                  "touchAble": false,
                  "useMergedTexture": false,
                  "visible": true,
                  "width": 112,
                  "x": 3,
                  "y": 0,
                  "areaHeight": 0,
                  "areaWidth": 0,
                  "fontFile": null,
                  "fontName": "STHUPO.ttf",
                  "fontSize": 28,
                  "hAlignment": 0,
                  "text": "执照升级",
                  "touchScaleEnable": false,
                  "vAlignment": 0
                }
              }
            ],
            "options": {
              "__type": "ButtonSurrogate:#EditorCommon.JsonModel.Component.GUI",
              "classname": "Button",
              "name": "upok_btn",
              "ZOrder": 0,
              "actiontag": 8816,
              "anchorPointX": 0.5,
              "anchorPointY": 0.5,
              "classType": "Button",
              "colorB": 255,
              "colorG": 255,
              "colorR": 255,
              "customProperty": "",
              "flipX": false,
              "flipY": false,
              "height": 77,
              "ignoreSize": true,
              "layoutParameter": null,
              "opacity": 255,
              "positionPercentX": 0.497656256,
              "positionPercentY": 0.3611111,
              "positionType": 0,
              "rotation": 0,
              "scaleX": 1,
              "scaleY": 1,
              "sizePercentX": 0.122656249,
              "sizePercentY": 0.106944442,
              "sizeType": 0,
              "tag": 653,
              "touchAble": true,
              "useMergedTexture": false,
              "visible": true,
              "width": 157,
              "x": 637,
              "y": 260,
              "capInsetsHeight": 0,
              "capInsetsWidth": 0,
              "capInsetsX": 0,
              "capInsetsY": 0,
              "disabled": null,
              "disabledData": {
                "path": "btn_brown_disabled.png",
                "plistFile": "",
                "resourceType": 1
              },
              "fontName": "微软雅黑",
              "fontSize": 14,
              "fontType": 0,
              "normal": null,
              "normalData": {
                "path": "btn_brown.png",
                "plistFile": "",
                "resourceType": 1
              },
              "pressed": null,
              "pressedData": {
                "path": "btn_brown_pressed.png",
                "plistFile": "",
                "resourceType": 1
              },
              "scale9Enable": false,
              "scale9Height": 77,
              "scale9Width": 157,
              "text": "",
              "textColorB": 255,
              "textColorG": 255,
              "textColorR": 255
            }
          },
          {
            "classname": "ImageView",
            "name": null,
            "children": [],
            "options": {
              "__type": "ImageViewSurrogate:#EditorCommon.JsonModel.Component.GUI",
              "classname": "ImageView",
              "name": "licence_btn_img",
              "ZOrder": 3,
              "actiontag": 7617,
              "anchorPointX": 0.5,
              "anchorPointY": 0.5,
              "classType": "ImageView",
              "colorB": 255,
              "colorG": 255,
              "colorR": 255,
              "customProperty": "",
              "flipX": false,
              "flipY": false,
              "height": 240,
              "ignoreSize": false,
              "layoutParameter": null,
              "opacity": 255,
              "positionPercentX": 0.1078125,
              "positionPercentY": 0.3375,
              "positionType": 0,
              "rotation": 0,
              "scaleX": 1,
              "scaleY": 1,
              "sizePercentX": 0.09375,
              "sizePercentY": 0.333333343,
              "sizeType": 0,
              "tag": 618,
              "touchAble": true,
              "useMergedTexture": false,
              "visible": true,
              "width": 120,
              "x": 138,
              "y": 243,
              "capInsetsHeight": 0,
              "capInsetsWidth": 0,
              "capInsetsX": 0,
              "capInsetsY": 0,
              "fileName": null,
              "fileNameData": {
                "path": "button_v_pressed.png",
                "plistFile": "",
                "resourceType": 1
              },
              "scale9Enable": true,
              "scale9Height": 240,
              "scale9Width": 120
            }
          },
          {
            "classname": "ImageView",
            "name": null,
            "children": [
              {
                "classname": "Label",
                "name": null,
                "children": [],
                "options": {
                  "__type": "LabelSurrogate:#EditorCommon.JsonModel.Component.GUI",
                  "classname": "Label",
                  "name": "cost_star_val",
                  "ZOrder": 0,
                  "actiontag": 7630,
                  "anchorPointX": 0,
                  "anchorPointY": 0.5,
                  "classType": "Label",
                  "colorB": 22,
                  "colorG": 49,
                  "colorR": 83,
                  "customProperty": "",
                  "flipX": false,
                  "flipY": false,
                  "height": 0,
                  "ignoreSize": true,
                  "layoutParameter": null,
                  "opacity": 255,
                  "positionPercentX": -0.3121547,
                  "positionPercentY": -0.2192691,
                  "positionType": 0,
                  "rotation": 0,
                  "scaleX": 1,
                  "scaleY": 1,
                  "sizePercentX": 0.00138121552,
                  "sizePercentY": 0.003322259,
                  "sizeType": 0,
                  "tag": 626,
                  "touchAble": false,
                  "useMergedTexture": false,
                  "visible": true,
                  "width": 0,
                  "x": -226,
                  "y": -66,
                  "areaHeight": 0,
                  "areaWidth": 0,
                  "fontFile": null,
                  "fontName": "STENCIL.ttf",
                  "fontSize": 36,
                  "hAlignment": 0,
                  "text": "",
                  "touchScaleEnable": false,
                  "vAlignment": 0
                }
              },
              {
                "classname": "Label",
                "name": null,
                "children": [],
                "options": {
                  "__type": "LabelSurrogate:#EditorCommon.JsonModel.Component.GUI",
                  "classname": "Label",
                  "name": "cost_gold_val",
                  "ZOrder": 0,
                  "actiontag": 7629,
                  "anchorPointX": 0,
                  "anchorPointY": 0.5,
                  "classType": "Label",
                  "colorB": 22,
                  "colorG": 49,
                  "colorR": 83,
                  "customProperty": "",
                  "flipX": false,
                  "flipY": false,
                  "height": 0,
                  "ignoreSize": true,
                  "layoutParameter": null,
                  "opacity": 255,
                  "positionPercentX": -0.3121547,
                  "positionPercentY": 0.199335545,
                  "positionType": 0,
                  "rotation": 0,
                  "scaleX": 1,
                  "scaleY": 1,
                  "sizePercentX": 0.00138121552,
                  "sizePercentY": 0.003322259,
                  "sizeType": 0,
                  "tag": 626,
                  "touchAble": false,
                  "useMergedTexture": false,
                  "visible": true,
                  "width": 0,
                  "x": -226,
                  "y": 60,
                  "areaHeight": 0,
                  "areaWidth": 0,
                  "fontFile": null,
                  "fontName": "STENCIL.ttf",
                  "fontSize": 36,
                  "hAlignment": 0,
                  "text": "",
                  "touchScaleEnable": false,
                  "vAlignment": 0
                }
              },
              {
                "classname": "Label",
                "name": null,
                "children": [],
                "options": {
                  "__type": "LabelSurrogate:#EditorCommon.JsonModel.Component.GUI",
                  "classname": "Label",
                  "name": "cost_oil_val",
                  "ZOrder": 0,
                  "actiontag": 7628,
                  "anchorPointX": 0,
                  "anchorPointY": 0.5,
                  "classType": "Label",
                  "colorB": 22,
                  "colorG": 49,
                  "colorR": 83,
                  "customProperty": "",
                  "flipX": false,
                  "flipY": false,
                  "height": 0,
                  "ignoreSize": true,
                  "layoutParameter": null,
                  "opacity": 255,
                  "positionPercentX": -0.309392273,
                  "positionPercentY": -0.006644518,
                  "positionType": 0,
                  "rotation": 0,
                  "scaleX": 1,
                  "scaleY": 1,
                  "sizePercentX": 0.00138121552,
                  "sizePercentY": 0.003322259,
                  "sizeType": 0,
                  "tag": 626,
                  "touchAble": false,
                  "useMergedTexture": false,
                  "visible": true,
                  "width": 0,
                  "x": -224,
                  "y": -2,
                  "areaHeight": 0,
                  "areaWidth": 0,
                  "fontFile": null,
                  "fontName": "STENCIL.ttf",
                  "fontSize": 36,
                  "hAlignment": 0,
                  "text": "",
                  "touchScaleEnable": false,
                  "vAlignment": 0
                }
              },
              {
                "classname": "ImageView",
                "name": null,
                "children": [],
                "options": {
                  "__type": "ImageViewSurrogate:#EditorCommon.JsonModel.Component.GUI",
                  "classname": "ImageView",
                  "name": "cost_gold_img",
                  "ZOrder": 0,
                  "actiontag": 7622,
                  "anchorPointX": 0.5,
                  "anchorPointY": 0.5,
                  "classType": "ImageView",
                  "colorB": 255,
                  "colorG": 255,
                  "colorR": 255,
                  "customProperty": "",
                  "flipX": false,
                  "flipY": false,
                  "height": 88,
                  "ignoreSize": true,
                  "layoutParameter": null,
                  "opacity": 255,
                  "positionPercentX": -0.3660221,
                  "positionPercentY": 0.199335545,
                  "positionType": 0,
                  "rotation": 0,
                  "scaleX": 0.6,
                  "scaleY": 0.6,
                  "sizePercentX": 0.114640884,
                  "sizePercentY": 0.292358816,
                  "sizeType": 0,
                  "tag": 623,
                  "touchAble": false,
                  "useMergedTexture": false,
                  "visible": true,
                  "width": 83,
                  "x": -265,
                  "y": 60,
                  "capInsetsHeight": 0,
                  "capInsetsWidth": 0,
                  "capInsetsX": 0,
                  "capInsetsY": 0,
                  "fileName": null,
                  "fileNameData": {
                    "path": "icon_gold.png",
                    "plistFile": "",
                    "resourceType": 1
                  },
                  "scale9Enable": false,
                  "scale9Height": 88,
                  "scale9Width": 83
                }
              },
              {
                "classname": "ImageView",
                "name": null,
                "children": [],
                "options": {
                  "__type": "ImageViewSurrogate:#EditorCommon.JsonModel.Component.GUI",
                  "classname": "ImageView",
                  "name": "cost_oil_img",
                  "ZOrder": 0,
                  "actiontag": 7623,
                  "anchorPointX": 0.5,
                  "anchorPointY": 0.5,
                  "classType": "ImageView",
                  "colorB": 255,
                  "colorG": 255,
                  "colorR": 255,
                  "customProperty": "",
                  "flipX": false,
                  "flipY": false,
                  "height": 90,
                  "ignoreSize": true,
                  "layoutParameter": null,
                  "opacity": 255,
                  "positionPercentX": -0.3646409,
                  "positionPercentY": -0.009966778,
                  "positionType": 0,
                  "rotation": 0,
                  "scaleX": 0.6,
                  "scaleY": 0.6,
                  "sizePercentX": 0.113259666,
                  "sizePercentY": 0.299003333,
                  "sizeType": 0,
                  "tag": 624,
                  "touchAble": false,
                  "useMergedTexture": false,
                  "visible": true,
                  "width": 82,
                  "x": -264,
                  "y": -3,
                  "capInsetsHeight": 0,
                  "capInsetsWidth": 0,
                  "capInsetsX": 0,
                  "capInsetsY": 0,
                  "fileName": null,
                  "fileNameData": {
                    "path": "icon_oil.png",
                    "plistFile": "",
                    "resourceType": 1
                  },
                  "scale9Enable": false,
                  "scale9Height": 90,
                  "scale9Width": 82
                }
              },
              {
                "classname": "ImageView",
                "name": null,
                "children": [],
                "options": {
                  "__type": "ImageViewSurrogate:#EditorCommon.JsonModel.Component.GUI",
                  "classname": "ImageView",
                  "name": "cost_star_img",
                  "ZOrder": 0,
                  "actiontag": 7624,
                  "anchorPointX": 0.5,
                  "anchorPointY": 0.5,
                  "classType": "ImageView",
                  "colorB": 255,
                  "colorG": 255,
                  "colorR": 255,
                  "customProperty": "",
                  "flipX": false,
                  "flipY": false,
                  "height": 54,
                  "ignoreSize": true,
                  "layoutParameter": null,
                  "opacity": 255,
                  "positionPercentX": -0.3646409,
                  "positionPercentY": -0.2192691,
                  "positionType": 0,
                  "rotation": 0,
                  "scaleX": 1,
                  "scaleY": 1,
                  "sizePercentX": 0.07044199,
                  "sizePercentY": 0.179402,
                  "sizeType": 0,
                  "tag": 625,
                  "touchAble": false,
                  "useMergedTexture": false,
                  "visible": true,
                  "width": 51,
                  "x": -264,
                  "y": -66,
                  "capInsetsHeight": 0,
                  "capInsetsWidth": 0,
                  "capInsetsX": 0,
                  "capInsetsY": 0,
                  "fileName": null,
                  "fileNameData": {
                    "path": "star_full.png",
                    "plistFile": "",
                    "resourceType": 1
                  },
                  "scale9Enable": false,
                  "scale9Height": 54,
                  "scale9Width": 51
                }
              },
              {
                "classname": "Label",
                "name": null,
                "children": [],
                "options": {
                  "__type": "LabelSurrogate:#EditorCommon.JsonModel.Component.GUI",
                  "classname": "Label",
                  "name": "area_val",
                  "ZOrder": 0,
                  "actiontag": 7631,
                  "anchorPointX": 0,
                  "anchorPointY": 0.5,
                  "classType": "Label",
                  "colorB": 22,
                  "colorG": 49,
                  "colorR": 83,
                  "customProperty": "",
                  "flipX": false,
                  "flipY": false,
                  "height": 0,
                  "ignoreSize": true,
                  "layoutParameter": null,
                  "opacity": 255,
                  "positionPercentX": -0.05801105,
                  "positionPercentY": -0.21262458,
                  "positionType": 0,
                  "rotation": 0,
                  "scaleX": 1,
                  "scaleY": 1,
                  "sizePercentX": 0.00138121552,
                  "sizePercentY": 0.003322259,
                  "sizeType": 0,
                  "tag": 632,
                  "touchAble": false,
                  "useMergedTexture": false,
                  "visible": true,
                  "width": 0,
                  "x": -42,
                  "y": -64,
                  "areaHeight": 0,
                  "areaWidth": 0,
                  "fontFile": null,
                  "fontName": "STENCIL.ttf",
                  "fontSize": 36,
                  "hAlignment": 0,
                  "text": "",
                  "touchScaleEnable": false,
                  "vAlignment": 0
                }
              },
              {
                "classname": "Label",
                "name": null,
                "children": [],
                "options": {
                  "__type": "LabelSurrogate:#EditorCommon.JsonModel.Component.GUI",
                  "classname": "Label",
                  "name": "cost_time_val",
                  "ZOrder": 0,
                  "actiontag": 7635,
                  "anchorPointX": 0,
                  "anchorPointY": 0.5,
                  "classType": "Label",
                  "colorB": 22,
                  "colorG": 49,
                  "colorR": 83,
                  "customProperty": "",
                  "flipX": false,
                  "flipY": false,
                  "height": 0,
                  "ignoreSize": true,
                  "layoutParameter": null,
                  "opacity": 255,
                  "positionPercentX": 0.0635359138,
                  "positionPercentY": 0.0564784035,
                  "positionType": 0,
                  "rotation": 0,
                  "scaleX": 1,
                  "scaleY": 1,
                  "sizePercentX": 0.00138121552,
                  "sizePercentY": 0.003322259,
                  "sizeType": 0,
                  "tag": 632,
                  "touchAble": false,
                  "useMergedTexture": false,
                  "visible": true,
                  "width": 0,
                  "x": 46,
                  "y": 17,
                  "areaHeight": 0,
                  "areaWidth": 0,
                  "fontFile": null,
                  "fontName": "STENCIL.ttf",
                  "fontSize": 20,
                  "hAlignment": 0,
                  "text": "",
                  "touchScaleEnable": false,
                  "vAlignment": 0
                }
              },
              {
                "classname": "LoadingBar",
                "name": null,
                "children": [
                  {
                    "classname": "ImageView",
                    "name": null,
                    "children": [],
                    "options": {
                      "__type": "ImageViewSurrogate:#EditorCommon.JsonModel.Component.GUI",
                      "classname": "ImageView",
                      "name": "cost_time_bg",
                      "ZOrder": 0,
                      "actiontag": 7632,
                      "anchorPointX": 0.5,
                      "anchorPointY": 0.5,
                      "classType": "ImageView",
                      "colorB": 255,
                      "colorG": 255,
                      "colorR": 255,
                      "customProperty": "",
                      "flipX": false,
                      "flipY": false,
                      "height": 41,
                      "ignoreSize": true,
                      "layoutParameter": null,
                      "opacity": 255,
                      "positionPercentX": 0,
                      "positionPercentY": 0,
                      "positionType": 0,
                      "rotation": 0,
                      "scaleX": 1,
                      "scaleY": 1,
                      "sizePercentX": 1.03767121,
                      "sizePercentY": 1.28125,
                      "sizeType": 0,
                      "tag": 633,
                      "touchAble": false,
                      "useMergedTexture": false,
                      "visible": true,
                      "width": 303,
                      "x": 0,
                      "y": 0,
                      "capInsetsHeight": 0,
                      "capInsetsWidth": 0,
                      "capInsetsX": 0,
                      "capInsetsY": 0,
                      "fileName": null,
                      "fileNameData": {
                        "path": "oil_pg_bg.png",
                        "plistFile": "",
                        "resourceType": 1
                      },
                      "scale9Enable": false,
                      "scale9Height": 41,
                      "scale9Width": 303
                    }
                  }
                ],
                "options": {
                  "__type": "LoadingBarSurrogate:#EditorCommon.JsonModel.Component.GUI",
                  "classname": "LoadingBar",
                  "name": "cost_time_bar",
                  "ZOrder": 0,
                  "actiontag": 7633,
                  "anchorPointX": 0.5,
                  "anchorPointY": 0.5,
                  "classType": "LoadingBar",
                  "colorB": 255,
                  "colorG": 255,
                  "colorR": 255,
                  "customProperty": "",
                  "flipX": false,
                  "flipY": false,
                  "height": 32,
                  "ignoreSize": true,
                  "layoutParameter": null,
                  "opacity": 255,
                  "positionPercentX": 0.165745854,
                  "positionPercentY": 0.166112959,
                  "positionType": 0,
                  "rotation": 0,
                  "scaleX": 1.1,
                  "scaleY": 0.8,
                  "sizePercentX": 0.403314918,
                  "sizePercentY": 0.10631229,
                  "sizeType": 0,
                  "tag": 634,
                  "touchAble": false,
                  "useMergedTexture": false,
                  "visible": true,
                  "width": 292,
                  "x": 120,
                  "y": 50,
                  "capInsetsHeight": 0,
                  "capInsetsWidth": 0,
                  "capInsetsX": 0,
                  "capInsetsY": 0,
                  "direction": 0,
                  "percent": 0,
                  "scale9Enable": false,
                  "texture": null,
                  "textureData": {
                    "path": "g_f_old.png",
                    "plistFile": "",
                    "resourceType": 1
                  }
                }
              },
              {
                "classname": "ImageView",
                "name": null,
                "children": [],
                "options": {
                  "__type": "ImageViewSurrogate:#EditorCommon.JsonModel.Component.GUI",
                  "classname": "ImageView",
                  "name": "cost_time_img",
                  "ZOrder": 1,
                  "actiontag": 7634,
                  "anchorPointX": 0.5,
                  "anchorPointY": 0.5,
                  "classType": "ImageView",
                  "colorB": 255,
                  "colorG": 255,
                  "colorR": 255,
                  "customProperty": "",
                  "flipX": false,
                  "flipY": false,
                  "height": 71,
                  "ignoreSize": true,
                  "layoutParameter": null,
                  "opacity": 255,
                  "positionPercentX": 0.005524862,
                  "positionPercentY": 0.156146184,
                  "positionType": 0,
                  "rotation": 0,
                  "scaleX": 0.8,
                  "scaleY": 0.8,
                  "sizePercentX": 0.09116022,
                  "sizePercentY": 0.2358804,
                  "sizeType": 0,
                  "tag": 635,
                  "touchAble": false,
                  "useMergedTexture": false,
                  "visible": true,
                  "width": 66,
                  "x": 4,
                  "y": 47,
                  "capInsetsHeight": 0,
                  "capInsetsWidth": 0,
                  "capInsetsX": 0,
                  "capInsetsY": 0,
                  "fileName": null,
                  "fileNameData": {
                    "path": "bar_icon_timer.png",
                    "plistFile": "",
                    "resourceType": 1
                  },
                  "scale9Enable": false,
                  "scale9Height": 71,
                  "scale9Width": 66
                }
              },
              {
                "classname": "ImageView",
                "name": null,
                "children": [
                  {
                    "classname": "LabelBMFont",
                    "name": null,
                    "children": [],
                    "options": {
                      "__type": "LabelBMFontSurrogate:#EditorCommon.JsonModel.Component.GUI",
                      "classname": "LabelBMFont",
                      "name": "licence_lv_val",
                      "ZOrder": 0,
                      "actiontag": 8824,
                      "anchorPointX": 0.5,
                      "anchorPointY": 0.5,
                      "classType": "LabelBMFont",
                      "colorB": 255,
                      "colorG": 255,
                      "colorR": 255,
                      "customProperty": "",
                      "flipX": false,
                      "flipY": false,
                      "height": 32,
                      "ignoreSize": true,
                      "layoutParameter": null,
                      "opacity": 255,
                      "positionPercentX": 0,
                      "positionPercentY": 0.0679611638,
                      "positionType": 0,
                      "rotation": 0,
                      "scaleX": 1,
                      "scaleY": 1,
                      "sizePercentX": 0.245901644,
                      "sizePercentY": 0.3106796,
                      "sizeType": 0,
                      "tag": 661,
                      "touchAble": false,
                      "useMergedTexture": false,
                      "visible": true,
                      "width": 30,
                      "x": 0,
                      "y": 7,
                      "fileNameData": {
                        "path": "fonts/orangeNum.fnt",
                        "plistFile": "",
                        "resourceType": 0
                      },
                      "text": "0"
                    }
                  }
                ],
                "options": {
                  "__type": "ImageViewSurrogate:#EditorCommon.JsonModel.Component.GUI",
                  "classname": "ImageView",
                  "name": "licence_img",
                  "ZOrder": 2,
                  "actiontag": 8823,
                  "anchorPointX": 0.5,
                  "anchorPointY": 0.5,
                  "classType": "ImageView",
                  "colorB": 255,
                  "colorG": 255,
                  "colorR": 255,
                  "customProperty": "",
                  "flipX": false,
                  "flipY": false,
                  "height": 103,
                  "ignoreSize": true,
                  "layoutParameter": null,
                  "opacity": 255,
                  "positionPercentX": 0.0207182318,
                  "positionPercentY": 0.159468442,
                  "positionType": 0,
                  "rotation": 0,
                  "scaleX": 1,
                  "scaleY": 1,
                  "sizePercentX": 0.168508291,
                  "sizePercentY": 0.34219268,
                  "sizeType": 0,
                  "tag": 660,
                  "touchAble": false,
                  "useMergedTexture": false,
                  "visible": true,
                  "width": 122,
                  "x": 15,
                  "y": 48,
                  "capInsetsHeight": 0,
                  "capInsetsWidth": 0,
                  "capInsetsX": 0,
                  "capInsetsY": 0,
                  "fileName": null,
                  "fileNameData": {
                    "path": "lbl_lv.png",
                    "plistFile": "",
                    "resourceType": 1
                  },
                  "scale9Enable": false,
                  "scale9Height": 103,
                  "scale9Width": 122
                }
              }
            ],
            "options": {
              "__type": "ImageViewSurrogate:#EditorCommon.JsonModel.Component.GUI",
              "classname": "ImageView",
              "name": "lvup_info_bg",
              "ZOrder": 0,
              "actiontag": 7621,
              "anchorPointX": 0.5,
              "anchorPointY": 0.5,
              "classType": "ImageView",
              "colorB": 255,
              "colorG": 255,
              "colorR": 255,
              "customProperty": "",
              "flipX": false,
              "flipY": false,
              "height": 301,
              "ignoreSize": true,
              "layoutParameter": null,
              "opacity": 255,
              "positionPercentX": 0.5,
              "positionPercentY": 0.625,
              "positionType": 0,
              "rotation": 0,
              "scaleX": 1,
              "scaleY": 1,
              "sizePercentX": 0.565625,
              "sizePercentY": 0.418055564,
              "sizeType": 0,
              "tag": 622,
              "touchAble": false,
              "useMergedTexture": false,
              "visible": true,
              "width": 724,
              "x": 640,
              "y": 450,
              "capInsetsHeight": 0,
              "capInsetsWidth": 0,
              "capInsetsX": 0,
              "capInsetsY": 0,
              "fileName": null,
              "fileNameData": {
                "path": "licence_up_bg.png",
                "plistFile": "",
                "resourceType": 1
              },
              "scale9Enable": false,
              "scale9Height": 301,
              "scale9Width": 724
            }
          },
          {
            "classname": "Label",
            "name": null,
            "children": [],
            "options": {
              "__type": "LabelSurrogate:#EditorCommon.JsonModel.Component.GUI",
              "classname": "Label",
              "name": "lbl_unlock",
              "ZOrder": 0,
              "actiontag": 27988,
              "anchorPointX": 0.5,
              "anchorPointY": 0.5,
              "classType": "Label",
              "colorB": 182,
              "colorG": 222,
              "colorR": 247,
              "customProperty": "",
              "flipX": false,
              "flipY": false,
              "height": 0,
              "ignoreSize": true,
              "layoutParameter": null,
              "opacity": 255,
              "positionPercentX": 0.5,
              "positionPercentY": 0.188888893,
              "positionType": 0,
              "rotation": 0,
              "scaleX": 1,
              "scaleY": 1,
              "sizePercentX": 0.00078125,
              "sizePercentY": 0.00138888892,
              "sizeType": 0,
              "tag": 1281,
              "touchAble": false,
              "useMergedTexture": false,
              "visible": true,
              "width": 0,
              "x": 640,
              "y": 136,
              "areaHeight": 0,
              "areaWidth": 0,
              "fontFile": null,
              "fontName": "STHUPO.ttf",
              "fontSize": 32,
              "hAlignment": 0,
              "text": "",
              "touchScaleEnable": false,
              "vAlignment": 1
            }
          },
          {
            "classname": "ImageView",
            "name": null,
            "children": [],
            "options": {
              "__type": "ImageViewSurrogate:#EditorCommon.JsonModel.Component.GUI",
              "classname": "ImageView",
              "name": "licence_bg",
              "ZOrder": 2,
              "actiontag": 6212,
              "anchorPointX": 0.5,
              "anchorPointY": 0.5,
              "classType": "ImageView",
              "colorB": 255,
              "colorG": 255,
              "colorR": 255,
              "customProperty": "",
              "flipX": false,
              "flipY": false,
              "height": 706,
              "ignoreSize": true,
              "layoutParameter": null,
              "opacity": 255,
              "positionPercentX": 0.4953125,
              "positionPercentY": 0.5125,
              "positionType": 0,
              "rotation": 0,
              "scaleX": 1,
              "scaleY": 1,
              "sizePercentX": 0.746875,
              "sizePercentY": 0.980555534,
              "sizeType": 0,
              "tag": 558,
              "touchAble": false,
              "useMergedTexture": false,
              "visible": true,
              "width": 932,
              "x": 634,
              "y": 369,
              "capInsetsHeight": 0,
              "capInsetsWidth": 0,
              "capInsetsX": 0,
              "capInsetsY": 0,
              "fileName": null,
              "fileNameData": {
                "path": "PvrCcz/m_bg/cofc_bg.pvr.ccz",
                "plistFile": "",
                "resourceType": 0
              },
              "scale9Enable": false,
              "scale9Height": 706,
              "scale9Width": 932
            }
          }
        ],
        "options": {
          "__type": "PanelSurrogate:#EditorCommon.JsonModel.Component.GUI",
          "classname": "Panel",
          "name": "licence_panel",
          "ZOrder": 2,
          "actiontag": 6206,
          "anchorPointX": 0,
          "anchorPointY": 0,
          "classType": "Panel",
          "colorB": 255,
          "colorG": 255,
          "colorR": 255,
          "customProperty": "",
          "flipX": false,
          "flipY": false,
          "height": 720,
          "ignoreSize": false,
          "layoutParameter": null,
          "opacity": 255,
          "positionPercentX": 0,
          "positionPercentY": 0,
          "positionType": 0,
          "rotation": 0,
          "scaleX": 1,
          "scaleY": 1,
          "sizePercentX": 1,
          "sizePercentY": 1,
          "sizeType": 0,
          "tag": 562,
          "touchAble": false,
          "useMergedTexture": false,
          "visible": false,
          "width": 1280,
          "x": 0,
          "y": 0,
          "adaptScreen": false,
          "backGroundImage": null,
          "backGroundImageData": null,
          "backGroundScale9Enable": false,
          "bgColorB": 255,
          "bgColorG": 200,
          "bgColorOpacity": 0,
          "bgColorR": 150,
          "bgEndColorB": 255,
          "bgEndColorG": 200,
          "bgEndColorR": 150,
          "bgStartColorB": 255,
          "bgStartColorG": 255,
          "bgStartColorR": 255,
          "capInsetsHeight": 0,
          "capInsetsWidth": 0,
          "capInsetsX": 0,
          "capInsetsY": 0,
          "clipAble": false,
          "colorType": 1,
          "layoutType": 0,
          "vectorX": 0,
          "vectorY": -0.5
        }
      },
      {
        "classname": "Panel",
        "name": null,
        "children": [
          {
            "classname": "ImageView",
            "name": null,
            "children": [],
            "options": {
              "__type": "ImageViewSurrogate:#EditorCommon.JsonModel.Component.GUI",
              "classname": "ImageView",
              "name": "risk_btn_img",
              "ZOrder": 2,
              "actiontag": 7618,
              "anchorPointX": 0.5,
              "anchorPointY": 0.5,
              "classType": "ImageView",
              "colorB": 255,
              "colorG": 255,
              "colorR": 255,
              "customProperty": "",
              "flipX": false,
              "flipY": false,
              "height": 240,
              "ignoreSize": false,
              "layoutParameter": null,
              "opacity": 255,
              "positionPercentX": 0.1078125,
              "positionPercentY": 0.683333337,
              "positionType": 0,
              "rotation": 0,
              "scaleX": 1,
              "scaleY": 1,
              "sizePercentX": 0.09375,
              "sizePercentY": 0.333333343,
              "sizeType": 0,
              "tag": 618,
              "touchAble": true,
              "useMergedTexture": false,
              "visible": true,
              "width": 120,
              "x": 138,
              "y": 492,
              "capInsetsHeight": 0,
              "capInsetsWidth": 0,
              "capInsetsX": 0,
              "capInsetsY": 0,
              "fileName": null,
              "fileNameData": {
                "path": "button_v_pressed.png",
                "plistFile": "",
                "resourceType": 1
              },
              "scale9Enable": true,
              "scale9Height": 240,
              "scale9Width": 120
            }
          },
          {
            "classname": "ScrollView",
            "name": null,
            "children": [],
            "options": {
              "__type": "ScrollViewSurrogate:#EditorCommon.JsonModel.Component.GUI",
              "classname": "ScrollView",
              "name": "mission_list",
              "ZOrder": 0,
              "actiontag": 6214,
              "anchorPointX": 0,
              "anchorPointY": 0,
              "classType": "ScrollView",
              "colorB": 255,
              "colorG": 255,
              "colorR": 255,
              "customProperty": "",
              "flipX": false,
              "flipY": false,
              "height": 540,
              "ignoreSize": false,
              "layoutParameter": null,
              "opacity": 255,
              "positionPercentX": 0.1515625,
              "positionPercentY": 0.0583333336,
              "positionType": 0,
              "rotation": 0,
              "scaleX": 1,
              "scaleY": 1,
              "sizePercentX": 0.6875,
              "sizePercentY": 0.75,
              "sizeType": 0,
              "tag": 570,
              "touchAble": true,
              "useMergedTexture": false,
              "visible": true,
              "width": 880,
              "x": 194,
              "y": 42,
              "backGroundImage": null,
              "backGroundImageData": null,
              "backGroundScale9Enable": false,
              "bgColorB": 100,
              "bgColorG": 150,
              "bgColorOpacity": 0,
              "bgColorR": 255,
              "bgEndColorB": 100,
              "bgEndColorG": 150,
              "bgEndColorR": 255,
              "bgStartColorB": 255,
              "bgStartColorG": 255,
              "bgStartColorR": 255,
              "bounceEnable": true,
              "capInsetsHeight": 0,
              "capInsetsWidth": 0,
              "capInsetsX": 0,
              "capInsetsY": 0,
              "clipAble": false,
              "colorType": 1,
              "direction": 1,
              "innerHeight": 540,
              "innerWidth": 880,
              "layoutType": 1,
              "vectorX": 0,
              "vectorY": -0.5
            }
          },
          {
            "classname": "ImageView",
            "name": null,
            "children": [],
            "options": {
              "__type": "ImageViewSurrogate:#EditorCommon.JsonModel.Component.GUI",
              "classname": "ImageView",
              "name": "risk_bar",
              "ZOrder": 1,
              "actiontag": 6202,
              "anchorPointX": 0.5,
              "anchorPointY": 0.5,
              "classType": "ImageView",
              "colorB": 255,
              "colorG": 255,
              "colorR": 255,
              "customProperty": "",
              "flipX": false,
              "flipY": false,
              "height": 706,
              "ignoreSize": true,
              "layoutParameter": null,
              "opacity": 255,
              "positionPercentX": 0.4953125,
              "positionPercentY": 0.5125,
              "positionType": 0,
              "rotation": 0,
              "scaleX": 1,
              "scaleY": 1,
              "sizePercentX": 0.746875,
              "sizePercentY": 0.980555534,
              "sizeType": 0,
              "tag": 558,
              "touchAble": false,
              "useMergedTexture": false,
              "visible": true,
              "width": 932,
              "x": 634,
              "y": 369,
              "capInsetsHeight": 0,
              "capInsetsWidth": 0,
              "capInsetsX": 0,
              "capInsetsY": 0,
              "fileName": null,
              "fileNameData": {
                "path": "PvrCcz/m_bg/cofc_bg.pvr.ccz",
                "plistFile": "",
                "resourceType": 0
              },
              "scale9Enable": false,
              "scale9Height": 706,
              "scale9Width": 932
            }
          }
        ],
        "options": {
          "__type": "PanelSurrogate:#EditorCommon.JsonModel.Component.GUI",
          "classname": "Panel",
          "name": "risk_panel",
          "ZOrder": 2,
          "actiontag": 6201,
          "anchorPointX": 0,
          "anchorPointY": 0,
          "classType": "Panel",
          "colorB": 255,
          "colorG": 255,
          "colorR": 255,
          "customProperty": "",
          "flipX": false,
          "flipY": false,
          "height": 720,
          "ignoreSize": false,
          "layoutParameter": null,
          "opacity": 255,
          "positionPercentX": 0,
          "positionPercentY": 0,
          "positionType": 0,
          "rotation": 0,
          "scaleX": 1,
          "scaleY": 1,
          "sizePercentX": 1,
          "sizePercentY": 1,
          "sizeType": 0,
          "tag": 557,
          "touchAble": false,
          "useMergedTexture": false,
          "visible": true,
          "width": 1280,
          "x": 0,
          "y": 0,
          "adaptScreen": false,
          "backGroundImage": null,
          "backGroundImageData": null,
          "backGroundScale9Enable": false,
          "bgColorB": 255,
          "bgColorG": 200,
          "bgColorOpacity": 0,
          "bgColorR": 150,
          "bgEndColorB": 255,
          "bgEndColorG": 200,
          "bgEndColorR": 150,
          "bgStartColorB": 255,
          "bgStartColorG": 255,
          "bgStartColorR": 255,
          "capInsetsHeight": 0,
          "capInsetsWidth": 0,
          "capInsetsX": 0,
          "capInsetsY": 0,
          "clipAble": false,
          "colorType": 1,
          "layoutType": 0,
          "vectorX": 0,
          "vectorY": -0.5
        }
      }
    ],
    "options": {
      "__type": "PanelSurrogate:#EditorCommon.JsonModel.Component.GUI",
      "classname": "Panel",
      "name": "cofc_panel",
      "ZOrder": 0,
      "actiontag": -1,
      "anchorPointX": 0,
      "anchorPointY": 0,
      "classType": "Panel",
      "colorB": 255,
      "colorG": 255,
      "colorR": 255,
      "customProperty": "",
      "flipX": false,
      "flipY": false,
      "height": 720,
      "ignoreSize": false,
      "layoutParameter": null,
      "opacity": 255,
      "positionPercentX": 0,
      "positionPercentY": 0,
      "positionType": 0,
      "rotation": 0,
      "scaleX": 1,
      "scaleY": 1,
      "sizePercentX": 0,
      "sizePercentY": 0,
      "sizeType": 0,
      "tag": 368,
      "touchAble": true,
      "useMergedTexture": false,
      "visible": true,
      "width": 1280,
      "x": 0,
      "y": 0,
      "adaptScreen": false,
      "backGroundImage": null,
      "backGroundImageData": null,
      "backGroundScale9Enable": false,
      "bgColorB": 255,
      "bgColorG": 200,
      "bgColorOpacity": 0,
      "bgColorR": 150,
      "bgEndColorB": 255,
      "bgEndColorG": 200,
      "bgEndColorR": 150,
      "bgStartColorB": 255,
      "bgStartColorG": 255,
      "bgStartColorR": 255,
      "capInsetsHeight": 0,
      "capInsetsWidth": 0,
      "capInsetsX": 0,
      "capInsetsY": 0,
      "clipAble": false,
      "colorType": 1,
      "layoutType": 0,
      "vectorX": 0,
      "vectorY": -0.5
    }
  }
}
