{
  "classname": null,
  "name": null,
  "animation": {
    "classname": null,
    "name": "AnimationManager",
    "actionlist": [
      {
        "classname": null,
        "name": "select_on",
        "actionnodelist": [],
        "loop": false,
        "unittime": 0.1
      },
      {
        "classname": null,
        "name": "select_off",
        "actionnodelist": [],
        "loop": false,
        "unittime": 0.1
      }
    ]
  },
  "dataScale": 1,
  "designHeight": 720,
  "designWidth": 1280,
  "textures": [],
  "version": "1.3.0.1",
  "widgetTree": {
    "classname": "Panel",
    "name": null,
    "children": [
      {
        "classname": "ImageView",
        "name": null,
        "children": [
          {
            "classname": "ImageView",
            "name": null,
            "children": [
              {
                "classname": "LabelBMFont",
                "name": null,
                "children": [],
                "options": {
                  "__type": "LabelBMFontSurrogate:#EditorCommon.JsonModel.Component.GUI",
                  "classname": "LabelBMFont",
                  "name": "lbl_lv",
                  "ZOrder": 0,
                  "actiontag": 81910,
                  "anchorPointX": 0.5,
                  "anchorPointY": 0.5,
                  "classType": "LabelBMFont",
                  "colorB": 255,
                  "colorG": 255,
                  "colorR": 255,
                  "customProperty": "",
                  "flipX": false,
                  "flipY": false,
                  "height": 32,
                  "ignoreSize": true,
                  "layoutParameter": null,
                  "opacity": 255,
                  "positionPercentX": 0,
                  "positionPercentY": 0,
                  "positionType": 0,
                  "rotation": 0,
                  "scaleX": 0.5,
                  "scaleY": 0.5,
                  "sizePercentX": 0.75,
                  "sizePercentY": 0.8888889,
                  "sizeType": 0,
                  "tag": 46729,
                  "touchAble": false,
                  "useMergedTexture": false,
                  "visible": true,
                  "width": 27,
                  "x": 0,
                  "y": 0,
                  "fileNameData": {
                    "path": "fonts/blackNumber.fnt",
                    "plistFile": "",
                    "resourceType": 0
                  },
                  "text": "9"
                }
              }
            ],
            "options": {
              "__type": "ImageViewSurrogate:#EditorCommon.JsonModel.Component.GUI",
              "classname": "ImageView",
              "name": "img_lv",
              "ZOrder": 1,
              "actiontag": 81909,
              "anchorPointX": 0.5,
              "anchorPointY": 0.5,
              "classType": "ImageView",
              "colorB": 255,
              "colorG": 255,
              "colorR": 255,
              "customProperty": "",
              "flipX": false,
              "flipY": false,
              "height": 36,
              "ignoreSize": false,
              "layoutParameter": null,
              "opacity": 255,
              "positionPercentX": 0.223809525,
              "positionPercentY": 0.0207547173,
              "positionType": 0,
              "rotation": 0,
              "scaleX": 1,
              "scaleY": 1,
              "sizePercentX": 0.171428576,
              "sizePercentY": 0.06792453,
              "sizeType": 0,
              "tag": 46728,
              "touchAble": false,
              "useMergedTexture": false,
              "visible": true,
              "width": 36,
              "x": 47,
              "y": 11,
              "capInsetsHeight": 1,
              "capInsetsWidth": 1,
              "capInsetsX": 0,
              "capInsetsY": 0,
              "fileName": null,
              "fileNameData": {
                "path": "lv_green.png",
                "plistFile": "",
                "resourceType": 1
              },
              "scale9Enable": false,
              "scale9Height": 36,
              "scale9Width": 36
            }
          },
          {
            "classname": "Button",
            "name": null,
            "children": [],
            "options": {
              "__type": "ButtonSurrogate:#EditorCommon.JsonModel.Component.GUI",
              "classname": "Button",
              "name": "btn_photo",
              "ZOrder": 0,
              "actiontag": 79855,
              "anchorPointX": 0.5,
              "anchorPointY": 0.5,
              "classType": "Button",
              "colorB": 255,
              "colorG": 255,
              "colorR": 255,
              "customProperty": "",
              "flipX": false,
              "flipY": false,
              "height": 519,
              "ignoreSize": true,
              "layoutParameter": null,
              "opacity": 255,
              "positionPercentX": 0,
              "positionPercentY": 0.183018863,
              "positionType": 0,
              "rotation": 0,
              "scaleX": 0.4,
              "scaleY": 0.4,
              "sizePercentX": 1.62857139,
              "sizePercentY": 0.9792453,
              "sizeType": 0,
              "tag": 44910,
              "touchAble": true,
              "useMergedTexture": false,
              "visible": true,
              "width": 342,
              "x": 0,
              "y": 97,
              "capInsetsHeight": 1,
              "capInsetsWidth": 1,
              "capInsetsX": 0,
              "capInsetsY": 0,
              "disabled": null,
              "disabledData": {
                "path": null,
                "plistFile": null,
                "resourceType": 0
              },
              "fontName": "微软雅黑",
              "fontSize": 14,
              "fontType": 0,
              "normal": null,
              "normalData": {
                "path": "herocard_01.png",
                "plistFile": "",
                "resourceType": 1
              },
              "pressed": null,
              "pressedData": {
                "path": null,
                "plistFile": null,
                "resourceType": 0
              },
              "scale9Enable": false,
              "scale9Height": 519,
              "scale9Width": 342,
              "text": "",
              "textColorB": 255,
              "textColorG": 255,
              "textColorR": 255
            }
          },
          {
            "classname": "Label",
            "name": null,
            "children": [],
            "options": {
              "__type": "LabelSurrogate:#EditorCommon.JsonModel.Component.GUI",
              "classname": "Label",
              "name": "lbl_name",
              "ZOrder": 2,
              "actiontag": 31729,
              "anchorPointX": 0.5,
              "anchorPointY": 0.5,
              "classType": "Label",
              "colorB": 22,
              "colorG": 49,
              "colorR": 83,
              "customProperty": "",
              "flipX": false,
              "flipY": false,
              "height": 32,
              "ignoreSize": true,
              "layoutParameter": null,
              "opacity": 255,
              "positionPercentX": -0.004761905,
              "positionPercentY": 0.4018868,
              "positionType": 0,
              "rotation": 0,
              "scaleX": 1,
              "scaleY": 1,
              "sizePercentX": 0.4,
              "sizePercentY": 0.06037736,
              "sizeType": 0,
              "tag": 1324,
              "touchAble": false,
              "useMergedTexture": false,
              "visible": true,
              "width": 84,
              "x": -1,
              "y": 213,
              "areaHeight": 0,
              "areaWidth": 0,
              "fontFile": null,
              "fontName": "FZDaBiaoSong-B06S.ttf",
              "fontSize": 28,
              "hAlignment": 0,
              "text": "本杰明",
              "touchScaleEnable": false,
              "vAlignment": 0
            }
          },
          {
            "classname": "Button",
            "name": null,
            "children": [
              {
                "classname": "ImageView",
                "name": null,
                "children": [],
                "options": {
                  "__type": "ImageViewSurrogate:#EditorCommon.JsonModel.Component.GUI",
                  "classname": "ImageView",
                  "name": "img_item",
                  "ZOrder": 1,
                  "actiontag": 78193,
                  "anchorPointX": 0.5,
                  "anchorPointY": 0.5,
                  "classType": "ImageView",
                  "colorB": 255,
                  "colorG": 255,
                  "colorR": 255,
                  "customProperty": "",
                  "flipX": false,
                  "flipY": false,
                  "height": 124,
                  "ignoreSize": true,
                  "layoutParameter": null,
                  "opacity": 255,
                  "positionPercentX": 0.0281690136,
                  "positionPercentY": -0.0281690136,
                  "positionType": 0,
                  "rotation": 0,
                  "scaleX": 0.85,
                  "scaleY": 0.85,
                  "sizePercentX": 0.7605634,
                  "sizePercentY": 0.873239458,
                  "sizeType": 0,
                  "tag": 43567,
                  "touchAble": false,
                  "useMergedTexture": false,
                  "visible": true,
                  "width": 108,
                  "x": 4,
                  "y": -4,
                  "capInsetsHeight": 1,
                  "capInsetsWidth": 1,
                  "capInsetsX": 0,
                  "capInsetsY": 0,
                  "fileName": null,
                  "fileNameData": {
                    "path": "item0020.png",
                    "plistFile": "",
                    "resourceType": 1
                  },
                  "scale9Enable": false,
                  "scale9Height": 124,
                  "scale9Width": 108
                }
              },
              {
                "classname": "ImageView",
                "name": null,
                "children": [
                  {
                    "classname": "LabelBMFont",
                    "name": null,
                    "children": [],
                    "options": {
                      "__type": "LabelBMFontSurrogate:#EditorCommon.JsonModel.Component.GUI",
                      "classname": "LabelBMFont",
                      "name": "lbl_equip_lv",
                      "ZOrder": 0,
                      "actiontag": 78195,
                      "anchorPointX": 0.5,
                      "anchorPointY": 0.5,
                      "classType": "LabelBMFont",
                      "colorB": 255,
                      "colorG": 255,
                      "colorR": 255,
                      "customProperty": "",
                      "flipX": false,
                      "flipY": false,
                      "height": 32,
                      "ignoreSize": true,
                      "layoutParameter": null,
                      "opacity": 255,
                      "positionPercentX": 0,
                      "positionPercentY": 0,
                      "positionType": 0,
                      "rotation": 0,
                      "scaleX": 0.5,
                      "scaleY": 0.5,
                      "sizePercentX": 0.75,
                      "sizePercentY": 0.8888889,
                      "sizeType": 0,
                      "tag": 43569,
                      "touchAble": false,
                      "useMergedTexture": false,
                      "visible": true,
                      "width": 27,
                      "x": 0,
                      "y": 0,
                      "fileNameData": {
                        "path": "fonts/blackNumber.fnt",
                        "plistFile": "",
                        "resourceType": 0
                      },
                      "text": "9"
                    }
                  }
                ],
                "options": {
                  "__type": "ImageViewSurrogate:#EditorCommon.JsonModel.Component.GUI",
                  "classname": "ImageView",
                  "name": "img_equip_lv",
                  "ZOrder": 1,
                  "actiontag": 78194,
                  "anchorPointX": 0.5,
                  "anchorPointY": 0.5,
                  "classType": "ImageView",
                  "colorB": 255,
                  "colorG": 255,
                  "colorR": 255,
                  "customProperty": "",
                  "flipX": false,
                  "flipY": false,
                  "height": 36,
                  "ignoreSize": false,
                  "layoutParameter": null,
                  "opacity": 255,
                  "positionPercentX": 0.3309859,
                  "positionPercentY": -0.3309859,
                  "positionType": 0,
                  "rotation": 0,
                  "scaleX": 1,
                  "scaleY": 1,
                  "sizePercentX": 0.2535211,
                  "sizePercentY": 0.2535211,
                  "sizeType": 0,
                  "tag": 43568,
                  "touchAble": false,
                  "useMergedTexture": false,
                  "visible": true,
                  "width": 36,
                  "x": 47,
                  "y": -47,
                  "capInsetsHeight": 1,
                  "capInsetsWidth": 1,
                  "capInsetsX": 0,
                  "capInsetsY": 0,
                  "fileName": null,
                  "fileNameData": {
                    "path": "lv_gray.png",
                    "plistFile": "",
                    "resourceType": 1
                  },
                  "scale9Enable": false,
                  "scale9Height": 36,
                  "scale9Width": 36
                }
              },
              {
                "classname": "ImageView",
                "name": null,
                "children": [],
                "options": {
                  "__type": "ImageViewSurrogate:#EditorCommon.JsonModel.Component.GUI",
                  "classname": "ImageView",
                  "name": "img_color_bg",
                  "ZOrder": 0,
                  "actiontag": 78196,
                  "anchorPointX": 0.5,
                  "anchorPointY": 0.5,
                  "classType": "ImageView",
                  "colorB": 255,
                  "colorG": 255,
                  "colorR": 255,
                  "customProperty": "",
                  "flipX": false,
                  "flipY": false,
                  "height": 132,
                  "ignoreSize": false,
                  "layoutParameter": null,
                  "opacity": 200,
                  "positionPercentX": 0,
                  "positionPercentY": 0,
                  "positionType": 0,
                  "rotation": 0,
                  "scaleX": 1,
                  "scaleY": 1,
                  "sizePercentX": 0.9084507,
                  "sizePercentY": 0.92957747,
                  "sizeType": 0,
                  "tag": 43570,
                  "touchAble": false,
                  "useMergedTexture": false,
                  "visible": true,
                  "width": 129,
                  "x": 0,
                  "y": 0,
                  "capInsetsHeight": 1,
                  "capInsetsWidth": 1,
                  "capInsetsX": 0,
                  "capInsetsY": 0,
                  "fileName": null,
                  "fileNameData": {
                    "path": "equip_bg.png",
                    "plistFile": "",
                    "resourceType": 1
                  },
                  "scale9Enable": false,
                  "scale9Height": 132,
                  "scale9Width": 129
                }
              }
            ],
            "options": {
              "__type": "ButtonSurrogate:#EditorCommon.JsonModel.Component.GUI",
              "classname": "Button",
              "name": "btn_equip_bg",
              "ZOrder": 0,
              "actiontag": 78191,
              "anchorPointX": 0.5,
              "anchorPointY": 0.5,
              "classType": "Button",
              "colorB": 255,
              "colorG": 255,
              "colorR": 255,
              "customProperty": "",
              "flipX": false,
              "flipY": false,
              "height": 142,
              "ignoreSize": true,
              "layoutParameter": null,
              "opacity": 255,
              "positionPercentX": -0.004761905,
              "positionPercentY": -0.305660367,
              "positionType": 0,
              "rotation": 0,
              "scaleX": 1,
              "scaleY": 1,
              "sizePercentX": 0.6761905,
              "sizePercentY": 0.267924517,
              "sizeType": 0,
              "tag": 43565,
              "touchAble": true,
              "useMergedTexture": false,
              "visible": true,
              "width": 142,
              "x": -1,
              "y": -162,
              "capInsetsHeight": 1,
              "capInsetsWidth": 1,
              "capInsetsX": 0,
              "capInsetsY": 0,
              "disabled": null,
              "disabledData": {
                "path": null,
                "plistFile": null,
                "resourceType": 0
              },
              "fontName": "微软雅黑",
              "fontSize": 14,
              "fontType": 0,
              "normal": null,
              "normalData": {
                "path": "bag_item_bg.png",
                "plistFile": "",
                "resourceType": 1
              },
              "pressed": null,
              "pressedData": {
                "path": "bag_item_bg_s.png",
                "plistFile": "",
                "resourceType": 1
              },
              "scale9Enable": false,
              "scale9Height": 142,
              "scale9Width": 142,
              "text": "",
              "textColorB": 255,
              "textColorG": 255,
              "textColorR": 255
            }
          },
          {
            "classname": "ImageView",
            "name": null,
            "children": [
              {
                "classname": "ImageView",
                "name": null,
                "children": [],
                "options": {
                  "__type": "ImageViewSurrogate:#EditorCommon.JsonModel.Component.GUI",
                  "classname": "ImageView",
                  "name": "exp_bar",
                  "ZOrder": 0,
                  "actiontag": 31732,
                  "anchorPointX": 0,
                  "anchorPointY": 0.5,
                  "classType": "ImageView",
                  "colorB": 255,
                  "colorG": 255,
                  "colorR": 255,
                  "customProperty": "",
                  "flipX": false,
                  "flipY": false,
                  "height": 10,
                  "ignoreSize": true,
                  "layoutParameter": null,
                  "opacity": 255,
                  "positionPercentX": 0,
                  "positionPercentY": 0,
                  "positionType": 0,
                  "rotation": 0,
                  "scaleX": 1,
                  "scaleY": 1,
                  "sizePercentX": 0.961352646,
                  "sizePercentY": 0.5555556,
                  "sizeType": 0,
                  "tag": 191,
                  "touchAble": false,
                  "useMergedTexture": false,
                  "visible": true,
                  "width": 199,
                  "x": 0,
                  "y": 0,
                  "capInsetsHeight": 0,
                  "capInsetsWidth": 0,
                  "capInsetsX": 0,
                  "capInsetsY": 0,
                  "fileName": null,
                  "fileNameData": {
                    "path": "exp_front.png",
                    "plistFile": "",
                    "resourceType": 1
                  },
                  "scale9Enable": false,
                  "scale9Height": 10,
                  "scale9Width": 199
                }
              }
            ],
            "options": {
              "__type": "ImageViewSurrogate:#EditorCommon.JsonModel.Component.GUI",
              "classname": "ImageView",
              "name": "exp_bg",
              "ZOrder": 1,
              "actiontag": 31731,
              "anchorPointX": 0,
              "anchorPointY": 0.5,
              "classType": "ImageView",
              "colorB": 255,
              "colorG": 255,
              "colorR": 255,
              "customProperty": "",
              "flipX": false,
              "flipY": false,
              "height": 18,
              "ignoreSize": true,
              "layoutParameter": null,
              "opacity": 255,
              "positionPercentX": -0.342857152,
              "positionPercentY": -0.1509434,
              "positionType": 0,
              "rotation": 0,
              "scaleX": 0.7,
              "scaleY": 0.7,
              "sizePercentX": 0.985714257,
              "sizePercentY": 0.0339622647,
              "sizeType": 0,
              "tag": 186,
              "touchAble": false,
              "useMergedTexture": false,
              "visible": true,
              "width": 207,
              "x": -72,
              "y": -80,
              "capInsetsHeight": 0,
              "capInsetsWidth": 0,
              "capInsetsX": 0,
              "capInsetsY": 0,
              "fileName": null,
              "fileNameData": {
                "path": "exp_bg.png",
                "plistFile": "",
                "resourceType": 1
              },
              "scale9Enable": false,
              "scale9Height": 18,
              "scale9Width": 207
            }
          },
          {
            "classname": "Button",
            "name": null,
            "children": [
              {
                "classname": "Label",
                "name": null,
                "children": [],
                "options": {
                  "__type": "LabelSurrogate:#EditorCommon.JsonModel.Component.GUI",
                  "classname": "Label",
                  "name": "lbl_join",
                  "ZOrder": 2,
                  "actiontag": 79857,
                  "anchorPointX": 0.5,
                  "anchorPointY": 0.5,
                  "classType": "Label",
                  "colorB": 77,
                  "colorG": 116,
                  "colorR": 166,
                  "customProperty": "",
                  "flipX": false,
                  "flipY": false,
                  "height": 27,
                  "ignoreSize": true,
                  "layoutParameter": null,
                  "opacity": 255,
                  "positionPercentX": 0,
                  "positionPercentY": 0.186666667,
                  "positionType": 0,
                  "rotation": 0,
                  "scaleX": 1,
                  "scaleY": 1,
                  "sizePercentX": 0.370860934,
                  "sizePercentY": 0.36,
                  "sizeType": 0,
                  "tag": 44912,
                  "touchAble": false,
                  "useMergedTexture": false,
                  "visible": true,
                  "width": 56,
                  "x": 0,
                  "y": 14,
                  "areaHeight": 0,
                  "areaWidth": 0,
                  "fontFile": null,
                  "fontName": "FZDaBiaoSong-B06S.ttf",
                  "fontSize": 24,
                  "hAlignment": 0,
                  "text": "编 制",
                  "touchScaleEnable": false,
                  "vAlignment": 0
                }
              }
            ],
            "options": {
              "__type": "ButtonSurrogate:#EditorCommon.JsonModel.Component.GUI",
              "classname": "Button",
              "name": "btn_join",
              "ZOrder": 1,
              "actiontag": 79858,
              "anchorPointX": 0.5,
              "anchorPointY": 0.2,
              "classType": "Button",
              "colorB": 255,
              "colorG": 255,
              "colorR": 255,
              "customProperty": "",
              "flipX": false,
              "flipY": false,
              "height": 75,
              "ignoreSize": true,
              "layoutParameter": null,
              "opacity": 255,
              "positionPercentX": 0,
              "positionPercentY": 0.4471698,
              "positionType": 0,
              "rotation": 0,
              "scaleX": 1,
              "scaleY": 1,
              "sizePercentX": 0.7190476,
              "sizePercentY": 0.141509429,
              "sizeType": 0,
              "tag": 44913,
              "touchAble": true,
              "useMergedTexture": false,
              "visible": true,
              "width": 151,
              "x": 0,
              "y": 237,
              "capInsetsHeight": 1,
              "capInsetsWidth": 1,
              "capInsetsX": 0,
              "capInsetsY": 0,
              "disabled": null,
              "disabledData": {
                "path": null,
                "plistFile": null,
                "resourceType": 0
              },
              "fontName": "微软雅黑",
              "fontSize": 14,
              "fontType": 0,
              "normal": null,
              "normalData": {
                "path": "arrow_paper.png",
                "plistFile": "",
                "resourceType": 1
              },
              "pressed": null,
              "pressedData": {
                "path": null,
                "plistFile": null,
                "resourceType": 0
              },
              "scale9Enable": false,
              "scale9Height": 75,
              "scale9Width": 151,
              "text": "",
              "textColorB": 255,
              "textColorG": 255,
              "textColorR": 255
            }
          },
          {
            "classname": "Button",
            "name": null,
            "children": [
              {
                "classname": "Label",
                "name": null,
                "children": [],
                "options": {
                  "__type": "LabelSurrogate:#EditorCommon.JsonModel.Component.GUI",
                  "classname": "Label",
                  "name": "lbl_member",
                  "ZOrder": 0,
                  "actiontag": 31728,
                  "anchorPointX": 0.5,
                  "anchorPointY": 0.5,
                  "classType": "Label",
                  "colorB": 198,
                  "colorG": 245,
                  "colorR": 255,
                  "customProperty": "",
                  "flipX": false,
                  "flipY": false,
                  "height": 36,
                  "ignoreSize": true,
                  "layoutParameter": null,
                  "opacity": 255,
                  "positionPercentX": 0.359322041,
                  "positionPercentY": 0.133802816,
                  "positionType": 0,
                  "rotation": 0,
                  "scaleX": 1,
                  "scaleY": 1,
                  "sizePercentX": 0.366101682,
                  "sizePercentY": 0.2535211,
                  "sizeType": 0,
                  "tag": 1323,
                  "touchAble": false,
                  "useMergedTexture": false,
                  "visible": true,
                  "width": 108,
                  "x": 106,
                  "y": 19,
                  "areaHeight": 0,
                  "areaWidth": 0,
                  "fontFile": null,
                  "fontName": "Britannic Bold.ttf",
                  "fontSize": 36,
                  "hAlignment": 0,
                  "text": "MEMBER",
                  "touchScaleEnable": false,
                  "vAlignment": 0
                }
              }
            ],
            "options": {
              "__type": "ButtonSurrogate:#EditorCommon.JsonModel.Component.GUI",
              "classname": "Button",
              "name": "btn_member",
              "ZOrder": 1,
              "actiontag": 79856,
              "anchorPointX": 0.15,
              "anchorPointY": 0.5,
              "classType": "Button",
              "colorB": 255,
              "colorG": 255,
              "colorR": 255,
              "customProperty": "",
              "flipX": false,
              "flipY": false,
              "height": 142,
              "ignoreSize": true,
              "layoutParameter": null,
              "opacity": 255,
              "positionPercentX": -0.3,
              "positionPercentY": 0.432075471,
              "positionType": 0,
              "rotation": 0,
              "scaleX": 0.72,
              "scaleY": 0.72,
              "sizePercentX": 1.40476191,
              "sizePercentY": 0.267924517,
              "sizeType": 0,
              "tag": 44911,
              "touchAble": true,
              "useMergedTexture": false,
              "visible": true,
              "width": 295,
              "x": -63,
              "y": 229,
              "capInsetsHeight": 1,
              "capInsetsWidth": 1,
              "capInsetsX": 0,
              "capInsetsY": 0,
              "disabled": null,
              "disabledData": {
                "path": null,
                "plistFile": null,
                "resourceType": 0
              },
              "fontName": "微软雅黑",
              "fontSize": 14,
              "fontType": 0,
              "normal": null,
              "normalData": {
                "path": "tag_captain.png",
                "plistFile": "",
                "resourceType": 1
              },
              "pressed": null,
              "pressedData": {
                "path": null,
                "plistFile": null,
                "resourceType": 0
              },
              "scale9Enable": false,
              "scale9Height": 142,
              "scale9Width": 295,
              "text": "",
              "textColorB": 255,
              "textColorG": 255,
              "textColorR": 255
            }
          },
          {
            "classname": "ImageView",
            "name": null,
            "children": [
              {
                "classname": "Label",
                "name": null,
                "children": [],
                "options": {
                  "__type": "LabelSurrogate:#EditorCommon.JsonModel.Component.GUI",
                  "classname": "Label",
                  "name": "lbl_atk_val",
                  "ZOrder": 2,
                  "actiontag": 31738,
                  "anchorPointX": 0,
                  "anchorPointY": 0.5,
                  "classType": "Label",
                  "colorB": 213,
                  "colorG": 245,
                  "colorR": 245,
                  "customProperty": "",
                  "flipX": false,
                  "flipY": false,
                  "height": 20,
                  "ignoreSize": true,
                  "layoutParameter": null,
                  "opacity": 255,
                  "positionPercentX": 0.5285714,
                  "positionPercentY": -0.06666667,
                  "positionType": 0,
                  "rotation": 0,
                  "scaleX": 1,
                  "scaleY": 1,
                  "sizePercentX": 0.392857134,
                  "sizePercentY": 0.6666667,
                  "sizeType": 0,
                  "tag": 1328,
                  "touchAble": false,
                  "useMergedTexture": false,
                  "visible": true,
                  "width": 55,
                  "x": 74,
                  "y": -2,
                  "areaHeight": 0,
                  "areaWidth": 0,
                  "fontFile": null,
                  "fontName": "Britannic Bold.ttf",
                  "fontSize": 18,
                  "hAlignment": 0,
                  "text": "12345",
                  "touchScaleEnable": false,
                  "vAlignment": 0
                }
              },
              {
                "classname": "Label",
                "name": null,
                "children": [],
                "options": {
                  "__type": "LabelSurrogate:#EditorCommon.JsonModel.Component.GUI",
                  "classname": "Label",
                  "name": "lbl_atk",
                  "ZOrder": 1,
                  "actiontag": 31734,
                  "anchorPointX": 0.5,
                  "anchorPointY": 0.5,
                  "classType": "Label",
                  "colorB": 213,
                  "colorG": 245,
                  "colorR": 245,
                  "customProperty": "",
                  "flipX": false,
                  "flipY": false,
                  "height": 20,
                  "ignoreSize": true,
                  "layoutParameter": null,
                  "opacity": 255,
                  "positionPercentX": 0.29285714,
                  "positionPercentY": -0.0333333351,
                  "positionType": 0,
                  "rotation": 0,
                  "scaleX": 1,
                  "scaleY": 1,
                  "sizePercentX": 0.514285743,
                  "sizePercentY": 0.6666667,
                  "sizeType": 0,
                  "tag": 1328,
                  "touchAble": false,
                  "useMergedTexture": false,
                  "visible": true,
                  "width": 72,
                  "x": 41,
                  "y": -1,
                  "areaHeight": 0,
                  "areaWidth": 0,
                  "fontFile": null,
                  "fontName": "FZDaBiaoSong-B06S.ttf",
                  "fontSize": 18,
                  "hAlignment": 0,
                  "text": "战斗力：",
                  "touchScaleEnable": false,
                  "vAlignment": 0
                }
              }
            ],
            "options": {
              "__type": "ImageViewSurrogate:#EditorCommon.JsonModel.Component.GUI",
              "classname": "ImageView",
              "name": "img_atk",
              "ZOrder": 0,
              "actiontag": 73756,
              "anchorPointX": 0,
              "anchorPointY": 0.5,
              "classType": "ImageView",
              "colorB": 255,
              "colorG": 255,
              "colorR": 255,
              "customProperty": "",
              "flipX": false,
              "flipY": false,
              "height": 30,
              "ignoreSize": false,
              "layoutParameter": null,
              "opacity": 255,
              "positionPercentX": -0.338095248,
              "positionPercentY": -0.0490566045,
              "positionType": 0,
              "rotation": 0,
              "scaleX": 1,
              "scaleY": 1,
              "sizePercentX": 0.6666667,
              "sizePercentY": 0.0566037744,
              "sizeType": 0,
              "tag": 39516,
              "touchAble": false,
              "useMergedTexture": false,
              "visible": true,
              "width": 140,
              "x": -71,
              "y": -26,
              "capInsetsHeight": 1,
              "capInsetsWidth": 1,
              "capInsetsX": 0,
              "capInsetsY": 0,
              "fileName": null,
              "fileNameData": {
                "path": "lbl_chat.png",
                "plistFile": "",
                "resourceType": 1
              },
              "scale9Enable": false,
              "scale9Height": 30,
              "scale9Width": 140
            }
          },
          {
            "classname": "ImageView",
            "name": null,
            "children": [],
            "options": {
              "__type": "ImageViewSurrogate:#EditorCommon.JsonModel.Component.GUI",
              "classname": "ImageView",
              "name": "member_bg_bar",
              "ZOrder": 0,
              "actiontag": 31743,
              "anchorPointX": 0.5,
              "anchorPointY": 0.5,
              "classType": "ImageView",
              "colorB": 0,
              "colorG": 128,
              "colorR": 0,
              "customProperty": "",
              "flipX": false,
              "flipY": false,
              "height": 480,
              "ignoreSize": false,
              "layoutParameter": null,
              "opacity": 255,
              "positionPercentX": 0,
              "positionPercentY": 0.00754717,
              "positionType": 0,
              "rotation": 0,
              "scaleX": 1.05,
              "scaleY": 1.03,
              "sizePercentX": 0.857142866,
              "sizePercentY": 0.9056604,
              "sizeType": 0,
              "tag": 1338,
              "touchAble": false,
              "useMergedTexture": false,
              "visible": false,
              "width": 180,
              "x": 0,
              "y": 4,
              "capInsetsHeight": 1,
              "capInsetsWidth": 1,
              "capInsetsX": 15,
              "capInsetsY": 15,
              "fileName": null,
              "fileNameData": {
                "path": "light_Bar1.png",
                "plistFile": "",
                "resourceType": 1
              },
              "scale9Enable": true,
              "scale9Height": 480,
              "scale9Width": 180
            }
          },
          {
            "classname": "ImageView",
            "name": null,
            "children": [
              {
                "classname": "Label",
                "name": null,
                "children": [],
                "options": {
                  "__type": "LabelSurrogate:#EditorCommon.JsonModel.Component.GUI",
                  "classname": "Label",
                  "name": "lbl_exp_val",
                  "ZOrder": 2,
                  "actiontag": 106258,
                  "anchorPointX": 0.5,
                  "anchorPointY": 0.5,
                  "classType": "Label",
                  "colorB": 213,
                  "colorG": 245,
                  "colorR": 245,
                  "customProperty": "",
                  "flipX": false,
                  "flipY": false,
                  "height": 17,
                  "ignoreSize": true,
                  "layoutParameter": null,
                  "opacity": 255,
                  "positionPercentX": 0.6571429,
                  "positionPercentY": -0.08,
                  "positionType": 0,
                  "rotation": 0,
                  "scaleX": 1,
                  "scaleY": 1,
                  "sizePercentX": 0.335714281,
                  "sizePercentY": 0.68,
                  "sizeType": 0,
                  "tag": 68335,
                  "touchAble": false,
                  "useMergedTexture": false,
                  "visible": true,
                  "width": 47,
                  "x": 92,
                  "y": -2,
                  "areaHeight": 0,
                  "areaWidth": 0,
                  "fontFile": null,
                  "fontName": "Britannic Bold.ttf",
                  "fontSize": 16,
                  "hAlignment": 0,
                  "text": "12/12",
                  "touchScaleEnable": false,
                  "vAlignment": 0
                }
              },
              {
                "classname": "Label",
                "name": null,
                "children": [],
                "options": {
                  "__type": "LabelSurrogate:#EditorCommon.JsonModel.Component.GUI",
                  "classname": "Label",
                  "name": "lbl_exp",
                  "ZOrder": 1,
                  "actiontag": 106259,
                  "anchorPointX": 0,
                  "anchorPointY": 0.5,
                  "classType": "Label",
                  "colorB": 213,
                  "colorG": 245,
                  "colorR": 245,
                  "customProperty": "",
                  "flipX": false,
                  "flipY": false,
                  "height": 20,
                  "ignoreSize": true,
                  "layoutParameter": null,
                  "opacity": 255,
                  "positionPercentX": 0.0285714287,
                  "positionPercentY": -0.04,
                  "positionType": 0,
                  "rotation": 0,
                  "scaleX": 1,
                  "scaleY": 1,
                  "sizePercentX": 0.4,
                  "sizePercentY": 0.8,
                  "sizeType": 0,
                  "tag": 68336,
                  "touchAble": false,
                  "useMergedTexture": false,
                  "visible": true,
                  "width": 56,
                  "x": 4,
                  "y": -1,
                  "areaHeight": 0,
                  "areaWidth": 0,
                  "fontFile": null,
                  "fontName": "Britannic Bold.ttf",
                  "fontSize": 18,
                  "hAlignment": 0,
                  "text": "EXP：",
                  "touchScaleEnable": false,
                  "vAlignment": 0
                }
              }
            ],
            "options": {
              "__type": "ImageViewSurrogate:#EditorCommon.JsonModel.Component.GUI",
              "classname": "ImageView",
              "name": "img_exp",
              "ZOrder": 0,
              "actiontag": 106257,
              "anchorPointX": 0,
              "anchorPointY": 0.5,
              "classType": "ImageView",
              "colorB": 255,
              "colorG": 255,
              "colorR": 255,
              "customProperty": "",
              "flipX": false,
              "flipY": false,
              "height": 25,
              "ignoreSize": false,
              "layoutParameter": null,
              "opacity": 255,
              "positionPercentX": -0.338095248,
              "positionPercentY": -0.109433964,
              "positionType": 0,
              "rotation": 0,
              "scaleX": 1,
              "scaleY": 1,
              "sizePercentX": 0.6666667,
              "sizePercentY": 0.047169812,
              "sizeType": 0,
              "tag": 68334,
              "touchAble": false,
              "useMergedTexture": false,
              "visible": true,
              "width": 140,
              "x": -71,
              "y": -58,
              "capInsetsHeight": 1,
              "capInsetsWidth": 1,
              "capInsetsX": 0,
              "capInsetsY": 0,
              "fileName": null,
              "fileNameData": {
                "path": "lbl_chat.png",
                "plistFile": "",
                "resourceType": 1
              },
              "scale9Enable": false,
              "scale9Height": 25,
              "scale9Width": 140
            }
          }
        ],
        "options": {
          "__type": "ImageViewSurrogate:#EditorCommon.JsonModel.Component.GUI",
          "classname": "ImageView",
          "name": "member_bg",
          "ZOrder": 1,
          "actiontag": 31724,
          "anchorPointX": 0.5,
          "anchorPointY": 0.5,
          "classType": "ImageView",
          "colorB": 255,
          "colorG": 255,
          "colorR": 255,
          "customProperty": "",
          "flipX": false,
          "flipY": false,
          "height": 530,
          "ignoreSize": false,
          "layoutParameter": null,
          "opacity": 255,
          "positionPercentX": 0.5,
          "positionPercentY": 0.476363629,
          "positionType": 0,
          "rotation": 0,
          "scaleX": 1,
          "scaleY": 1,
          "sizePercentX": 1.05,
          "sizePercentY": 0.963636339,
          "sizeType": 0,
          "tag": 1336,
          "touchAble": false,
          "useMergedTexture": false,
          "visible": true,
          "width": 210,
          "x": 100,
          "y": 262,
          "capInsetsHeight": 0,
          "capInsetsWidth": 0,
          "capInsetsX": 0,
          "capInsetsY": 0,
          "fileName": null,
          "fileNameData": {
            "path": "PvrCcz/m_bg/member_bg.pvr.ccz",
            "plistFile": "",
            "resourceType": 0
          },
          "scale9Enable": false,
          "scale9Height": 530,
          "scale9Width": 210
        }
      }
    ],
    "options": {
      "__type": "PanelSurrogate:#EditorCommon.JsonModel.Component.GUI",
      "classname": "Panel",
      "name": "card_panel",
      "ZOrder": 0,
      "actiontag": -1,
      "anchorPointX": 0,
      "anchorPointY": 0,
      "classType": "Panel",
      "colorB": 255,
      "colorG": 255,
      "colorR": 255,
      "customProperty": "",
      "flipX": false,
      "flipY": false,
      "height": 550,
      "ignoreSize": false,
      "layoutParameter": null,
      "opacity": 255,
      "positionPercentX": 0,
      "positionPercentY": 0,
      "positionType": 0,
      "rotation": 0,
      "scaleX": 1,
      "scaleY": 1,
      "sizePercentX": 0,
      "sizePercentY": 0,
      "sizeType": 0,
      "tag": 1154,
      "touchAble": false,
      "useMergedTexture": false,
      "visible": true,
      "width": 200,
      "x": 0,
      "y": 0,
      "adaptScreen": false,
      "backGroundImage": null,
      "backGroundImageData": null,
      "backGroundScale9Enable": false,
      "bgColorB": 255,
      "bgColorG": 200,
      "bgColorOpacity": 0,
      "bgColorR": 150,
      "bgEndColorB": 255,
      "bgEndColorG": 200,
      "bgEndColorR": 150,
      "bgStartColorB": 255,
      "bgStartColorG": 255,
      "bgStartColorR": 255,
      "capInsetsHeight": 0,
      "capInsetsWidth": 0,
      "capInsetsX": 0,
      "capInsetsY": 0,
      "clipAble": false,
      "colorType": 1,
      "layoutType": 0,
      "vectorX": 0,
      "vectorY": -0.5
    }
  }
}
