{
  "classname": null,
  "name": null,
  "animation": {
    "classname": null,
    "name": "AnimationManager",
    "actionlist": []
  },
  "dataScale": 1,
  "designHeight": 720,
  "designWidth": 1280,
  "textures": [],
  "version": "1.3.0.1",
  "widgetTree": {
    "classname": "Panel",
    "name": null,
    "children": [
      {
        "classname": "Panel",
        "name": null,
        "children": [
          {
            "classname": "ImageView",
            "name": null,
            "children": [
              {
                "classname": "LoadingBar",
                "name": null,
                "children": [
                  {
                    "classname": "LabelBMFont",
                    "name": null,
                    "children": [],
                    "options": {
                      "__type": "LabelBMFontSurrogate:#EditorCommon.JsonModel.Component.GUI",
                      "classname": "LabelBMFont",
                      "name": "own_gold_val",
                      "ZOrder": 0,
                      "actiontag": 104536,
                      "anchorPointX": 0.5,
                      "anchorPointY": 0.5,
                      "classType": "LabelBMFont",
                      "colorB": 255,
                      "colorG": 255,
                      "colorR": 255,
                      "customProperty": "",
                      "flipX": false,
                      "flipY": false,
                      "height": 32,
                      "ignoreSize": true,
                      "layoutParameter": null,
                      "opacity": 255,
                      "positionPercentX": 0.154228851,
                      "positionPercentY": 0.08695652,
                      "positionType": 0,
                      "rotation": 0,
                      "scaleX": 0.4999999,
                      "scaleY": 0.5999999,
                      "sizePercentX": 0.7562189,
                      "sizePercentY": 1.39130437,
                      "sizeType": 0,
                      "tag": 66791,
                      "touchAble": false,
                      "useMergedTexture": false,
                      "visible": true,
                      "width": 152,
                      "x": 31,
                      "y": 2,
                      "fileNameData": {
                        "path": "fonts/blackNumber.fnt",
                        "plistFile": "",
                        "resourceType": 0
                      },
                      "text": "233333"
                    }
                  }
                ],
                "options": {
                  "__type": "LoadingBarSurrogate:#EditorCommon.JsonModel.Component.GUI",
                  "classname": "LoadingBar",
                  "name": "own_gold_bar",
                  "ZOrder": 0,
                  "actiontag": 104535,
                  "anchorPointX": 0.5,
                  "anchorPointY": 0.5,
                  "classType": "LoadingBar",
                  "colorB": 255,
                  "colorG": 255,
                  "colorR": 255,
                  "customProperty": "",
                  "flipX": false,
                  "flipY": false,
                  "height": 23,
                  "ignoreSize": true,
                  "layoutParameter": null,
                  "opacity": 255,
                  "positionPercentX": 0,
                  "positionPercentY": 0,
                  "positionType": 0,
                  "rotation": 0,
                  "scaleX": 1,
                  "scaleY": 1,
                  "sizePercentX": 0.9804878,
                  "sizePercentY": 0.8214286,
                  "sizeType": 0,
                  "tag": 66790,
                  "touchAble": false,
                  "useMergedTexture": false,
                  "visible": true,
                  "width": 201,
                  "x": 0,
                  "y": 0,
                  "capInsetsHeight": 0,
                  "capInsetsWidth": 0,
                  "capInsetsX": 0,
                  "capInsetsY": 0,
                  "direction": 0,
                  "percent": 100,
                  "scale9Enable": false,
                  "texture": null,
                  "textureData": {
                    "path": "gold_pg_front.png",
                    "plistFile": "",
                    "resourceType": 1
                  }
                }
              }
            ],
            "options": {
              "__type": "ImageViewSurrogate:#EditorCommon.JsonModel.Component.GUI",
              "classname": "ImageView",
              "name": "own_gold_bg",
              "ZOrder": 0,
              "actiontag": 104534,
              "anchorPointX": 0.5,
              "anchorPointY": 0.5,
              "classType": "ImageView",
              "colorB": 255,
              "colorG": 255,
              "colorR": 255,
              "customProperty": "",
              "flipX": false,
              "flipY": false,
              "height": 28,
              "ignoreSize": true,
              "layoutParameter": null,
              "opacity": 255,
              "positionPercentX": 0.5418182,
              "positionPercentY": 0.433333337,
              "positionType": 0,
              "rotation": 0,
              "scaleX": 1.25,
              "scaleY": 1.30000007,
              "sizePercentX": 0.74545455,
              "sizePercentY": 0.466666669,
              "sizeType": 0,
              "tag": 66789,
              "touchAble": false,
              "useMergedTexture": false,
              "visible": true,
              "width": 205,
              "x": 149,
              "y": 26,
              "capInsetsHeight": 0,
              "capInsetsWidth": 0,
              "capInsetsX": 0,
              "capInsetsY": 0,
              "fileName": null,
              "fileNameData": {
                "path": "oil_gold_pg.png",
                "plistFile": "",
                "resourceType": 1
              },
              "scale9Enable": false,
              "scale9Height": 28,
              "scale9Width": 205
            }
          },
          {
            "classname": "ImageView",
            "name": null,
            "children": [],
            "options": {
              "__type": "ImageViewSurrogate:#EditorCommon.JsonModel.Component.GUI",
              "classname": "ImageView",
              "name": "own_gold_img",
              "ZOrder": 1,
              "actiontag": 104537,
              "anchorPointX": 0.5,
              "anchorPointY": 0.5,
              "classType": "ImageView",
              "colorB": 255,
              "colorG": 255,
              "colorR": 255,
              "customProperty": "",
              "flipX": false,
              "flipY": false,
              "height": 88,
              "ignoreSize": true,
              "layoutParameter": null,
              "opacity": 255,
              "positionPercentX": 0.265454531,
              "positionPercentY": 0.366666675,
              "positionType": 0,
              "rotation": 0,
              "scaleX": 0.9,
              "scaleY": 0.9,
              "sizePercentX": 0.3018182,
              "sizePercentY": 1.4666667,
              "sizeType": 0,
              "tag": 66792,
              "touchAble": false,
              "useMergedTexture": false,
              "visible": true,
              "width": 83,
              "x": 73,
              "y": 22,
              "capInsetsHeight": 0,
              "capInsetsWidth": 0,
              "capInsetsX": 0,
              "capInsetsY": 0,
              "fileName": null,
              "fileNameData": {
                "path": "icon_gold.png",
                "plistFile": "",
                "resourceType": 1
              },
              "scale9Enable": false,
              "scale9Height": 88,
              "scale9Width": 83
            }
          }
        ],
        "options": {
          "__type": "PanelSurrogate:#EditorCommon.JsonModel.Component.GUI",
          "classname": "Panel",
          "name": "own_gold",
          "ZOrder": 1,
          "actiontag": 104533,
          "anchorPointX": 0,
          "anchorPointY": 0,
          "classType": "Panel",
          "colorB": 255,
          "colorG": 255,
          "colorR": 255,
          "customProperty": "",
          "flipX": false,
          "flipY": false,
          "height": 60,
          "ignoreSize": false,
          "layoutParameter": null,
          "opacity": 255,
          "positionPercentX": 0.235156253,
          "positionPercentY": 0.92638886,
          "positionType": 0,
          "rotation": 0,
          "scaleX": 0.8,
          "scaleY": 0.8,
          "sizePercentX": 0.21484375,
          "sizePercentY": 0.0833333358,
          "sizeType": 0,
          "tag": 66788,
          "touchAble": false,
          "useMergedTexture": false,
          "visible": true,
          "width": 275,
          "x": 301,
          "y": 667,
          "adaptScreen": false,
          "backGroundImage": null,
          "backGroundImageData": null,
          "backGroundScale9Enable": false,
          "bgColorB": 255,
          "bgColorG": 200,
          "bgColorOpacity": 0,
          "bgColorR": 150,
          "bgEndColorB": 255,
          "bgEndColorG": 200,
          "bgEndColorR": 150,
          "bgStartColorB": 255,
          "bgStartColorG": 255,
          "bgStartColorR": 255,
          "capInsetsHeight": 0,
          "capInsetsWidth": 0,
          "capInsetsX": 0,
          "capInsetsY": 0,
          "clipAble": false,
          "colorType": 1,
          "layoutType": 0,
          "vectorX": 0,
          "vectorY": -0.5
        }
      },
      {
        "classname": "ImageView",
        "name": null,
        "children": [
          {
            "classname": "Label",
            "name": null,
            "children": [],
            "options": {
              "__type": "LabelSurrogate:#EditorCommon.JsonModel.Component.GUI",
              "classname": "Label",
              "name": "lbl_trainname",
              "ZOrder": 0,
              "actiontag": 105311,
              "anchorPointX": 0.5,
              "anchorPointY": 0.5,
              "classType": "Label",
              "colorB": 255,
              "colorG": 255,
              "colorR": 255,
              "customProperty": "",
              "flipX": false,
              "flipY": false,
              "height": 32,
              "ignoreSize": true,
              "layoutParameter": null,
              "opacity": 255,
              "positionPercentX": -0.160714284,
              "positionPercentY": 0,
              "positionType": 0,
              "rotation": 0,
              "scaleX": 1,
              "scaleY": 1,
              "sizePercentX": 0.5,
              "sizePercentY": 0.517857134,
              "sizeType": 0,
              "tag": 67564,
              "touchAble": false,
              "useMergedTexture": false,
              "visible": true,
              "width": 112,
              "x": -36,
              "y": 0,
              "areaHeight": 0,
              "areaWidth": 0,
              "fontFile": null,
              "fontName": "FZDaBiaoSong-B06S.ttf",
              "fontSize": 28,
              "hAlignment": 0,
              "text": "怪物车箱",
              "touchScaleEnable": false,
              "vAlignment": 0
            }
          },
          {
            "classname": "Label",
            "name": null,
            "children": [],
            "options": {
              "__type": "LabelSurrogate:#EditorCommon.JsonModel.Component.GUI",
              "classname": "Label",
              "name": "lbl_train",
              "ZOrder": 1,
              "actiontag": 104525,
              "anchorPointX": 0,
              "anchorPointY": 0.5,
              "classType": "Label",
              "colorB": 255,
              "colorG": 255,
              "colorR": 255,
              "customProperty": "",
              "flipX": false,
              "flipY": false,
              "height": 31,
              "ignoreSize": true,
              "layoutParameter": null,
              "opacity": 255,
              "positionPercentX": 0.129464284,
              "positionPercentY": 0,
              "positionType": 0,
              "rotation": 0,
              "scaleX": 1,
              "scaleY": 1,
              "sizePercentX": 0.25,
              "sizePercentY": 0.517857134,
              "sizeType": 0,
              "tag": 66780,
              "touchAble": false,
              "useMergedTexture": false,
              "visible": true,
              "width": 63,
              "x": 29,
              "y": 0,
              "areaHeight": 0,
              "areaWidth": 0,
              "fontFile": null,
              "fontName": "Britannic Bold.ttf",
              "fontSize": 28,
              "hAlignment": 0,
              "text": "LV99",
              "touchScaleEnable": false,
              "vAlignment": 0
            }
          }
        ],
        "options": {
          "__type": "ImageViewSurrogate:#EditorCommon.JsonModel.Component.GUI",
          "classname": "ImageView",
          "name": "img_trainname_bg",
          "ZOrder": 1,
          "actiontag": 104524,
          "anchorPointX": 0.5,
          "anchorPointY": 0.5,
          "classType": "ImageView",
          "colorB": 255,
          "colorG": 255,
          "colorR": 255,
          "customProperty": "",
          "flipX": false,
          "flipY": false,
          "height": 56,
          "ignoreSize": true,
          "layoutParameter": null,
          "opacity": 255,
          "positionPercentX": 0.0875,
          "positionPercentY": 0.9583333,
          "positionType": 0,
          "rotation": 0,
          "scaleX": 1,
          "scaleY": 1,
          "sizePercentX": 0.175,
          "sizePercentY": 0.07777778,
          "sizeType": 0,
          "tag": 66779,
          "touchAble": false,
          "useMergedTexture": false,
          "visible": true,
          "width": 224,
          "x": 112,
          "y": 690,
          "capInsetsHeight": 1,
          "capInsetsWidth": 1,
          "capInsetsX": 0,
          "capInsetsY": 0,
          "fileName": null,
          "fileNameData": {
            "path": "invite_lbl_bg.png",
            "plistFile": "",
            "resourceType": 1
          },
          "scale9Enable": false,
          "scale9Height": 56,
          "scale9Width": 224
        }
      },
      {
        "classname": "Panel",
        "name": null,
        "children": [
          {
            "classname": "ImageView",
            "name": null,
            "children": [],
            "options": {
              "__type": "ImageViewSurrogate:#EditorCommon.JsonModel.Component.GUI",
              "classname": "ImageView",
              "name": "img_item_bar",
              "ZOrder": 1,
              "actiontag": 77037,
              "anchorPointX": 0.5,
              "anchorPointY": 0.5,
              "classType": "ImageView",
              "colorB": 255,
              "colorG": 255,
              "colorR": 255,
              "customProperty": "",
              "flipX": false,
              "flipY": false,
              "height": 655,
              "ignoreSize": false,
              "layoutParameter": null,
              "opacity": 255,
              "positionPercentX": 0.500813,
              "positionPercentY": 0.5,
              "positionType": 0,
              "rotation": 0,
              "scaleX": 1,
              "scaleY": 1,
              "sizePercentX": 1.04065037,
              "sizePercentY": 1.07377052,
              "sizeType": 0,
              "tag": 42427,
              "touchAble": false,
              "useMergedTexture": false,
              "visible": true,
              "width": 1280,
              "x": 616,
              "y": 305,
              "capInsetsHeight": 1,
              "capInsetsWidth": 1,
              "capInsetsX": 300,
              "capInsetsY": 300,
              "fileName": null,
              "fileNameData": {
                "path": "PvrCcz/m_bg/tool_item_bar.pvr.ccz",
                "plistFile": "",
                "resourceType": 0
              },
              "scale9Enable": true,
              "scale9Height": 655,
              "scale9Width": 1280
            }
          },
          {
            "classname": "ScrollView",
            "name": null,
            "children": [],
            "options": {
              "__type": "ScrollViewSurrogate:#EditorCommon.JsonModel.Component.GUI",
              "classname": "ScrollView",
              "name": "itemlist",
              "ZOrder": 0,
              "actiontag": 78110,
              "anchorPointX": 0,
              "anchorPointY": 0,
              "classType": "ScrollView",
              "colorB": 255,
              "colorG": 255,
              "colorR": 255,
              "customProperty": "",
              "flipX": false,
              "flipY": false,
              "height": 610,
              "ignoreSize": false,
              "layoutParameter": null,
              "opacity": 255,
              "positionPercentX": 0,
              "positionPercentY": 0,
              "positionType": 0,
              "rotation": 0,
              "scaleX": 1,
              "scaleY": 1,
              "sizePercentX": 1,
              "sizePercentY": 1,
              "sizeType": 0,
              "tag": 43488,
              "touchAble": true,
              "useMergedTexture": false,
              "visible": true,
              "width": 1230,
              "x": 0,
              "y": 0,
              "backGroundImage": null,
              "backGroundImageData": null,
              "backGroundScale9Enable": false,
              "bgColorB": 100,
              "bgColorG": 150,
              "bgColorOpacity": 0,
              "bgColorR": 255,
              "bgEndColorB": 100,
              "bgEndColorG": 150,
              "bgEndColorR": 255,
              "bgStartColorB": 255,
              "bgStartColorG": 255,
              "bgStartColorR": 255,
              "bounceEnable": false,
              "capInsetsHeight": 1,
              "capInsetsWidth": 1,
              "capInsetsX": 0,
              "capInsetsY": 0,
              "clipAble": true,
              "colorType": 1,
              "direction": 2,
              "innerHeight": 610,
              "innerWidth": 1230,
              "layoutType": 2,
              "vectorX": 0,
              "vectorY": -0.5
            }
          }
        ],
        "options": {
          "__type": "PanelSurrogate:#EditorCommon.JsonModel.Component.GUI",
          "classname": "Panel",
          "name": "list_panel",
          "ZOrder": 0,
          "actiontag": 78002,
          "anchorPointX": 0,
          "anchorPointY": 0,
          "classType": "Panel",
          "colorB": 255,
          "colorG": 255,
          "colorR": 255,
          "customProperty": "",
          "flipX": false,
          "flipY": false,
          "height": 610,
          "ignoreSize": false,
          "layoutParameter": null,
          "opacity": 255,
          "positionPercentX": 0.01796875,
          "positionPercentY": 0.0361111127,
          "positionType": 0,
          "rotation": 0,
          "scaleX": 1,
          "scaleY": 1,
          "sizePercentX": 0.9609375,
          "sizePercentY": 0.8472222,
          "sizeType": 0,
          "tag": 43385,
          "touchAble": false,
          "useMergedTexture": false,
          "visible": true,
          "width": 1230,
          "x": 23,
          "y": 26,
          "adaptScreen": false,
          "backGroundImage": null,
          "backGroundImageData": null,
          "backGroundScale9Enable": false,
          "bgColorB": 0,
          "bgColorG": 0,
          "bgColorOpacity": 180,
          "bgColorR": 0,
          "bgEndColorB": 255,
          "bgEndColorG": 200,
          "bgEndColorR": 150,
          "bgStartColorB": 255,
          "bgStartColorG": 255,
          "bgStartColorR": 255,
          "capInsetsHeight": 1,
          "capInsetsWidth": 1,
          "capInsetsX": 0,
          "capInsetsY": 0,
          "clipAble": false,
          "colorType": 1,
          "layoutType": 0,
          "vectorX": 0,
          "vectorY": -0.5
        }
      },
      {
        "classname": "Panel",
        "name": null,
        "children": [
          {
            "classname": "ImageView",
            "name": null,
            "children": [
              {
                "classname": "ImageView",
                "name": null,
                "children": [
                  {
                    "classname": "Panel",
                    "name": null,
                    "children": [
                      {
                        "classname": "Label",
                        "name": null,
                        "children": [],
                        "options": {
                          "__type": "LabelSurrogate:#EditorCommon.JsonModel.Component.GUI",
                          "classname": "Label",
                          "name": "lbl_note_txt1",
                          "ZOrder": 0,
                          "actiontag": 78023,
                          "anchorPointX": 0.5,
                          "anchorPointY": 0.5,
                          "classType": "Label",
                          "colorB": 255,
                          "colorG": 255,
                          "colorR": 255,
                          "customProperty": "",
                          "flipX": false,
                          "flipY": false,
                          "height": 41,
                          "ignoreSize": true,
                          "layoutParameter": {
                            "classname": null,
                            "name": null,
                            "align": 0,
                            "gravity": 5,
                            "layoutEageType": 0,
                            "layoutNormalHorizontal": 0,
                            "layoutNormalVertical": 0,
                            "layoutParentHorizontal": 0,
                            "layoutParentVertical": 0,
                            "marginDown": 0,
                            "marginLeft": 0,
                            "marginRight": 0,
                            "marginTop": 0,
                            "relativeName": "lbl_note_txt1",
                            "relativeToName": "txt_panel",
                            "type": 1
                          },
                          "opacity": 255,
                          "positionPercentX": 0.18,
                          "positionPercentY": 0.5,
                          "positionType": 0,
                          "rotation": 0,
                          "scaleX": 1,
                          "scaleY": 1,
                          "sizePercentX": 0.36,
                          "sizePercentY": 0.925,
                          "sizeType": 0,
                          "tag": 43406,
                          "touchAble": false,
                          "useMergedTexture": false,
                          "visible": true,
                          "width": 216,
                          "x": 108,
                          "y": 20,
                          "areaHeight": 0,
                          "areaWidth": 0,
                          "fontFile": null,
                          "fontName": "FZDaBiaoSong-B06S.ttf",
                          "fontSize": 36,
                          "hAlignment": 0,
                          "text": "是否确认花费",
                          "touchScaleEnable": false,
                          "vAlignment": 0
                        }
                      },
                      {
                        "classname": "ImageView",
                        "name": null,
                        "children": [],
                        "options": {
                          "__type": "ImageViewSurrogate:#EditorCommon.JsonModel.Component.GUI",
                          "classname": "ImageView",
                          "name": "img_note_coin",
                          "ZOrder": 0,
                          "actiontag": 78016,
                          "anchorPointX": 0.5,
                          "anchorPointY": 0.5,
                          "classType": "ImageView",
                          "colorB": 255,
                          "colorG": 255,
                          "colorR": 255,
                          "customProperty": "",
                          "flipX": false,
                          "flipY": false,
                          "height": 88,
                          "ignoreSize": true,
                          "layoutParameter": {
                            "classname": null,
                            "name": null,
                            "align": 0,
                            "gravity": 5,
                            "layoutEageType": 0,
                            "layoutNormalHorizontal": 0,
                            "layoutNormalVertical": 0,
                            "layoutParentHorizontal": 0,
                            "layoutParentVertical": 0,
                            "marginDown": 0,
                            "marginLeft": 0,
                            "marginRight": 0,
                            "marginTop": 0,
                            "relativeName": "img_note_coin",
                            "relativeToName": "txt_panel",
                            "type": 1
                          },
                          "opacity": 255,
                          "positionPercentX": 0.429166675,
                          "positionPercentY": 0.5,
                          "positionType": 0,
                          "rotation": 0,
                          "scaleX": 0.65,
                          "scaleY": 0.65,
                          "sizePercentX": 0.138333336,
                          "sizePercentY": 2.2,
                          "sizeType": 0,
                          "tag": 43399,
                          "touchAble": false,
                          "useMergedTexture": false,
                          "visible": true,
                          "width": 83,
                          "x": 257,
                          "y": 20,
                          "capInsetsHeight": 1,
                          "capInsetsWidth": 1,
                          "capInsetsX": 0,
                          "capInsetsY": 0,
                          "fileName": null,
                          "fileNameData": {
                            "path": "icon_gold.png",
                            "plistFile": "",
                            "resourceType": 1
                          },
                          "scale9Enable": false,
                          "scale9Height": 88,
                          "scale9Width": 83
                        }
                      },
                      {
                        "classname": "Label",
                        "name": null,
                        "children": [],
                        "options": {
                          "__type": "LabelSurrogate:#EditorCommon.JsonModel.Component.GUI",
                          "classname": "Label",
                          "name": "lbl_note_txt_2",
                          "ZOrder": 0,
                          "actiontag": 78005,
                          "anchorPointX": 0,
                          "anchorPointY": 0.5,
                          "classType": "Label",
                          "colorB": 255,
                          "colorG": 255,
                          "colorR": 255,
                          "customProperty": "",
                          "flipX": false,
                          "flipY": false,
                          "height": 41,
                          "ignoreSize": true,
                          "layoutParameter": {
                            "classname": null,
                            "name": null,
                            "align": 0,
                            "gravity": 5,
                            "layoutEageType": 0,
                            "layoutNormalHorizontal": 0,
                            "layoutNormalVertical": 0,
                            "layoutParentHorizontal": 0,
                            "layoutParentVertical": 0,
                            "marginDown": 0,
                            "marginLeft": 0,
                            "marginRight": 0,
                            "marginTop": 0,
                            "relativeName": "lbl_note_txt_2",
                            "relativeToName": "txt_panel",
                            "type": 1
                          },
                          "opacity": 255,
                          "positionPercentX": 0.498333335,
                          "positionPercentY": 0.5,
                          "positionType": 0,
                          "rotation": 0,
                          "scaleX": 1,
                          "scaleY": 1,
                          "sizePercentX": 0.456666678,
                          "sizePercentY": 0.925,
                          "sizeType": 0,
                          "tag": 43388,
                          "touchAble": false,
                          "useMergedTexture": false,
                          "visible": true,
                          "width": 276,
                          "x": 299,
                          "y": 20,
                          "areaHeight": 0,
                          "areaWidth": 0,
                          "fontFile": null,
                          "fontName": "FZDaBiaoSong-B06S.ttf",
                          "fontSize": 36,
                          "hAlignment": 0,
                          "text": "99 制造 食人花？",
                          "touchScaleEnable": false,
                          "vAlignment": 0
                        }
                      }
                    ],
                    "options": {
                      "__type": "PanelSurrogate:#EditorCommon.JsonModel.Component.GUI",
                      "classname": "Panel",
                      "name": "txt_panel",
                      "ZOrder": 1,
                      "actiontag": 78045,
                      "anchorPointX": 0,
                      "anchorPointY": 0,
                      "classType": "Panel",
                      "colorB": 255,
                      "colorG": 255,
                      "colorR": 255,
                      "customProperty": "",
                      "flipX": false,
                      "flipY": false,
                      "height": 40,
                      "ignoreSize": false,
                      "layoutParameter": null,
                      "opacity": 255,
                      "positionPercentX": 0.0789473653,
                      "positionPercentY": 0.05846154,
                      "positionType": 0,
                      "rotation": 0,
                      "scaleX": 1,
                      "scaleY": 1,
                      "sizePercentX": 0.7894737,
                      "sizePercentY": 0.123076923,
                      "sizeType": 0,
                      "tag": 43428,
                      "touchAble": false,
                      "useMergedTexture": false,
                      "visible": true,
                      "width": 600,
                      "x": 60,
                      "y": 19,
                      "adaptScreen": false,
                      "backGroundImage": null,
                      "backGroundImageData": null,
                      "backGroundScale9Enable": false,
                      "bgColorB": 255,
                      "bgColorG": 200,
                      "bgColorOpacity": 0,
                      "bgColorR": 150,
                      "bgEndColorB": 255,
                      "bgEndColorG": 200,
                      "bgEndColorR": 150,
                      "bgStartColorB": 255,
                      "bgStartColorG": 255,
                      "bgStartColorR": 255,
                      "capInsetsHeight": 1,
                      "capInsetsWidth": 1,
                      "capInsetsX": 0,
                      "capInsetsY": 0,
                      "clipAble": false,
                      "colorType": 1,
                      "layoutType": 2,
                      "vectorX": 0,
                      "vectorY": -0.5
                    }
                  },
                  {
                    "classname": "Button",
                    "name": null,
                    "children": [
                      {
                        "classname": "Label",
                        "name": null,
                        "children": [],
                        "options": {
                          "__type": "LabelSurrogate:#EditorCommon.JsonModel.Component.GUI",
                          "classname": "Label",
                          "name": "lbl_yes",
                          "ZOrder": 3,
                          "actiontag": 78011,
                          "anchorPointX": 0.5,
                          "anchorPointY": 0.5,
                          "classType": "Label",
                          "colorB": 255,
                          "colorG": 255,
                          "colorR": 255,
                          "customProperty": "",
                          "flipX": false,
                          "flipY": false,
                          "height": 41,
                          "ignoreSize": true,
                          "layoutParameter": null,
                          "opacity": 255,
                          "positionPercentX": 0,
                          "positionPercentY": 0.0259740259,
                          "positionType": 0,
                          "rotation": 0,
                          "scaleX": 1,
                          "scaleY": 1,
                          "sizePercentX": 0.5732484,
                          "sizePercentY": 0.480519474,
                          "sizeType": 0,
                          "tag": 43394,
                          "touchAble": false,
                          "useMergedTexture": false,
                          "visible": true,
                          "width": 96,
                          "x": 0,
                          "y": 2,
                          "areaHeight": 0,
                          "areaWidth": 0,
                          "fontFile": null,
                          "fontName": "FZDaBiaoSong-B06S.ttf",
                          "fontSize": 36,
                          "hAlignment": 0,
                          "text": "确  认",
                          "touchScaleEnable": false,
                          "vAlignment": 0
                        }
                      },
                      {
                        "classname": "Label",
                        "name": null,
                        "children": [],
                        "options": {
                          "__type": "LabelSurrogate:#EditorCommon.JsonModel.Component.GUI",
                          "classname": "Label",
                          "name": "lbl_yes_s",
                          "ZOrder": 2,
                          "actiontag": 78012,
                          "anchorPointX": 0.5,
                          "anchorPointY": 0.5,
                          "classType": "Label",
                          "colorB": 0,
                          "colorG": 0,
                          "colorR": 0,
                          "customProperty": "",
                          "flipX": false,
                          "flipY": false,
                          "height": 41,
                          "ignoreSize": true,
                          "layoutParameter": null,
                          "opacity": 255,
                          "positionPercentX": 0.01910828,
                          "positionPercentY": -0.012987013,
                          "positionType": 0,
                          "rotation": 0,
                          "scaleX": 1,
                          "scaleY": 1,
                          "sizePercentX": 0.5732484,
                          "sizePercentY": 0.480519474,
                          "sizeType": 0,
                          "tag": 43395,
                          "touchAble": false,
                          "useMergedTexture": false,
                          "visible": true,
                          "width": 96,
                          "x": 3,
                          "y": -1,
                          "areaHeight": 0,
                          "areaWidth": 0,
                          "fontFile": null,
                          "fontName": "FZDaBiaoSong-B06S.ttf",
                          "fontSize": 36,
                          "hAlignment": 0,
                          "text": "确  认",
                          "touchScaleEnable": false,
                          "vAlignment": 0
                        }
                      }
                    ],
                    "options": {
                      "__type": "ButtonSurrogate:#EditorCommon.JsonModel.Component.GUI",
                      "classname": "Button",
                      "name": "btn_yes",
                      "ZOrder": 1,
                      "actiontag": 78010,
                      "anchorPointX": 0.5,
                      "anchorPointY": 0.5,
                      "classType": "Button",
                      "colorB": 255,
                      "colorG": 255,
                      "colorR": 255,
                      "customProperty": "",
                      "flipX": false,
                      "flipY": false,
                      "height": 77,
                      "ignoreSize": true,
                      "layoutParameter": null,
                      "opacity": 255,
                      "positionPercentX": 0.3276316,
                      "positionPercentY": -0.230769232,
                      "positionType": 0,
                      "rotation": 0,
                      "scaleX": 0.9,
                      "scaleY": 0.9,
                      "sizePercentX": 0.20657894,
                      "sizePercentY": 0.236923084,
                      "sizeType": 0,
                      "tag": 43393,
                      "touchAble": true,
                      "useMergedTexture": false,
                      "visible": true,
                      "width": 157,
                      "x": 249,
                      "y": -75,
                      "capInsetsHeight": 1,
                      "capInsetsWidth": 1,
                      "capInsetsX": 0,
                      "capInsetsY": 0,
                      "disabled": null,
                      "disabledData": {
                        "path": "btn_brown_disabled.png",
                        "plistFile": "",
                        "resourceType": 1
                      },
                      "fontName": "微软雅黑",
                      "fontSize": 14,
                      "fontType": 0,
                      "normal": null,
                      "normalData": {
                        "path": "btn_brown.png",
                        "plistFile": "",
                        "resourceType": 1
                      },
                      "pressed": null,
                      "pressedData": {
                        "path": "btn_brown_pressed.png",
                        "plistFile": "",
                        "resourceType": 1
                      },
                      "scale9Enable": false,
                      "scale9Height": 77,
                      "scale9Width": 157,
                      "text": "",
                      "textColorB": 255,
                      "textColorG": 255,
                      "textColorR": 255
                    }
                  },
                  {
                    "classname": "Button",
                    "name": null,
                    "children": [
                      {
                        "classname": "Label",
                        "name": null,
                        "children": [],
                        "options": {
                          "__type": "LabelSurrogate:#EditorCommon.JsonModel.Component.GUI",
                          "classname": "Label",
                          "name": "lbl_no",
                          "ZOrder": 3,
                          "actiontag": 78026,
                          "anchorPointX": 0.5,
                          "anchorPointY": 0.5,
                          "classType": "Label",
                          "colorB": 255,
                          "colorG": 255,
                          "colorR": 255,
                          "customProperty": "",
                          "flipX": false,
                          "flipY": false,
                          "height": 41,
                          "ignoreSize": true,
                          "layoutParameter": null,
                          "opacity": 255,
                          "positionPercentX": 0,
                          "positionPercentY": 0.0259740259,
                          "positionType": 0,
                          "rotation": 0,
                          "scaleX": 1,
                          "scaleY": 1,
                          "sizePercentX": 0.5732484,
                          "sizePercentY": 0.480519474,
                          "sizeType": 0,
                          "tag": 43409,
                          "touchAble": false,
                          "useMergedTexture": false,
                          "visible": true,
                          "width": 96,
                          "x": 0,
                          "y": 2,
                          "areaHeight": 0,
                          "areaWidth": 0,
                          "fontFile": null,
                          "fontName": "FZDaBiaoSong-B06S.ttf",
                          "fontSize": 36,
                          "hAlignment": 0,
                          "text": "取  消",
                          "touchScaleEnable": false,
                          "vAlignment": 0
                        }
                      },
                      {
                        "classname": "Label",
                        "name": null,
                        "children": [],
                        "options": {
                          "__type": "LabelSurrogate:#EditorCommon.JsonModel.Component.GUI",
                          "classname": "Label",
                          "name": "lbl_no_s",
                          "ZOrder": 2,
                          "actiontag": 78027,
                          "anchorPointX": 0.5,
                          "anchorPointY": 0.5,
                          "classType": "Label",
                          "colorB": 0,
                          "colorG": 0,
                          "colorR": 0,
                          "customProperty": "",
                          "flipX": false,
                          "flipY": false,
                          "height": 41,
                          "ignoreSize": true,
                          "layoutParameter": null,
                          "opacity": 255,
                          "positionPercentX": 0.01910828,
                          "positionPercentY": -0.012987013,
                          "positionType": 0,
                          "rotation": 0,
                          "scaleX": 1,
                          "scaleY": 1,
                          "sizePercentX": 0.5732484,
                          "sizePercentY": 0.480519474,
                          "sizeType": 0,
                          "tag": 43410,
                          "touchAble": false,
                          "useMergedTexture": false,
                          "visible": true,
                          "width": 96,
                          "x": 3,
                          "y": -1,
                          "areaHeight": 0,
                          "areaWidth": 0,
                          "fontFile": null,
                          "fontName": "FZDaBiaoSong-B06S.ttf",
                          "fontSize": 36,
                          "hAlignment": 0,
                          "text": "取  消",
                          "touchScaleEnable": false,
                          "vAlignment": 0
                        }
                      }
                    ],
                    "options": {
                      "__type": "ButtonSurrogate:#EditorCommon.JsonModel.Component.GUI",
                      "classname": "Button",
                      "name": "btn_no",
                      "ZOrder": 1,
                      "actiontag": 78025,
                      "anchorPointX": 0.5,
                      "anchorPointY": 0.5,
                      "classType": "Button",
                      "colorB": 255,
                      "colorG": 255,
                      "colorR": 255,
                      "customProperty": "",
                      "flipX": false,
                      "flipY": false,
                      "height": 77,
                      "ignoreSize": true,
                      "layoutParameter": null,
                      "opacity": 255,
                      "positionPercentX": 0.6723684,
                      "positionPercentY": -0.230769232,
                      "positionType": 0,
                      "rotation": 0,
                      "scaleX": 0.9,
                      "scaleY": 0.9,
                      "sizePercentX": 0.20657894,
                      "sizePercentY": 0.236923084,
                      "sizeType": 0,
                      "tag": 43408,
                      "touchAble": true,
                      "useMergedTexture": false,
                      "visible": true,
                      "width": 157,
                      "x": 511,
                      "y": -75,
                      "capInsetsHeight": 1,
                      "capInsetsWidth": 1,
                      "capInsetsX": 0,
                      "capInsetsY": 0,
                      "disabled": null,
                      "disabledData": {
                        "path": "btn_brown_disabled.png",
                        "plistFile": "",
                        "resourceType": 1
                      },
                      "fontName": "微软雅黑",
                      "fontSize": 14,
                      "fontType": 0,
                      "normal": null,
                      "normalData": {
                        "path": "btn_brown.png",
                        "plistFile": "",
                        "resourceType": 1
                      },
                      "pressed": null,
                      "pressedData": {
                        "path": "btn_brown_pressed.png",
                        "plistFile": "",
                        "resourceType": 1
                      },
                      "scale9Enable": false,
                      "scale9Height": 77,
                      "scale9Width": 157,
                      "text": "",
                      "textColorB": 255,
                      "textColorG": 255,
                      "textColorR": 255
                    }
                  }
                ],
                "options": {
                  "__type": "ImageViewSurrogate:#EditorCommon.JsonModel.Component.GUI",
                  "classname": "ImageView",
                  "name": "img_note_bg",
                  "ZOrder": 0,
                  "actiontag": 78004,
                  "anchorPointX": 0,
                  "anchorPointY": 0.5,
                  "classType": "ImageView",
                  "colorB": 255,
                  "colorG": 255,
                  "colorR": 255,
                  "customProperty": "",
                  "flipX": false,
                  "flipY": false,
                  "height": 325,
                  "ignoreSize": false,
                  "layoutParameter": null,
                  "opacity": 255,
                  "positionPercentX": -0.5277778,
                  "positionPercentY": -0.01724138,
                  "positionType": 0,
                  "rotation": 0,
                  "scaleX": 1,
                  "scaleY": 1,
                  "sizePercentX": 1.05555558,
                  "sizePercentY": 1.12068963,
                  "sizeType": 0,
                  "tag": 43387,
                  "touchAble": false,
                  "useMergedTexture": false,
                  "visible": true,
                  "width": 760,
                  "x": -380,
                  "y": -5,
                  "capInsetsHeight": 1,
                  "capInsetsWidth": 200,
                  "capInsetsX": 0,
                  "capInsetsY": 0,
                  "fileName": null,
                  "fileNameData": {
                    "path": "PvrCcz/m_bg/lvup_bg.pvr.ccz",
                    "plistFile": "",
                    "resourceType": 0
                  },
                  "scale9Enable": false,
                  "scale9Height": 325,
                  "scale9Width": 760
                }
              }
            ],
            "options": {
              "__type": "ImageViewSurrogate:#EditorCommon.JsonModel.Component.GUI",
              "classname": "ImageView",
              "name": "img_note_mask",
              "ZOrder": 1,
              "actiontag": 78047,
              "anchorPointX": 0.5,
              "anchorPointY": 0.5,
              "classType": "ImageView",
              "colorB": 255,
              "colorG": 255,
              "colorR": 255,
              "customProperty": "",
              "flipX": false,
              "flipY": false,
              "height": 290,
              "ignoreSize": false,
              "layoutParameter": null,
              "opacity": 200,
              "positionPercentX": 0.5,
              "positionPercentY": 0.5,
              "positionType": 0,
              "rotation": 0,
              "scaleX": 1,
              "scaleY": 1,
              "sizePercentX": 0.5625,
              "sizePercentY": 0.4027778,
              "sizeType": 0,
              "tag": 43430,
              "touchAble": false,
              "useMergedTexture": false,
              "visible": true,
              "width": 720,
              "x": 640,
              "y": 360,
              "capInsetsHeight": 1,
              "capInsetsWidth": 1,
              "capInsetsX": 0,
              "capInsetsY": 0,
              "fileName": null,
              "fileNameData": {
                "path": "pic_view_00.png",
                "plistFile": "",
                "resourceType": 1
              },
              "scale9Enable": false,
              "scale9Height": 290,
              "scale9Width": 720
            }
          }
        ],
        "options": {
          "__type": "PanelSurrogate:#EditorCommon.JsonModel.Component.GUI",
          "classname": "Panel",
          "name": "notice_panel",
          "ZOrder": 2,
          "actiontag": 78003,
          "anchorPointX": 0,
          "anchorPointY": 0,
          "classType": "Panel",
          "colorB": 255,
          "colorG": 255,
          "colorR": 255,
          "customProperty": "",
          "flipX": false,
          "flipY": false,
          "height": 720,
          "ignoreSize": false,
          "layoutParameter": null,
          "opacity": 255,
          "positionPercentX": 0,
          "positionPercentY": 0,
          "positionType": 0,
          "rotation": 0,
          "scaleX": 1,
          "scaleY": 1,
          "sizePercentX": 1,
          "sizePercentY": 1,
          "sizeType": 0,
          "tag": 43386,
          "touchAble": true,
          "useMergedTexture": false,
          "visible": true,
          "width": 1280,
          "x": 0,
          "y": 0,
          "adaptScreen": false,
          "backGroundImage": null,
          "backGroundImageData": null,
          "backGroundScale9Enable": false,
          "bgColorB": 0,
          "bgColorG": 0,
          "bgColorOpacity": 0,
          "bgColorR": 0,
          "bgEndColorB": 255,
          "bgEndColorG": 200,
          "bgEndColorR": 150,
          "bgStartColorB": 255,
          "bgStartColorG": 255,
          "bgStartColorR": 255,
          "capInsetsHeight": 1,
          "capInsetsWidth": 1,
          "capInsetsX": 0,
          "capInsetsY": 0,
          "clipAble": false,
          "colorType": 1,
          "layoutType": 0,
          "vectorX": 0,
          "vectorY": -0.5
        }
      },
      {
        "classname": "Button",
        "name": null,
        "children": [
          {
            "classname": "Label",
            "name": null,
            "children": [],
            "options": {
              "__type": "LabelSurrogate:#EditorCommon.JsonModel.Component.GUI",
              "classname": "Label",
              "name": "lbl_back_s",
              "ZOrder": 0,
              "actiontag": 104527,
              "anchorPointX": 0.5,
              "anchorPointY": 0.5,
              "classType": "Label",
              "colorB": 0,
              "colorG": 0,
              "colorR": 0,
              "customProperty": "",
              "flipX": false,
              "flipY": false,
              "height": 41,
              "ignoreSize": true,
              "layoutParameter": null,
              "opacity": 255,
              "positionPercentX": 0.0254777074,
              "positionPercentY": -0.038961038,
              "positionType": 0,
              "rotation": 0,
              "scaleX": 1,
              "scaleY": 1,
              "sizePercentX": 0.5732484,
              "sizePercentY": 0.480519474,
              "sizeType": 0,
              "tag": 66782,
              "touchAble": false,
              "useMergedTexture": false,
              "visible": true,
              "width": 96,
              "x": 4,
              "y": -3,
              "areaHeight": 0,
              "areaWidth": 0,
              "fontFile": null,
              "fontName": "FZDaBiaoSong-B06S.ttf",
              "fontSize": 36,
              "hAlignment": 0,
              "text": "返  回",
              "touchScaleEnable": false,
              "vAlignment": 0
            }
          },
          {
            "classname": "Label",
            "name": null,
            "children": [],
            "options": {
              "__type": "LabelSurrogate:#EditorCommon.JsonModel.Component.GUI",
              "classname": "Label",
              "name": "lbl_back",
              "ZOrder": 1,
              "actiontag": 104528,
              "anchorPointX": 0.5,
              "anchorPointY": 0.5,
              "classType": "Label",
              "colorB": 255,
              "colorG": 255,
              "colorR": 255,
              "customProperty": "",
              "flipX": false,
              "flipY": false,
              "height": 41,
              "ignoreSize": true,
              "layoutParameter": null,
              "opacity": 255,
              "positionPercentX": 0,
              "positionPercentY": 0,
              "positionType": 0,
              "rotation": 0,
              "scaleX": 1,
              "scaleY": 1,
              "sizePercentX": 0.5732484,
              "sizePercentY": 0.480519474,
              "sizeType": 0,
              "tag": 66783,
              "touchAble": false,
              "useMergedTexture": false,
              "visible": true,
              "width": 96,
              "x": 0,
              "y": 0,
              "areaHeight": 0,
              "areaWidth": 0,
              "fontFile": null,
              "fontName": "FZDaBiaoSong-B06S.ttf",
              "fontSize": 36,
              "hAlignment": 0,
              "text": "返  回",
              "touchScaleEnable": false,
              "vAlignment": 0
            }
          },
          {
            "classname": "ImageView",
            "name": null,
            "children": [],
            "options": {
              "__type": "ImageViewSurrogate:#EditorCommon.JsonModel.Component.GUI",
              "classname": "ImageView",
              "name": "img_chain",
              "ZOrder": 0,
              "actiontag": 104529,
              "anchorPointX": 0.5,
              "anchorPointY": 0.5,
              "classType": "ImageView",
              "colorB": 255,
              "colorG": 255,
              "colorR": 255,
              "customProperty": "",
              "flipX": false,
              "flipY": false,
              "height": 50,
              "ignoreSize": true,
              "layoutParameter": null,
              "opacity": 255,
              "positionPercentX": 0,
              "positionPercentY": 0.6363636,
              "positionType": 0,
              "rotation": 0,
              "scaleX": 1,
              "scaleY": 1,
              "sizePercentX": 0.751592338,
              "sizePercentY": 0.649350643,
              "sizeType": 0,
              "tag": 66784,
              "touchAble": false,
              "useMergedTexture": false,
              "visible": true,
              "width": 118,
              "x": 0,
              "y": 49,
              "capInsetsHeight": 1,
              "capInsetsWidth": 1,
              "capInsetsX": 0,
              "capInsetsY": 0,
              "fileName": null,
              "fileNameData": {
                "path": "chain_1.png",
                "plistFile": "",
                "resourceType": 1
              },
              "scale9Enable": false,
              "scale9Height": 50,
              "scale9Width": 118
            }
          }
        ],
        "options": {
          "__type": "ButtonSurrogate:#EditorCommon.JsonModel.Component.GUI",
          "classname": "Button",
          "name": "btn_back",
          "ZOrder": 1,
          "actiontag": 104526,
          "anchorPointX": 0.5,
          "anchorPointY": 0.5,
          "classType": "Button",
          "colorB": 255,
          "colorG": 255,
          "colorR": 255,
          "customProperty": "",
          "flipX": false,
          "flipY": false,
          "height": 77,
          "ignoreSize": true,
          "layoutParameter": null,
          "opacity": 255,
          "positionPercentX": 0.9375,
          "positionPercentY": 0.95,
          "positionType": 0,
          "rotation": 0,
          "scaleX": 0.8,
          "scaleY": 0.8,
          "sizePercentX": 0.122656249,
          "sizePercentY": 0.106944442,
          "sizeType": 0,
          "tag": 66781,
          "touchAble": true,
          "useMergedTexture": false,
          "visible": true,
          "width": 157,
          "x": 1200,
          "y": 684,
          "capInsetsHeight": 0,
          "capInsetsWidth": 0,
          "capInsetsX": 0,
          "capInsetsY": 0,
          "disabled": null,
          "disabledData": {
            "path": null,
            "plistFile": null,
            "resourceType": 0
          },
          "fontName": "微软雅黑",
          "fontSize": 36,
          "fontType": 0,
          "normal": null,
          "normalData": {
            "path": "btn_brown.png",
            "plistFile": "",
            "resourceType": 1
          },
          "pressed": null,
          "pressedData": {
            "path": "btn_brown_pressed.png",
            "plistFile": "",
            "resourceType": 1
          },
          "scale9Enable": false,
          "scale9Height": 77,
          "scale9Width": 157,
          "text": "",
          "textColorB": 0,
          "textColorG": 0,
          "textColorR": 0
        }
      },
      {
        "classname": "ImageView",
        "name": null,
        "children": [
          {
            "classname": "Label",
            "name": null,
            "children": [],
            "options": {
              "__type": "LabelSurrogate:#EditorCommon.JsonModel.Component.GUI",
              "classname": "Label",
              "name": "lbl_monstercnt_txt",
              "ZOrder": 1,
              "actiontag": 105309,
              "anchorPointX": 0,
              "anchorPointY": 0.5,
              "classType": "Label",
              "colorB": 210,
              "colorG": 247,
              "colorR": 245,
              "customProperty": "",
              "flipX": false,
              "flipY": false,
              "height": 32,
              "ignoreSize": true,
              "layoutParameter": null,
              "opacity": 255,
              "positionPercentX": -0.446,
              "positionPercentY": -0.146067411,
              "positionType": 0,
              "rotation": 0,
              "scaleX": 1,
              "scaleY": 1,
              "sizePercentX": 0.246,
              "sizePercentY": 0.3258427,
              "sizeType": 0,
              "tag": 67562,
              "touchAble": false,
              "useMergedTexture": false,
              "visible": true,
              "width": 121,
              "x": -223,
              "y": -13,
              "areaHeight": 0,
              "areaWidth": 0,
              "fontFile": null,
              "fontName": "FZDaBiaoSong-B06S.ttf",
              "fontSize": 28,
              "hAlignment": 0,
              "text": "怪物总数:",
              "touchScaleEnable": false,
              "vAlignment": 0
            }
          },
          {
            "classname": "Label",
            "name": null,
            "children": [],
            "options": {
              "__type": "LabelSurrogate:#EditorCommon.JsonModel.Component.GUI",
              "classname": "Label",
              "name": "lbl_monstercnt",
              "ZOrder": 1,
              "actiontag": 104531,
              "anchorPointX": 0,
              "anchorPointY": 0.5,
              "classType": "Label",
              "colorB": 210,
              "colorG": 247,
              "colorR": 245,
              "customProperty": "",
              "flipX": false,
              "flipY": false,
              "height": 31,
              "ignoreSize": true,
              "layoutParameter": null,
              "opacity": 255,
              "positionPercentX": -0.186,
              "positionPercentY": -0.146067411,
              "positionType": 0,
              "rotation": 0,
              "scaleX": 1,
              "scaleY": 1,
              "sizePercentX": 0.064,
              "sizePercentY": 0.3258427,
              "sizeType": 0,
              "tag": 66786,
              "touchAble": false,
              "useMergedTexture": false,
              "visible": true,
              "width": 34,
              "x": -93,
              "y": -13,
              "areaHeight": 0,
              "areaWidth": 0,
              "fontFile": null,
              "fontName": "Britannic Bold.ttf",
              "fontSize": 28,
              "hAlignment": 0,
              "text": "99",
              "touchScaleEnable": false,
              "vAlignment": 0
            }
          },
          {
            "classname": "Label",
            "name": null,
            "children": [],
            "options": {
              "__type": "LabelSurrogate:#EditorCommon.JsonModel.Component.GUI",
              "classname": "Label",
              "name": "lbl_digcnt_txt",
              "ZOrder": 1,
              "actiontag": 105310,
              "anchorPointX": 0,
              "anchorPointY": 0.5,
              "classType": "Label",
              "colorB": 210,
              "colorG": 247,
              "colorR": 245,
              "customProperty": "",
              "flipX": false,
              "flipY": false,
              "height": 32,
              "ignoreSize": true,
              "layoutParameter": null,
              "opacity": 255,
              "positionPercentX": 0.044,
              "positionPercentY": -0.157303378,
              "positionType": 0,
              "rotation": 0,
              "scaleX": 1,
              "scaleY": 1,
              "sizePercentX": 0.302,
              "sizePercentY": 0.3258427,
              "sizeType": 0,
              "tag": 67563,
              "touchAble": false,
              "useMergedTexture": false,
              "visible": true,
              "width": 149,
              "x": 22,
              "y": -14,
              "areaHeight": 0,
              "areaWidth": 0,
              "fontFile": null,
              "fontName": "FZDaBiaoSong-B06S.ttf",
              "fontSize": 28,
              "hAlignment": 0,
              "text": "最大养分值:",
              "touchScaleEnable": false,
              "vAlignment": 0
            }
          },
          {
            "classname": "Label",
            "name": null,
            "children": [],
            "options": {
              "__type": "LabelSurrogate:#EditorCommon.JsonModel.Component.GUI",
              "classname": "Label",
              "name": "lbl_digcnt",
              "ZOrder": 1,
              "actiontag": 104532,
              "anchorPointX": 0,
              "anchorPointY": 0.5,
              "classType": "Label",
              "colorB": 210,
              "colorG": 247,
              "colorR": 245,
              "customProperty": "",
              "flipX": false,
              "flipY": false,
              "height": 31,
              "ignoreSize": true,
              "layoutParameter": null,
              "opacity": 255,
              "positionPercentX": 0.36,
              "positionPercentY": -0.157303378,
              "positionType": 0,
              "rotation": 0,
              "scaleX": 1,
              "scaleY": 1,
              "sizePercentX": 0.064,
              "sizePercentY": 0.3258427,
              "sizeType": 0,
              "tag": 66787,
              "touchAble": false,
              "useMergedTexture": false,
              "visible": true,
              "width": 34,
              "x": 180,
              "y": -14,
              "areaHeight": 0,
              "areaWidth": 0,
              "fontFile": null,
              "fontName": "Britannic Bold.ttf",
              "fontSize": 28,
              "hAlignment": 0,
              "text": "45",
              "touchScaleEnable": false,
              "vAlignment": 0
            }
          }
        ],
        "options": {
          "__type": "ImageViewSurrogate:#EditorCommon.JsonModel.Component.GUI",
          "classname": "ImageView",
          "name": "param_bg",
          "ZOrder": 0,
          "actiontag": 104530,
          "anchorPointX": 0.5,
          "anchorPointY": 0.5,
          "classType": "ImageView",
          "colorB": 255,
          "colorG": 255,
          "colorR": 255,
          "customProperty": "",
          "flipX": false,
          "flipY": false,
          "height": 89,
          "ignoreSize": true,
          "layoutParameter": null,
          "opacity": 255,
          "positionPercentX": 0.6234375,
          "positionPercentY": 0.983333349,
          "positionType": 0,
          "rotation": 0,
          "scaleX": 1,
          "scaleY": 1,
          "sizePercentX": 0.390625,
          "sizePercentY": 0.123611107,
          "sizeType": 0,
          "tag": 66785,
          "touchAble": false,
          "useMergedTexture": false,
          "visible": true,
          "width": 500,
          "x": 798,
          "y": 708,
          "capInsetsHeight": 1,
          "capInsetsWidth": 1,
          "capInsetsX": 0,
          "capInsetsY": 0,
          "fileName": null,
          "fileNameData": {
            "path": "wood_bg.png",
            "plistFile": "",
            "resourceType": 1
          },
          "scale9Enable": false,
          "scale9Height": 89,
          "scale9Width": 500
        }
      }
    ],
    "options": {
      "__type": "PanelSurrogate:#EditorCommon.JsonModel.Component.GUI",
      "classname": "Panel",
      "name": "scene_panel",
      "ZOrder": 0,
      "actiontag": -1,
      "anchorPointX": 0,
      "anchorPointY": 0,
      "classType": "Panel",
      "colorB": 255,
      "colorG": 255,
      "colorR": 255,
      "customProperty": "",
      "flipX": false,
      "flipY": false,
      "height": 720,
      "ignoreSize": false,
      "layoutParameter": null,
      "opacity": 255,
      "positionPercentX": 0,
      "positionPercentY": 0,
      "positionType": 0,
      "rotation": 0,
      "scaleX": 1,
      "scaleY": 1,
      "sizePercentX": 0,
      "sizePercentY": 0,
      "sizeType": 0,
      "tag": 42422,
      "touchAble": false,
      "useMergedTexture": false,
      "visible": true,
      "width": 1280,
      "x": 0,
      "y": 0,
      "adaptScreen": false,
      "backGroundImage": null,
      "backGroundImageData": {
        "path": "PvrCcz/m_bg/monster_bg.pvr.ccz",
        "plistFile": "",
        "resourceType": 0
      },
      "backGroundScale9Enable": false,
      "bgColorB": 255,
      "bgColorG": 200,
      "bgColorOpacity": 0,
      "bgColorR": 150,
      "bgEndColorB": 255,
      "bgEndColorG": 200,
      "bgEndColorR": 150,
      "bgStartColorB": 255,
      "bgStartColorG": 255,
      "bgStartColorR": 255,
      "capInsetsHeight": 1,
      "capInsetsWidth": 1,
      "capInsetsX": 0,
      "capInsetsY": 0,
      "clipAble": true,
      "colorType": 1,
      "layoutType": 0,
      "vectorX": 0,
      "vectorY": -0.5
    }
  }
}
