{
  "classname": null,
  "name": null,
  "animation": {
    "classname": null,
    "name": "AnimationManager",
    "actionlist": []
  },
  "dataScale": 1,
  "designHeight": 720,
  "designWidth": 1280,
  "textures": [],
  "version": "1.3.0.1",
  "widgetTree": {
    "classname": "Panel",
    "name": null,
    "children": [
      {
        "classname": "ImageView",
        "name": null,
        "children": [
          {
            "classname": "ImageView",
            "name": null,
            "children": [
              {
                "classname": "LabelBMFont",
                "name": null,
                "children": [],
                "options": {
                  "__type": "LabelBMFontSurrogate:#EditorCommon.JsonModel.Component.GUI",
                  "classname": "LabelBMFont",
                  "name": "lbl_lv",
                  "ZOrder": 0,
                  "actiontag": 40112,
                  "anchorPointX": 0.5,
                  "anchorPointY": 0.5,
                  "classType": "LabelBMFont",
                  "colorB": 255,
                  "colorG": 255,
                  "colorR": 255,
                  "customProperty": "",
                  "flipX": false,
                  "flipY": false,
                  "height": 32,
                  "ignoreSize": true,
                  "layoutParameter": null,
                  "opacity": 255,
                  "positionPercentX": 0,
                  "positionPercentY": 0,
                  "positionType": 0,
                  "rotation": 0,
                  "scaleX": 0.4,
                  "scaleY": 0.4,
                  "sizePercentX": 1.92857146,
                  "sizePercentY": 1.06666672,
                  "sizeType": 0,
                  "tag": 9531,
                  "touchAble": false,
                  "useMergedTexture": false,
                  "visible": true,
                  "width": 54,
                  "x": 0,
                  "y": 0,
                  "fileNameData": {
                    "path": "fonts/blackNumber.fnt",
                    "plistFile": "",
                    "resourceType": 0
                  },
                  "text": "99"
                }
              }
            ],
            "options": {
              "__type": "ImageViewSurrogate:#EditorCommon.JsonModel.Component.GUI",
              "classname": "ImageView",
              "name": "img_lv",
              "ZOrder": 1,
              "actiontag": 40111,
              "anchorPointX": 0.5,
              "anchorPointY": 0.5,
              "classType": "ImageView",
              "colorB": 255,
              "colorG": 255,
              "colorR": 255,
              "customProperty": "",
              "flipX": false,
              "flipY": false,
              "height": 30,
              "ignoreSize": true,
              "layoutParameter": null,
              "opacity": 255,
              "positionPercentX": 0.279069781,
              "positionPercentY": -0.290697664,
              "positionType": 0,
              "rotation": 0,
              "scaleX": 1,
              "scaleY": 1,
              "sizePercentX": 0.3255814,
              "sizePercentY": 0.3488372,
              "sizeType": 0,
              "tag": 9530,
              "touchAble": false,
              "useMergedTexture": false,
              "visible": true,
              "width": 28,
              "x": 24,
              "y": -25,
              "capInsetsHeight": 1,
              "capInsetsWidth": 1,
              "capInsetsX": 0,
              "capInsetsY": 0,
              "fileName": null,
              "fileNameData": {
                "path": "lv_red.png",
                "plistFile": "",
                "resourceType": 1
              },
              "scale9Enable": false,
              "scale9Height": 30,
              "scale9Width": 28
            }
          },
          {
            "classname": "LabelBMFont",
            "name": null,
            "children": [],
            "options": {
              "__type": "LabelBMFontSurrogate:#EditorCommon.JsonModel.Component.GUI",
              "classname": "LabelBMFont",
              "name": "lbl_num",
              "ZOrder": 1,
              "actiontag": 40110,
              "anchorPointX": 0,
              "anchorPointY": 0.5,
              "classType": "LabelBMFont",
              "colorB": 255,
              "colorG": 255,
              "colorR": 255,
              "customProperty": "",
              "flipX": false,
              "flipY": false,
              "height": 32,
              "ignoreSize": true,
              "layoutParameter": null,
              "opacity": 255,
              "positionPercentX": -0.441860467,
              "positionPercentY": 0.3604651,
              "positionType": 0,
              "rotation": 0,
              "scaleX": 0.45,
              "scaleY": 0.45,
              "sizePercentX": 0.627907,
              "sizePercentY": 0.372093022,
              "sizeType": 0,
              "tag": 9529,
              "touchAble": false,
              "useMergedTexture": false,
              "visible": true,
              "width": 54,
              "x": -38,
              "y": 31,
              "fileNameData": {
                "path": "fonts/blackNumber.fnt",
                "plistFile": "",
                "resourceType": 0
              },
              "text": "99"
            }
          },
          {
            "classname": "ImageView",
            "name": null,
            "children": [],
            "options": {
              "__type": "ImageViewSurrogate:#EditorCommon.JsonModel.Component.GUI",
              "classname": "ImageView",
              "name": "img_item",
              "ZOrder": 0,
              "actiontag": 40109,
              "anchorPointX": 0.5,
              "anchorPointY": 0.5,
              "classType": "ImageView",
              "colorB": 255,
              "colorG": 255,
              "colorR": 255,
              "customProperty": "",
              "flipX": false,
              "flipY": false,
              "height": 128,
              "ignoreSize": true,
              "layoutParameter": null,
              "opacity": 255,
              "positionPercentX": 0,
              "positionPercentY": 0,
              "positionType": 0,
              "rotation": 0,
              "scaleX": 1,
              "scaleY": 1,
              "sizePercentX": 1.48837209,
              "sizePercentY": 1.48837209,
              "sizeType": 0,
              "tag": 9528,
              "touchAble": false,
              "useMergedTexture": false,
              "visible": true,
              "width": 128,
              "x": 0,
              "y": 0,
              "capInsetsHeight": 1,
              "capInsetsWidth": 1,
              "capInsetsX": 0,
              "capInsetsY": 0,
              "fileName": null,
              "fileNameData": {
                "path": "monster001.png",
                "plistFile": "",
                "resourceType": 1
              },
              "scale9Enable": false,
              "scale9Height": 128,
              "scale9Width": 128
            }
          }
        ],
        "options": {
          "__type": "ImageViewSurrogate:#EditorCommon.JsonModel.Component.GUI",
          "classname": "ImageView",
          "name": "img_bg",
          "ZOrder": 0,
          "actiontag": 40108,
          "anchorPointX": 0.5,
          "anchorPointY": 0.5,
          "classType": "ImageView",
          "colorB": 255,
          "colorG": 255,
          "colorR": 255,
          "customProperty": "",
          "flipX": false,
          "flipY": false,
          "height": 86,
          "ignoreSize": true,
          "layoutParameter": null,
          "opacity": 255,
          "positionPercentX": 0.481818169,
          "positionPercentY": 0.481818169,
          "positionType": 0,
          "rotation": 0,
          "scaleX": 1,
          "scaleY": 1,
          "sizePercentX": 0.7818182,
          "sizePercentY": 0.7818182,
          "sizeType": 0,
          "tag": 9527,
          "touchAble": false,
          "useMergedTexture": false,
          "visible": true,
          "width": 86,
          "x": 53,
          "y": 53,
          "capInsetsHeight": 1,
          "capInsetsWidth": 1,
          "capInsetsX": 0,
          "capInsetsY": 0,
          "fileName": null,
          "fileNameData": {
            "path": "showbox.png",
            "plistFile": "",
            "resourceType": 1
          },
          "scale9Enable": false,
          "scale9Height": 86,
          "scale9Width": 86
        }
      }
    ],
    "options": {
      "__type": "PanelSurrogate:#EditorCommon.JsonModel.Component.GUI",
      "classname": "Panel",
      "name": "head_panel",
      "ZOrder": 0,
      "actiontag": -1,
      "anchorPointX": 0,
      "anchorPointY": 0,
      "classType": "Panel",
      "colorB": 255,
      "colorG": 255,
      "colorR": 255,
      "customProperty": "",
      "flipX": false,
      "flipY": false,
      "height": 110,
      "ignoreSize": false,
      "layoutParameter": null,
      "opacity": 255,
      "positionPercentX": 0,
      "positionPercentY": 0,
      "positionType": 0,
      "rotation": 0,
      "scaleX": 1,
      "scaleY": 1,
      "sizePercentX": 0,
      "sizePercentY": 0,
      "sizeType": 0,
      "tag": 9526,
      "touchAble": false,
      "useMergedTexture": false,
      "visible": true,
      "width": 110,
      "x": 0,
      "y": 0,
      "adaptScreen": false,
      "backGroundImage": null,
      "backGroundImageData": null,
      "backGroundScale9Enable": false,
      "bgColorB": 255,
      "bgColorG": 200,
      "bgColorOpacity": 0,
      "bgColorR": 150,
      "bgEndColorB": 255,
      "bgEndColorG": 200,
      "bgEndColorR": 150,
      "bgStartColorB": 255,
      "bgStartColorG": 255,
      "bgStartColorR": 255,
      "capInsetsHeight": 1,
      "capInsetsWidth": 1,
      "capInsetsX": 0,
      "capInsetsY": 0,
      "clipAble": false,
      "colorType": 1,
      "layoutType": 0,
      "vectorX": 0,
      "vectorY": -0.5
    }
  }
}
