{
  "classname": null,
  "name": null,
  "animation": {
    "classname": null,
    "name": "AnimationManager",
    "actionlist": []
  },
  "dataScale": 1,
  "designHeight": 720,
  "designWidth": 1280,
  "textures": [],
  "version": "1.3.0.1",
  "widgetTree": {
    "classname": "Panel",
    "name": null,
    "children": [
      {
        "classname": "ImageView",
        "name": null,
        "children": [
          {
            "classname": "ImageView",
            "name": null,
            "children": [
              {
                "classname": "ImageView",
                "name": null,
                "children": [],
                "options": {
                  "__type": "ImageViewSurrogate:#EditorCommon.JsonModel.Component.GUI",
                  "classname": "ImageView",
                  "name": "img_charge_jewel",
                  "ZOrder": 0,
                  "actiontag": 78279,
                  "anchorPointX": 0.5,
                  "anchorPointY": 0.5,
                  "classType": "ImageView",
                  "colorB": 255,
                  "colorG": 255,
                  "colorR": 255,
                  "customProperty": "",
                  "flipX": false,
                  "flipY": false,
                  "height": 89,
                  "ignoreSize": true,
                  "layoutParameter": null,
                  "opacity": 255,
                  "positionPercentX": 0.415789485,
                  "positionPercentY": 0.255384624,
                  "positionType": 0,
                  "rotation": 0,
                  "scaleX": 0.8,
                  "scaleY": 0.8,
                  "sizePercentX": 0.109210528,
                  "sizePercentY": 0.273846149,
                  "sizeType": 0,
                  "tag": 43651,
                  "touchAble": false,
                  "useMergedTexture": false,
                  "visible": true,
                  "width": 83,
                  "x": 316,
                  "y": 83,
                  "capInsetsHeight": 1,
                  "capInsetsWidth": 1,
                  "capInsetsX": 0,
                  "capInsetsY": 0,
                  "fileName": null,
                  "fileNameData": {
                    "path": "icon_jewel.png",
                    "plistFile": "",
                    "resourceType": 1
                  },
                  "scale9Enable": false,
                  "scale9Height": 89,
                  "scale9Width": 83
                }
              },
              {
                "classname": "Label",
                "name": null,
                "children": [],
                "options": {
                  "__type": "LabelSurrogate:#EditorCommon.JsonModel.Component.GUI",
                  "classname": "Label",
                  "name": "lbl_need_jewel_val",
                  "ZOrder": 0,
                  "actiontag": 88387,
                  "anchorPointX": 0,
                  "anchorPointY": 0.5,
                  "classType": "Label",
                  "colorB": 0,
                  "colorG": 0,
                  "colorR": 255,
                  "customProperty": "",
                  "flipX": false,
                  "flipY": false,
                  "height": 40,
                  "ignoreSize": true,
                  "layoutParameter": null,
                  "opacity": 255,
                  "positionPercentX": 0.485526323,
                  "positionPercentY": 0.261538476,
                  "positionType": 0,
                  "rotation": 0,
                  "scaleX": 1,
                  "scaleY": 1,
                  "sizePercentX": 0.0789473653,
                  "sizePercentY": 0.113846153,
                  "sizeType": 0,
                  "tag": 52441,
                  "touchAble": false,
                  "useMergedTexture": false,
                  "visible": true,
                  "width": 66,
                  "x": 369,
                  "y": 85,
                  "areaHeight": 0,
                  "areaWidth": 0,
                  "fontFile": null,
                  "fontName": "Britannic Bold.ttf",
                  "fontSize": 36,
                  "hAlignment": 0,
                  "text": "123",
                  "touchScaleEnable": false,
                  "vAlignment": 0
                }
              },
              {
                "classname": "Label",
                "name": null,
                "children": [],
                "options": {
                  "__type": "LabelSurrogate:#EditorCommon.JsonModel.Component.GUI",
                  "classname": "Label",
                  "name": "lbl_charge_msg",
                  "ZOrder": 0,
                  "actiontag": 78278,
                  "anchorPointX": 0.5,
                  "anchorPointY": 0.5,
                  "classType": "Label",
                  "colorB": 255,
                  "colorG": 255,
                  "colorR": 255,
                  "customProperty": "",
                  "flipX": false,
                  "flipY": false,
                  "height": 41,
                  "ignoreSize": true,
                  "layoutParameter": null,
                  "opacity": 255,
                  "positionPercentX": 0.5065789,
                  "positionPercentY": 0.03076923,
                  "positionType": 0,
                  "rotation": 0,
                  "scaleX": 1,
                  "scaleY": 1,
                  "sizePercentX": 0.568421066,
                  "sizePercentY": 0.113846153,
                  "sizeType": 0,
                  "tag": 43650,
                  "touchAble": false,
                  "useMergedTexture": false,
                  "visible": true,
                  "width": 432,
                  "x": 385,
                  "y": 10,
                  "areaHeight": 0,
                  "areaWidth": 0,
                  "fontFile": null,
                  "fontName": "FZDaBiaoSong-B06S.ttf",
                  "fontSize": 36,
                  "hAlignment": 0,
                  "text": "余额不足，是否立即充值？",
                  "touchScaleEnable": false,
                  "vAlignment": 0
                }
              },
              {
                "classname": "Button",
                "name": null,
                "children": [
                  {
                    "classname": "Label",
                    "name": null,
                    "children": [],
                    "options": {
                      "__type": "LabelSurrogate:#EditorCommon.JsonModel.Component.GUI",
                      "classname": "Label",
                      "name": "lbl_yes",
                      "ZOrder": 3,
                      "actiontag": 78011,
                      "anchorPointX": 0.5,
                      "anchorPointY": 0.5,
                      "classType": "Label",
                      "colorB": 255,
                      "colorG": 255,
                      "colorR": 255,
                      "customProperty": "",
                      "flipX": false,
                      "flipY": false,
                      "height": 41,
                      "ignoreSize": true,
                      "layoutParameter": null,
                      "opacity": 255,
                      "positionPercentX": 0,
                      "positionPercentY": 0.0259740259,
                      "positionType": 0,
                      "rotation": 0,
                      "scaleX": 1,
                      "scaleY": 1,
                      "sizePercentX": 0.5732484,
                      "sizePercentY": 0.480519474,
                      "sizeType": 0,
                      "tag": 43394,
                      "touchAble": false,
                      "useMergedTexture": false,
                      "visible": true,
                      "width": 96,
                      "x": 0,
                      "y": 2,
                      "areaHeight": 0,
                      "areaWidth": 0,
                      "fontFile": null,
                      "fontName": "FZDaBiaoSong-B06S.ttf",
                      "fontSize": 36,
                      "hAlignment": 0,
                      "text": "充  值",
                      "touchScaleEnable": false,
                      "vAlignment": 0
                    }
                  },
                  {
                    "classname": "Label",
                    "name": null,
                    "children": [],
                    "options": {
                      "__type": "LabelSurrogate:#EditorCommon.JsonModel.Component.GUI",
                      "classname": "Label",
                      "name": "lbl_yes_s",
                      "ZOrder": 2,
                      "actiontag": 78012,
                      "anchorPointX": 0.5,
                      "anchorPointY": 0.5,
                      "classType": "Label",
                      "colorB": 0,
                      "colorG": 0,
                      "colorR": 0,
                      "customProperty": "",
                      "flipX": false,
                      "flipY": false,
                      "height": 41,
                      "ignoreSize": true,
                      "layoutParameter": null,
                      "opacity": 255,
                      "positionPercentX": 0.01910828,
                      "positionPercentY": 0,
                      "positionType": 0,
                      "rotation": 0,
                      "scaleX": 1,
                      "scaleY": 1,
                      "sizePercentX": 0.5732484,
                      "sizePercentY": 0.480519474,
                      "sizeType": 0,
                      "tag": 43395,
                      "touchAble": false,
                      "useMergedTexture": false,
                      "visible": true,
                      "width": 96,
                      "x": 3,
                      "y": 0,
                      "areaHeight": 0,
                      "areaWidth": 0,
                      "fontFile": null,
                      "fontName": "FZDaBiaoSong-B06S.ttf",
                      "fontSize": 36,
                      "hAlignment": 0,
                      "text": "充  值",
                      "touchScaleEnable": false,
                      "vAlignment": 0
                    }
                  }
                ],
                "options": {
                  "__type": "ButtonSurrogate:#EditorCommon.JsonModel.Component.GUI",
                  "classname": "Button",
                  "name": "btn_charge",
                  "ZOrder": 1,
                  "actiontag": 78010,
                  "anchorPointX": 0.5,
                  "anchorPointY": 0.5,
                  "classType": "Button",
                  "colorB": 255,
                  "colorG": 255,
                  "colorR": 255,
                  "customProperty": "",
                  "flipX": false,
                  "flipY": false,
                  "height": 77,
                  "ignoreSize": true,
                  "layoutParameter": null,
                  "opacity": 255,
                  "positionPercentX": 0.493421048,
                  "positionPercentY": -0.236923084,
                  "positionType": 0,
                  "rotation": 0,
                  "scaleX": 1,
                  "scaleY": 1,
                  "sizePercentX": 0.20657894,
                  "sizePercentY": 0.236923084,
                  "sizeType": 0,
                  "tag": 43393,
                  "touchAble": true,
                  "useMergedTexture": false,
                  "visible": true,
                  "width": 157,
                  "x": 375,
                  "y": -77,
                  "capInsetsHeight": 1,
                  "capInsetsWidth": 1,
                  "capInsetsX": 0,
                  "capInsetsY": 0,
                  "disabled": null,
                  "disabledData": {
                    "path": "btn_brown_disabled.png",
                    "plistFile": "",
                    "resourceType": 1
                  },
                  "fontName": "微软雅黑",
                  "fontSize": 14,
                  "fontType": 0,
                  "normal": null,
                  "normalData": {
                    "path": "btn_brown.png",
                    "plistFile": "",
                    "resourceType": 1
                  },
                  "pressed": null,
                  "pressedData": {
                    "path": "btn_brown_pressed.png",
                    "plistFile": "",
                    "resourceType": 1
                  },
                  "scale9Enable": false,
                  "scale9Height": 77,
                  "scale9Width": 157,
                  "text": "",
                  "textColorB": 255,
                  "textColorG": 255,
                  "textColorR": 255
                }
              },
              {
                "classname": "Button",
                "name": null,
                "children": [],
                "options": {
                  "__type": "ButtonSurrogate:#EditorCommon.JsonModel.Component.GUI",
                  "classname": "Button",
                  "name": "btn_close_charge",
                  "ZOrder": 0,
                  "actiontag": 78281,
                  "anchorPointX": 0.5,
                  "anchorPointY": 0.5,
                  "classType": "Button",
                  "colorB": 255,
                  "colorG": 255,
                  "colorR": 255,
                  "customProperty": "",
                  "flipX": false,
                  "flipY": false,
                  "height": 140,
                  "ignoreSize": true,
                  "layoutParameter": null,
                  "opacity": 255,
                  "positionPercentX": 0.9657895,
                  "positionPercentY": 0.375384629,
                  "positionType": 0,
                  "rotation": 0,
                  "scaleX": 0.68,
                  "scaleY": 0.68,
                  "sizePercentX": 0.182894737,
                  "sizePercentY": 0.430769235,
                  "sizeType": 0,
                  "tag": 43653,
                  "touchAble": true,
                  "useMergedTexture": false,
                  "visible": true,
                  "width": 139,
                  "x": 734,
                  "y": 122,
                  "capInsetsHeight": 1,
                  "capInsetsWidth": 1,
                  "capInsetsX": 0,
                  "capInsetsY": 0,
                  "disabled": null,
                  "disabledData": {
                    "path": null,
                    "plistFile": null,
                    "resourceType": 0
                  },
                  "fontName": "微软雅黑",
                  "fontSize": 14,
                  "fontType": 0,
                  "normal": null,
                  "normalData": {
                    "path": "btn_close.png",
                    "plistFile": "",
                    "resourceType": 1
                  },
                  "pressed": null,
                  "pressedData": {
                    "path": "btn_close_pressed.png",
                    "plistFile": "",
                    "resourceType": 1
                  },
                  "scale9Enable": false,
                  "scale9Height": 140,
                  "scale9Width": 139,
                  "text": "",
                  "textColorB": 255,
                  "textColorG": 255,
                  "textColorR": 255
                }
              }
            ],
            "options": {
              "__type": "ImageViewSurrogate:#EditorCommon.JsonModel.Component.GUI",
              "classname": "ImageView",
              "name": "img_charge_bar",
              "ZOrder": 0,
              "actiontag": 78004,
              "anchorPointX": 0,
              "anchorPointY": 0.5,
              "classType": "ImageView",
              "colorB": 255,
              "colorG": 255,
              "colorR": 255,
              "customProperty": "",
              "flipX": false,
              "flipY": false,
              "height": 325,
              "ignoreSize": false,
              "layoutParameter": null,
              "opacity": 255,
              "positionPercentX": -0.5277778,
              "positionPercentY": -0.0178571437,
              "positionType": 0,
              "rotation": 0,
              "scaleX": 1,
              "scaleY": 1,
              "sizePercentX": 1.05555558,
              "sizePercentY": 1.16071427,
              "sizeType": 0,
              "tag": 43387,
              "touchAble": false,
              "useMergedTexture": false,
              "visible": true,
              "width": 760,
              "x": -380,
              "y": -5,
              "capInsetsHeight": 1,
              "capInsetsWidth": 200,
              "capInsetsX": 0,
              "capInsetsY": 0,
              "fileName": null,
              "fileNameData": {
                "path": "PvrCcz/m_bg/lvup_bg.pvr.ccz",
                "plistFile": "",
                "resourceType": 0
              },
              "scale9Enable": false,
              "scale9Height": 325,
              "scale9Width": 760
            }
          }
        ],
        "options": {
          "__type": "ImageViewSurrogate:#EditorCommon.JsonModel.Component.GUI",
          "classname": "ImageView",
          "name": "img_charge_bg",
          "ZOrder": 0,
          "actiontag": 78047,
          "anchorPointX": 0.5,
          "anchorPointY": 0.5,
          "classType": "ImageView",
          "colorB": 255,
          "colorG": 255,
          "colorR": 255,
          "customProperty": "",
          "flipX": false,
          "flipY": false,
          "height": 280,
          "ignoreSize": false,
          "layoutParameter": null,
          "opacity": 220,
          "positionPercentX": 0.384375,
          "positionPercentY": 0.3986111,
          "positionType": 0,
          "rotation": 0,
          "scaleX": 1,
          "scaleY": 1,
          "sizePercentX": 0.5625,
          "sizePercentY": 0.3888889,
          "sizeType": 0,
          "tag": 43430,
          "touchAble": false,
          "useMergedTexture": false,
          "visible": true,
          "width": 720,
          "x": 492,
          "y": 287,
          "capInsetsHeight": 1,
          "capInsetsWidth": 1,
          "capInsetsX": 0,
          "capInsetsY": 0,
          "fileName": null,
          "fileNameData": {
            "path": "pic_view_00.png",
            "plistFile": "",
            "resourceType": 1
          },
          "scale9Enable": false,
          "scale9Height": 280,
          "scale9Width": 720
        }
      }
    ],
    "options": {
      "__type": "PanelSurrogate:#EditorCommon.JsonModel.Component.GUI",
      "classname": "Panel",
      "name": "pub_panel",
      "ZOrder": 0,
      "actiontag": -1,
      "anchorPointX": 0,
      "anchorPointY": 0,
      "classType": "Panel",
      "colorB": 255,
      "colorG": 255,
      "colorR": 255,
      "customProperty": "",
      "flipX": false,
      "flipY": false,
      "height": 720,
      "ignoreSize": false,
      "layoutParameter": null,
      "opacity": 255,
      "positionPercentX": 0,
      "positionPercentY": 0,
      "positionType": 0,
      "rotation": 0,
      "scaleX": 1,
      "scaleY": 1,
      "sizePercentX": 0,
      "sizePercentY": 0,
      "sizeType": 0,
      "tag": 42422,
      "touchAble": true,
      "useMergedTexture": false,
      "visible": true,
      "width": 1280,
      "x": 0,
      "y": 0,
      "adaptScreen": false,
      "backGroundImage": null,
      "backGroundImageData": null,
      "backGroundScale9Enable": false,
      "bgColorB": 255,
      "bgColorG": 200,
      "bgColorOpacity": 0,
      "bgColorR": 150,
      "bgEndColorB": 255,
      "bgEndColorG": 200,
      "bgEndColorR": 150,
      "bgStartColorB": 255,
      "bgStartColorG": 255,
      "bgStartColorR": 255,
      "capInsetsHeight": 1,
      "capInsetsWidth": 1,
      "capInsetsX": 0,
      "capInsetsY": 0,
      "clipAble": true,
      "colorType": 1,
      "layoutType": 0,
      "vectorX": 0,
      "vectorY": -0.5
    }
  }
}
