{
  "classname": null,
  "name": null,
  "animation": {
    "classname": null,
    "name": "AnimationManager",
    "actionlist": []
  },
  "dataScale": 1,
  "designHeight": 720,
  "designWidth": 1280,
  "textures": [],
  "version": "1.3.0.1",
  "widgetTree": {
    "classname": "Panel",
    "name": null,
    "children": [
      {
        "classname": "ImageView",
        "name": null,
        "children": [],
        "options": {
          "__type": "ImageViewSurrogate:#EditorCommon.JsonModel.Component.GUI",
          "classname": "ImageView",
          "name": "img_panel_bg",
          "ZOrder": 0,
          "actiontag": 110773,
          "anchorPointX": 0.5,
          "anchorPointY": 0.5,
          "classType": "ImageView",
          "colorB": 255,
          "colorG": 255,
          "colorR": 255,
          "customProperty": "",
          "flipX": false,
          "flipY": false,
          "height": 712,
          "ignoreSize": true,
          "layoutParameter": null,
          "opacity": 255,
          "positionPercentX": 0.500781238,
          "positionPercentY": 0.519444466,
          "positionType": 0,
          "rotation": 0,
          "scaleX": 0.82,
          "scaleY": 0.84,
          "sizePercentX": 0.7523438,
          "sizePercentY": 0.98888886,
          "sizeType": 0,
          "tag": 72354,
          "touchAble": false,
          "useMergedTexture": false,
          "visible": true,
          "width": 963,
          "x": 641,
          "y": 374,
          "capInsetsHeight": 1,
          "capInsetsWidth": 1,
          "capInsetsX": 0,
          "capInsetsY": 0,
          "fileName": null,
          "fileNameData": {
            "path": "PvrCcz/m_bg/bg.pvr.ccz",
            "plistFile": "",
            "resourceType": 0
          },
          "scale9Enable": false,
          "scale9Height": 712,
          "scale9Width": 963
        }
      },
      {
        "classname": "Button",
        "name": null,
        "children": [],
        "options": {
          "__type": "ButtonSurrogate:#EditorCommon.JsonModel.Component.GUI",
          "classname": "Button",
          "name": "btn_close",
          "ZOrder": 2,
          "actiontag": 110782,
          "anchorPointX": 0.5,
          "anchorPointY": 0.5,
          "classType": "Button",
          "colorB": 255,
          "colorG": 255,
          "colorR": 255,
          "customProperty": "",
          "flipX": false,
          "flipY": false,
          "height": 140,
          "ignoreSize": true,
          "layoutParameter": null,
          "opacity": 255,
          "positionPercentX": 0.7875,
          "positionPercentY": 0.8763889,
          "positionType": 0,
          "rotation": 0,
          "scaleX": 0.7,
          "scaleY": 0.7,
          "sizePercentX": 0.108593747,
          "sizePercentY": 0.194444448,
          "sizeType": 0,
          "tag": 72363,
          "touchAble": true,
          "useMergedTexture": false,
          "visible": true,
          "width": 139,
          "x": 1008,
          "y": 631,
          "capInsetsHeight": 0,
          "capInsetsWidth": 0,
          "capInsetsX": 0,
          "capInsetsY": 0,
          "disabled": null,
          "disabledData": {
            "path": null,
            "plistFile": null,
            "resourceType": 0
          },
          "fontName": "微软雅黑",
          "fontSize": 14,
          "fontType": 0,
          "normal": null,
          "normalData": {
            "path": "btn_close.png",
            "plistFile": "",
            "resourceType": 1
          },
          "pressed": null,
          "pressedData": {
            "path": "btn_close_pressed.png",
            "plistFile": "",
            "resourceType": 1
          },
          "scale9Enable": false,
          "scale9Height": 140,
          "scale9Width": 139,
          "text": "",
          "textColorB": 255,
          "textColorG": 255,
          "textColorR": 255
        }
      },
      {
        "classname": "ImageView",
        "name": null,
        "children": [],
        "options": {
          "__type": "ImageViewSurrogate:#EditorCommon.JsonModel.Component.GUI",
          "classname": "ImageView",
          "name": "img_loading",
          "ZOrder": 1,
          "actiontag": 110951,
          "anchorPointX": 0.5,
          "anchorPointY": 0.5,
          "classType": "ImageView",
          "colorB": 22,
          "colorG": 49,
          "colorR": 83,
          "customProperty": "",
          "flipX": true,
          "flipY": false,
          "height": 64,
          "ignoreSize": true,
          "layoutParameter": null,
          "opacity": 255,
          "positionPercentX": 0.4953125,
          "positionPercentY": 0.4625,
          "positionType": 0,
          "rotation": 0,
          "scaleX": 1.5,
          "scaleY": 1.5,
          "sizePercentX": 0.05,
          "sizePercentY": 0.08888889,
          "sizeType": 0,
          "tag": 72530,
          "touchAble": false,
          "useMergedTexture": false,
          "visible": true,
          "width": 64,
          "x": 634,
          "y": 333,
          "capInsetsHeight": 1,
          "capInsetsWidth": 1,
          "capInsetsX": 0,
          "capInsetsY": 0,
          "fileName": null,
          "fileNameData": {
            "path": "white_circle.png",
            "plistFile": "",
            "resourceType": 1
          },
          "scale9Enable": false,
          "scale9Height": 64,
          "scale9Width": 64
        }
      },
      {
        "classname": "Panel",
        "name": null,
        "children": [
          {
            "classname": "Label",
            "name": null,
            "children": [],
            "options": {
              "__type": "LabelSurrogate:#EditorCommon.JsonModel.Component.GUI",
              "classname": "Label",
              "name": "lbl_team",
              "ZOrder": 1,
              "actiontag": 110838,
              "anchorPointX": 0,
              "anchorPointY": 0.5,
              "classType": "Label",
              "colorB": 22,
              "colorG": 49,
              "colorR": 83,
              "customProperty": "",
              "flipX": false,
              "flipY": false,
              "height": 36,
              "ignoreSize": true,
              "layoutParameter": null,
              "opacity": 255,
              "positionPercentX": 0.027777778,
              "positionPercentY": 0.6730769,
              "positionType": 0,
              "rotation": 0,
              "scaleX": 1,
              "scaleY": 1,
              "sizePercentX": 0.147222221,
              "sizePercentY": 0.06923077,
              "sizeType": 0,
              "tag": 72419,
              "touchAble": false,
              "useMergedTexture": false,
              "visible": false,
              "width": 106,
              "x": 20,
              "y": 350,
              "areaHeight": 0,
              "areaWidth": 0,
              "fontFile": null,
              "fontName": "FZDaBiaoSong-B06S.ttf",
              "fontSize": 32,
              "hAlignment": 0,
              "text": "冒险队:",
              "touchScaleEnable": false,
              "vAlignment": 0
            }
          },
          {
            "classname": "Label",
            "name": null,
            "children": [],
            "options": {
              "__type": "LabelSurrogate:#EditorCommon.JsonModel.Component.GUI",
              "classname": "Label",
              "name": "lbl_digPt",
              "ZOrder": 1,
              "actiontag": 110780,
              "anchorPointX": 0,
              "anchorPointY": 0.5,
              "classType": "Label",
              "colorB": 22,
              "colorG": 49,
              "colorR": 83,
              "customProperty": "",
              "flipX": false,
              "flipY": false,
              "height": 36,
              "ignoreSize": true,
              "layoutParameter": null,
              "opacity": 255,
              "positionPercentX": 0.7361111,
              "positionPercentY": 0.711538434,
              "positionType": 0,
              "rotation": 0,
              "scaleX": 1,
              "scaleY": 1,
              "sizePercentX": 0.0833333358,
              "sizePercentY": 0.06923077,
              "sizeType": 0,
              "tag": 72361,
              "touchAble": false,
              "useMergedTexture": false,
              "visible": true,
              "width": 60,
              "x": 530,
              "y": 370,
              "areaHeight": 0,
              "areaWidth": 0,
              "fontFile": null,
              "fontName": "Britannic Bold.ttf",
              "fontSize": 32,
              "hAlignment": 0,
              "text": "999",
              "touchScaleEnable": false,
              "vAlignment": 0
            }
          },
          {
            "classname": "Label",
            "name": null,
            "children": [],
            "options": {
              "__type": "LabelSurrogate:#EditorCommon.JsonModel.Component.GUI",
              "classname": "Label",
              "name": "lbl_digPt_txt",
              "ZOrder": 1,
              "actiontag": 110784,
              "anchorPointX": 0,
              "anchorPointY": 0.5,
              "classType": "Label",
              "colorB": 22,
              "colorG": 49,
              "colorR": 83,
              "customProperty": "",
              "flipX": false,
              "flipY": false,
              "height": 32,
              "ignoreSize": true,
              "layoutParameter": null,
              "opacity": 255,
              "positionPercentX": 0.591666639,
              "positionPercentY": 0.7096154,
              "positionType": 0,
              "rotation": 0,
              "scaleX": 1,
              "scaleY": 1,
              "sizePercentX": 0.129166663,
              "sizePercentY": 0.06153846,
              "sizeType": 0,
              "tag": 72365,
              "touchAble": false,
              "useMergedTexture": false,
              "visible": true,
              "width": 93,
              "x": 426,
              "y": 369,
              "areaHeight": 0,
              "areaWidth": 0,
              "fontFile": null,
              "fontName": "FZDaBiaoSong-B06S.ttf",
              "fontSize": 28,
              "hAlignment": 0,
              "text": "挖掘值:",
              "touchScaleEnable": false,
              "vAlignment": 0
            }
          },
          {
            "classname": "Label",
            "name": null,
            "children": [],
            "options": {
              "__type": "LabelSurrogate:#EditorCommon.JsonModel.Component.GUI",
              "classname": "Label",
              "name": "lbl_atkCap",
              "ZOrder": 1,
              "actiontag": 110783,
              "anchorPointX": 0,
              "anchorPointY": 0.5,
              "classType": "Label",
              "colorB": 22,
              "colorG": 49,
              "colorR": 83,
              "customProperty": "",
              "flipX": false,
              "flipY": false,
              "height": 36,
              "ignoreSize": true,
              "layoutParameter": null,
              "opacity": 255,
              "positionPercentX": 0.333333343,
              "positionPercentY": 0.7096154,
              "positionType": 0,
              "rotation": 0,
              "scaleX": 1,
              "scaleY": 1,
              "sizePercentX": 0.0833333358,
              "sizePercentY": 0.06923077,
              "sizeType": 0,
              "tag": 72364,
              "touchAble": false,
              "useMergedTexture": false,
              "visible": true,
              "width": 60,
              "x": 240,
              "y": 369,
              "areaHeight": 0,
              "areaWidth": 0,
              "fontFile": null,
              "fontName": "Britannic Bold.ttf",
              "fontSize": 32,
              "hAlignment": 0,
              "text": "999",
              "touchScaleEnable": false,
              "vAlignment": 0
            }
          },
          {
            "classname": "Label",
            "name": null,
            "children": [],
            "options": {
              "__type": "LabelSurrogate:#EditorCommon.JsonModel.Component.GUI",
              "classname": "Label",
              "name": "lbl_atkCap_txt",
              "ZOrder": 1,
              "actiontag": 110779,
              "anchorPointX": 0,
              "anchorPointY": 0.5,
              "classType": "Label",
              "colorB": 22,
              "colorG": 49,
              "colorR": 83,
              "customProperty": "",
              "flipX": false,
              "flipY": false,
              "height": 32,
              "ignoreSize": true,
              "layoutParameter": null,
              "opacity": 255,
              "positionPercentX": 0.184722215,
              "positionPercentY": 0.7096154,
              "positionType": 0,
              "rotation": 0,
              "scaleX": 1,
              "scaleY": 1,
              "sizePercentX": 0.129166663,
              "sizePercentY": 0.06153846,
              "sizeType": 0,
              "tag": 72360,
              "touchAble": false,
              "useMergedTexture": false,
              "visible": true,
              "width": 93,
              "x": 133,
              "y": 369,
              "areaHeight": 0,
              "areaWidth": 0,
              "fontFile": null,
              "fontName": "FZDaBiaoSong-B06S.ttf",
              "fontSize": 28,
              "hAlignment": 0,
              "text": "战斗力:",
              "touchScaleEnable": false,
              "vAlignment": 0
            }
          },
          {
            "classname": "ImageView",
            "name": null,
            "children": [
              {
                "classname": "LabelBMFont",
                "name": null,
                "children": [],
                "options": {
                  "__type": "LabelBMFontSurrogate:#EditorCommon.JsonModel.Component.GUI",
                  "classname": "LabelBMFont",
                  "name": "lbl_elo",
                  "ZOrder": 0,
                  "actiontag": 133567,
                  "anchorPointX": 0.5,
                  "anchorPointY": 0.5,
                  "classType": "LabelBMFont",
                  "colorB": 255,
                  "colorG": 255,
                  "colorR": 255,
                  "customProperty": "",
                  "flipX": false,
                  "flipY": false,
                  "height": 32,
                  "ignoreSize": true,
                  "layoutParameter": null,
                  "opacity": 255,
                  "positionPercentX": 0.0222222228,
                  "positionPercentY": -0.75,
                  "positionType": 0,
                  "rotation": 0,
                  "scaleX": 0.75,
                  "scaleY": 0.75,
                  "sizePercentX": 1.65555561,
                  "sizePercentY": 0.5714286,
                  "sizeType": 0,
                  "tag": 92681,
                  "touchAble": false,
                  "useMergedTexture": false,
                  "visible": true,
                  "width": 149,
                  "x": 2,
                  "y": -42,
                  "fileNameData": {
                    "path": "fonts/orangeNum.fnt",
                    "plistFile": "",
                    "resourceType": 0
                  },
                  "text": "123456"
                }
              }
            ],
            "options": {
              "__type": "ImageViewSurrogate:#EditorCommon.JsonModel.Component.GUI",
              "classname": "ImageView",
              "name": "img_elo",
              "ZOrder": 1,
              "actiontag": 110776,
              "anchorPointX": 0.5,
              "anchorPointY": 0.5,
              "classType": "ImageView",
              "colorB": 255,
              "colorG": 255,
              "colorR": 255,
              "customProperty": "",
              "flipX": false,
              "flipY": false,
              "height": 56,
              "ignoreSize": false,
              "layoutParameter": null,
              "opacity": 255,
              "positionPercentX": 0.894444466,
              "positionPercentY": 0.9288462,
              "positionType": 0,
              "rotation": 0,
              "scaleX": 1,
              "scaleY": 1,
              "sizePercentX": 0.125,
              "sizePercentY": 0.107692309,
              "sizeType": 0,
              "tag": 72357,
              "touchAble": false,
              "useMergedTexture": false,
              "visible": true,
              "width": 90,
              "x": 644,
              "y": 483,
              "capInsetsHeight": 1,
              "capInsetsWidth": 1,
              "capInsetsX": 0,
              "capInsetsY": 0,
              "fileName": null,
              "fileNameData": {
                "path": "elo.png",
                "plistFile": "",
                "resourceType": 1
              },
              "scale9Enable": false,
              "scale9Height": 56,
              "scale9Width": 90
            }
          },
          {
            "classname": "Label",
            "name": null,
            "children": [],
            "options": {
              "__type": "LabelSurrogate:#EditorCommon.JsonModel.Component.GUI",
              "classname": "Label",
              "name": "lbl_club",
              "ZOrder": 1,
              "actiontag": 110837,
              "anchorPointX": 0.5,
              "anchorPointY": 0.5,
              "classType": "Label",
              "colorB": 22,
              "colorG": 49,
              "colorR": 83,
              "customProperty": "",
              "flipX": false,
              "flipY": false,
              "height": 36,
              "ignoreSize": true,
              "layoutParameter": null,
              "opacity": 255,
              "positionPercentX": 0.5,
              "positionPercentY": 0.828846157,
              "positionType": 0,
              "rotation": 0,
              "scaleX": 1,
              "scaleY": 1,
              "sizePercentX": 0.4138889,
              "sizePercentY": 0.06923077,
              "sizeType": 0,
              "tag": 72418,
              "touchAble": false,
              "useMergedTexture": false,
              "visible": true,
              "width": 298,
              "x": 360,
              "y": 431,
              "areaHeight": 0,
              "areaWidth": 0,
              "fontFile": null,
              "fontName": "FZDaBiaoSong-B06S.ttf",
              "fontSize": 32,
              "hAlignment": 0,
              "text": "<职业玩家培训基地>",
              "touchScaleEnable": false,
              "vAlignment": 0
            }
          },
          {
            "classname": "ImageView",
            "name": null,
            "children": [
              {
                "classname": "Label",
                "name": null,
                "children": [],
                "options": {
                  "__type": "LabelSurrogate:#EditorCommon.JsonModel.Component.GUI",
                  "classname": "Label",
                  "name": "lbl_username",
                  "ZOrder": 1,
                  "actiontag": 110775,
                  "anchorPointX": 0.5,
                  "anchorPointY": 0.5,
                  "classType": "Label",
                  "colorB": 22,
                  "colorG": 49,
                  "colorR": 83,
                  "customProperty": "",
                  "flipX": false,
                  "flipY": false,
                  "height": 36,
                  "ignoreSize": true,
                  "layoutParameter": null,
                  "opacity": 255,
                  "positionPercentX": 0,
                  "positionPercentY": -0.0227272734,
                  "positionType": 0,
                  "rotation": 0,
                  "scaleX": 1,
                  "scaleY": 1,
                  "sizePercentX": 0.4037855,
                  "sizePercentY": 0.8181818,
                  "sizeType": 0,
                  "tag": 72356,
                  "touchAble": false,
                  "useMergedTexture": false,
                  "visible": true,
                  "width": 128,
                  "x": 0,
                  "y": -1,
                  "areaHeight": 0,
                  "areaWidth": 0,
                  "fontFile": null,
                  "fontName": "FZDaBiaoSong-B06S.ttf",
                  "fontSize": 32,
                  "hAlignment": 0,
                  "text": "职业玩家",
                  "touchScaleEnable": false,
                  "vAlignment": 0
                }
              }
            ],
            "options": {
              "__type": "ImageViewSurrogate:#EditorCommon.JsonModel.Component.GUI",
              "classname": "ImageView",
              "name": "img_name_bg",
              "ZOrder": 0,
              "actiontag": 133568,
              "anchorPointX": 0.5,
              "anchorPointY": 0.5,
              "classType": "ImageView",
              "colorB": 255,
              "colorG": 255,
              "colorR": 255,
              "customProperty": "",
              "flipX": false,
              "flipY": false,
              "height": 44,
              "ignoreSize": true,
              "layoutParameter": null,
              "opacity": 255,
              "positionPercentX": 0.480555564,
              "positionPercentY": 0.9288462,
              "positionType": 0,
              "rotation": 0,
              "scaleX": 1,
              "scaleY": 1,
              "sizePercentX": 0.440277785,
              "sizePercentY": 0.08461539,
              "sizeType": 0,
              "tag": 92682,
              "touchAble": false,
              "useMergedTexture": false,
              "visible": true,
              "width": 317,
              "x": 346,
              "y": 483,
              "capInsetsHeight": 1,
              "capInsetsWidth": 1,
              "capInsetsX": 0,
              "capInsetsY": 0,
              "fileName": null,
              "fileNameData": {
                "path": "heroname_bg.png",
                "plistFile": "",
                "resourceType": 1
              },
              "scale9Enable": false,
              "scale9Height": 44,
              "scale9Width": 317
            }
          },
          {
            "classname": "ImageView",
            "name": null,
            "children": [
              {
                "classname": "LabelBMFont",
                "name": null,
                "children": [],
                "options": {
                  "__type": "LabelBMFontSurrogate:#EditorCommon.JsonModel.Component.GUI",
                  "classname": "LabelBMFont",
                  "name": "lbl_licence",
                  "ZOrder": 0,
                  "actiontag": 110778,
                  "anchorPointX": 0.5,
                  "anchorPointY": 0.5,
                  "classType": "LabelBMFont",
                  "colorB": 255,
                  "colorG": 255,
                  "colorR": 255,
                  "customProperty": "",
                  "flipX": false,
                  "flipY": false,
                  "height": 32,
                  "ignoreSize": true,
                  "layoutParameter": null,
                  "opacity": 255,
                  "positionPercentX": 0,
                  "positionPercentY": 0.08571429,
                  "positionType": 0,
                  "rotation": 0,
                  "scaleX": 1,
                  "scaleY": 1,
                  "sizePercentX": 0.31764707,
                  "sizePercentY": 0.3137255,
                  "sizeType": 0,
                  "tag": 72359,
                  "touchAble": false,
                  "useMergedTexture": false,
                  "visible": true,
                  "width": 27,
                  "x": 0,
                  "y": 12,
                  "fileNameData": {
                    "path": "fonts/orangeNum.fnt",
                    "plistFile": "",
                    "resourceType": 0
                  },
                  "text": "9"
                }
              }
            ],
            "options": {
              "__type": "ImageViewSurrogate:#EditorCommon.JsonModel.Component.GUI",
              "classname": "ImageView",
              "name": "img_licence",
              "ZOrder": 1,
              "actiontag": 110774,
              "anchorPointX": 0.5,
              "anchorPointY": 0.5,
              "classType": "ImageView",
              "colorB": 255,
              "colorG": 255,
              "colorR": 255,
              "customProperty": "",
              "flipX": false,
              "flipY": false,
              "height": 140,
              "ignoreSize": true,
              "layoutParameter": null,
              "opacity": 255,
              "positionPercentX": 0.108333334,
              "positionPercentY": 0.882692337,
              "positionType": 0,
              "rotation": 0,
              "scaleX": 0.9,
              "scaleY": 0.9,
              "sizePercentX": 0.118055552,
              "sizePercentY": 0.196153849,
              "sizeType": 0,
              "tag": 72355,
              "touchAble": false,
              "useMergedTexture": false,
              "visible": true,
              "width": 168,
              "x": 78,
              "y": 459,
              "capInsetsHeight": 1,
              "capInsetsWidth": 1,
              "capInsetsX": 0,
              "capInsetsY": 0,
              "fileName": null,
              "fileNameData": {
                "path": "digLv.png",
                "plistFile": "",
                "resourceType": 1
              },
              "scale9Enable": false,
              "scale9Height": 140,
              "scale9Width": 168
            }
          },
          {
            "classname": "Panel",
            "name": null,
            "children": [],
            "options": {
              "__type": "PanelSurrogate:#EditorCommon.JsonModel.Component.GUI",
              "classname": "Panel",
              "name": "hero_list",
              "ZOrder": 1,
              "actiontag": 110785,
              "anchorPointX": 0,
              "anchorPointY": 0,
              "classType": "Panel",
              "colorB": 255,
              "colorG": 255,
              "colorR": 255,
              "customProperty": "",
              "flipX": false,
              "flipY": false,
              "height": 327,
              "ignoreSize": false,
              "layoutParameter": null,
              "opacity": 255,
              "positionPercentX": 0.101388887,
              "positionPercentY": 0.0173076931,
              "positionType": 0,
              "rotation": 0,
              "scaleX": 1,
              "scaleY": 1,
              "sizePercentX": 0.8194444,
              "sizePercentY": 0.628846169,
              "sizeType": 0,
              "tag": 72366,
              "touchAble": false,
              "useMergedTexture": false,
              "visible": true,
              "width": 590,
              "x": 73,
              "y": 9,
              "adaptScreen": false,
              "backGroundImage": null,
              "backGroundImageData": null,
              "backGroundScale9Enable": false,
              "bgColorB": 255,
              "bgColorG": 200,
              "bgColorOpacity": 0,
              "bgColorR": 150,
              "bgEndColorB": 255,
              "bgEndColorG": 200,
              "bgEndColorR": 150,
              "bgStartColorB": 255,
              "bgStartColorG": 255,
              "bgStartColorR": 255,
              "capInsetsHeight": 1,
              "capInsetsWidth": 1,
              "capInsetsX": 0,
              "capInsetsY": 0,
              "clipAble": false,
              "colorType": 1,
              "layoutType": 2,
              "vectorX": 0,
              "vectorY": -0.5
            }
          },
          {
            "classname": "ImageView",
            "name": null,
            "children": [],
            "options": {
              "__type": "ImageViewSurrogate:#EditorCommon.JsonModel.Component.GUI",
              "classname": "ImageView",
              "name": "img_split",
              "ZOrder": 0,
              "actiontag": 110839,
              "anchorPointX": 0.5,
              "anchorPointY": 0.5,
              "classType": "ImageView",
              "colorB": 255,
              "colorG": 255,
              "colorR": 255,
              "customProperty": "",
              "flipX": false,
              "flipY": false,
              "height": 8,
              "ignoreSize": true,
              "layoutParameter": null,
              "opacity": 255,
              "positionPercentX": 0.5013889,
              "positionPercentY": 0.778846145,
              "positionType": 0,
              "rotation": 0,
              "scaleX": 0.75,
              "scaleY": 0.8,
              "sizePercentX": 0.94305557,
              "sizePercentY": 0.0153846154,
              "sizeType": 0,
              "tag": 72420,
              "touchAble": false,
              "useMergedTexture": false,
              "visible": true,
              "width": 679,
              "x": 361,
              "y": 405,
              "capInsetsHeight": 1,
              "capInsetsWidth": 1,
              "capInsetsX": 0,
              "capInsetsY": 0,
              "fileName": null,
              "fileNameData": {
                "path": "splitline.png",
                "plistFile": "",
                "resourceType": 1
              },
              "scale9Enable": false,
              "scale9Height": 8,
              "scale9Width": 679
            }
          }
        ],
        "options": {
          "__type": "PanelSurrogate:#EditorCommon.JsonModel.Component.GUI",
          "classname": "Panel",
          "name": "detail_panel",
          "ZOrder": 1,
          "actiontag": 110950,
          "anchorPointX": 0,
          "anchorPointY": 0,
          "classType": "Panel",
          "colorB": 255,
          "colorG": 255,
          "colorR": 255,
          "customProperty": "",
          "flipX": false,
          "flipY": false,
          "height": 520,
          "ignoreSize": false,
          "layoutParameter": null,
          "opacity": 255,
          "positionPercentX": 0.217968747,
          "positionPercentY": 0.152777776,
          "positionType": 0,
          "rotation": 0,
          "scaleX": 1,
          "scaleY": 1,
          "sizePercentX": 0.5625,
          "sizePercentY": 0.7222222,
          "sizeType": 0,
          "tag": 72529,
          "touchAble": false,
          "useMergedTexture": false,
          "visible": true,
          "width": 720,
          "x": 279,
          "y": 110,
          "adaptScreen": false,
          "backGroundImage": null,
          "backGroundImageData": null,
          "backGroundScale9Enable": false,
          "bgColorB": 255,
          "bgColorG": 200,
          "bgColorOpacity": 0,
          "bgColorR": 150,
          "bgEndColorB": 255,
          "bgEndColorG": 200,
          "bgEndColorR": 150,
          "bgStartColorB": 255,
          "bgStartColorG": 255,
          "bgStartColorR": 255,
          "capInsetsHeight": 1,
          "capInsetsWidth": 1,
          "capInsetsX": 0,
          "capInsetsY": 0,
          "clipAble": false,
          "colorType": 1,
          "layoutType": 0,
          "vectorX": 0,
          "vectorY": -0.5
        }
      }
    ],
    "options": {
      "__type": "PanelSurrogate:#EditorCommon.JsonModel.Component.GUI",
      "classname": "Panel",
      "name": "info_panel",
      "ZOrder": 0,
      "actiontag": -1,
      "anchorPointX": 0,
      "anchorPointY": 0,
      "classType": "Panel",
      "colorB": 255,
      "colorG": 255,
      "colorR": 255,
      "customProperty": "",
      "flipX": false,
      "flipY": false,
      "height": 720,
      "ignoreSize": false,
      "layoutParameter": null,
      "opacity": 255,
      "positionPercentX": 0,
      "positionPercentY": 0,
      "positionType": 0,
      "rotation": 0,
      "scaleX": 1,
      "scaleY": 1,
      "sizePercentX": 0,
      "sizePercentY": 0,
      "sizeType": 0,
      "tag": 72353,
      "touchAble": true,
      "useMergedTexture": false,
      "visible": true,
      "width": 1280,
      "x": 0,
      "y": 0,
      "adaptScreen": false,
      "backGroundImage": null,
      "backGroundImageData": null,
      "backGroundScale9Enable": false,
      "bgColorB": 255,
      "bgColorG": 200,
      "bgColorOpacity": 0,
      "bgColorR": 150,
      "bgEndColorB": 255,
      "bgEndColorG": 200,
      "bgEndColorR": 150,
      "bgStartColorB": 255,
      "bgStartColorG": 255,
      "bgStartColorR": 255,
      "capInsetsHeight": 1,
      "capInsetsWidth": 1,
      "capInsetsX": 0,
      "capInsetsY": 0,
      "clipAble": false,
      "colorType": 1,
      "layoutType": 0,
      "vectorX": 0,
      "vectorY": -0.5
    }
  }
}
