{
  "classname": null,
  "name": null,
  "animation": {
    "classname": null,
    "name": "AnimationManager",
    "actionlist": []
  },
  "dataScale": 1,
  "designHeight": 720,
  "designWidth": 1280,
  "textures": [],
  "version": "1.3.0.1",
  "widgetTree": {
    "classname": "Panel",
    "name": null,
    "children": [
      {
        "classname": "ImageView",
        "name": null,
        "children": [
          {
            "classname": "TextField",
            "name": null,
            "children": [],
            "options": {
              "__type": "TextFieldSurrogate:#EditorCommon.JsonModel.Component.GUI",
              "classname": "TextField",
              "name": "text_search_name",
              "ZOrder": 0,
              "actiontag": 43030,
              "anchorPointX": 0,
              "anchorPointY": 0.5,
              "classType": "TextField",
              "colorB": 255,
              "colorG": 255,
              "colorR": 255,
              "customProperty": "",
              "flipX": false,
              "flipY": false,
              "height": 36,
              "ignoreSize": true,
              "layoutParameter": null,
              "opacity": 255,
              "positionPercentX": -0.482649833,
              "positionPercentY": 0,
              "positionType": 0,
              "rotation": 0,
              "scaleX": 1,
              "scaleY": 1,
              "sizePercentX": 0.6182965,
              "sizePercentY": 0.6304348,
              "sizeType": 0,
              "tag": 12092,
              "touchAble": true,
              "useMergedTexture": false,
              "visible": true,
              "width": 196,
              "x": -153,
              "y": 0,
              "areaHeight": 0,
              "areaWidth": 0,
              "fontFile": null,
              "fontName": "微软雅黑",
              "fontSize": 28,
              "maxLength": 10,
              "maxLengthEnable": true,
              "passwordEnable": false,
              "passwordStyleText": "*",
              "placeHolder": "请输入公会名称",
              "text": ""
            }
          },
          {
            "classname": "ImageView",
            "name": null,
            "children": [],
            "options": {
              "__type": "ImageViewSurrogate:#EditorCommon.JsonModel.Component.GUI",
              "classname": "ImageView",
              "name": "img_search",
              "ZOrder": 0,
              "actiontag": 100018,
              "anchorPointX": 0.5,
              "anchorPointY": 0.5,
              "classType": "ImageView",
              "colorB": 255,
              "colorG": 255,
              "colorR": 255,
              "customProperty": "",
              "flipX": false,
              "flipY": false,
              "height": 35,
              "ignoreSize": true,
              "layoutParameter": null,
              "opacity": 255,
              "positionPercentX": 0.4258675,
              "positionPercentY": -0.02173913,
              "positionType": 0,
              "rotation": 0,
              "scaleX": 1,
              "scaleY": 1,
              "sizePercentX": 0.116719246,
              "sizePercentY": 0.760869563,
              "sizeType": 0,
              "tag": 62777,
              "touchAble": false,
              "useMergedTexture": false,
              "visible": true,
              "width": 37,
              "x": 135,
              "y": -1,
              "capInsetsHeight": 1,
              "capInsetsWidth": 1,
              "capInsetsX": 0,
              "capInsetsY": 0,
              "fileName": null,
              "fileNameData": {
                "path": "btn_search.png",
                "plistFile": "",
                "resourceType": 1
              },
              "scale9Enable": false,
              "scale9Height": 35,
              "scale9Width": 37
            }
          }
        ],
        "options": {
          "__type": "ImageViewSurrogate:#EditorCommon.JsonModel.Component.GUI",
          "classname": "ImageView",
          "name": "img_search_name",
          "ZOrder": 0,
          "actiontag": 43029,
          "anchorPointX": 0.5,
          "anchorPointY": 0.5,
          "classType": "ImageView",
          "colorB": 255,
          "colorG": 255,
          "colorR": 255,
          "customProperty": "",
          "flipX": false,
          "flipY": false,
          "height": 46,
          "ignoreSize": false,
          "layoutParameter": null,
          "opacity": 255,
          "positionPercentX": 0.1796875,
          "positionPercentY": 0.7416667,
          "positionType": 0,
          "rotation": 0,
          "scaleX": 1,
          "scaleY": 1,
          "sizePercentX": 0.247656256,
          "sizePercentY": 0.06388889,
          "sizeType": 0,
          "tag": 12091,
          "touchAble": false,
          "useMergedTexture": false,
          "visible": true,
          "width": 317,
          "x": 230,
          "y": 534,
          "capInsetsHeight": 1,
          "capInsetsWidth": 1,
          "capInsetsX": 0,
          "capInsetsY": 0,
          "fileName": null,
          "fileNameData": {
            "path": "lbl_chat.png",
            "plistFile": "",
            "resourceType": 1
          },
          "scale9Enable": false,
          "scale9Height": 46,
          "scale9Width": 317
        }
      },
      {
        "classname": "Label",
        "name": null,
        "children": [],
        "options": {
          "__type": "LabelSurrogate:#EditorCommon.JsonModel.Component.GUI",
          "classname": "Label",
          "name": "Label_43031",
          "ZOrder": 0,
          "actiontag": 43031,
          "anchorPointX": 0.5,
          "anchorPointY": 0.5,
          "classType": "Label",
          "colorB": 0,
          "colorG": 24,
          "colorR": 46,
          "customProperty": "",
          "flipX": false,
          "flipY": false,
          "height": 30,
          "ignoreSize": true,
          "layoutParameter": null,
          "opacity": 255,
          "positionPercentX": 0.135156244,
          "positionPercentY": 0.691666663,
          "positionType": 0,
          "rotation": 0,
          "scaleX": 1,
          "scaleY": 1,
          "sizePercentX": 0.1375,
          "sizePercentY": 0.0319444463,
          "sizeType": 0,
          "tag": 12093,
          "touchAble": false,
          "useMergedTexture": false,
          "visible": true,
          "width": 176,
          "x": 173,
          "y": 498,
          "areaHeight": 0,
          "areaWidth": 0,
          "fontFile": null,
          "fontName": "微软雅黑",
          "fontSize": 22,
          "hAlignment": 0,
          "text": "请输入公会关键字",
          "touchScaleEnable": false,
          "vAlignment": 0
        }
      },
      {
        "classname": "Label",
        "name": null,
        "children": [],
        "options": {
          "__type": "LabelSurrogate:#EditorCommon.JsonModel.Component.GUI",
          "classname": "Label",
          "name": "lbl_search_no",
          "ZOrder": 0,
          "actiontag": 43033,
          "anchorPointX": 0.5,
          "anchorPointY": 0.5,
          "classType": "Label",
          "colorB": 0,
          "colorG": 24,
          "colorR": 46,
          "customProperty": "",
          "flipX": false,
          "flipY": false,
          "height": 33,
          "ignoreSize": true,
          "layoutParameter": null,
          "opacity": 255,
          "positionPercentX": 0.1375,
          "positionPercentY": 0.622222245,
          "positionType": 0,
          "rotation": 0,
          "scaleX": 1,
          "scaleY": 1,
          "sizePercentX": 0.140625,
          "sizePercentY": 0.0430555567,
          "sizeType": 0,
          "tag": 12095,
          "touchAble": false,
          "useMergedTexture": false,
          "visible": true,
          "width": 180,
          "x": 176,
          "y": 448,
          "areaHeight": 0,
          "areaWidth": 0,
          "fontFile": null,
          "fontName": "FZDaBiaoSong-B06S.ttf",
          "fontSize": 30,
          "hAlignment": 0,
          "text": "搜索结果：无",
          "touchScaleEnable": false,
          "vAlignment": 0
        }
      },
      {
        "classname": "ListView",
        "name": null,
        "children": [],
        "options": {
          "__type": "ListViewSurrogate:#EditorCommon.JsonModel.Component.GUI",
          "classname": "ListView",
          "name": "list_members",
          "ZOrder": 0,
          "actiontag": 46464,
          "anchorPointX": 0,
          "anchorPointY": 0,
          "classType": "ListView",
          "colorB": 255,
          "colorG": 255,
          "colorR": 255,
          "customProperty": "",
          "flipX": false,
          "flipY": false,
          "height": 451,
          "ignoreSize": false,
          "layoutParameter": null,
          "opacity": 255,
          "positionPercentX": 0.02734375,
          "positionPercentY": 0.0444444455,
          "positionType": 0,
          "rotation": 0,
          "scaleX": 1,
          "scaleY": 1,
          "sizePercentX": 0.6015625,
          "sizePercentY": 0.6263889,
          "sizeType": 0,
          "tag": 15169,
          "touchAble": true,
          "useMergedTexture": false,
          "visible": true,
          "width": 770,
          "x": 35,
          "y": 32,
          "backGroundImage": null,
          "backGroundImageData": null,
          "backGroundScale9Enable": false,
          "bgColorB": 255,
          "bgColorG": 150,
          "bgColorOpacity": 0,
          "bgColorR": 150,
          "bgEndColorB": 255,
          "bgEndColorG": 150,
          "bgEndColorR": 150,
          "bgStartColorB": 255,
          "bgStartColorG": 255,
          "bgStartColorR": 255,
          "bounceEnable": true,
          "capInsetsHeight": 1,
          "capInsetsWidth": 1,
          "capInsetsX": 0,
          "capInsetsY": 0,
          "clipAble": false,
          "colorType": 1,
          "direction": 1,
          "gravity": 0,
          "innerHeight": 0,
          "innerWidth": 0,
          "itemMargin": 0,
          "vectorX": 0,
          "vectorY": -0.5
        }
      },
      {
        "classname": "ImageView",
        "name": null,
        "children": [],
        "options": {
          "__type": "ImageViewSurrogate:#EditorCommon.JsonModel.Component.GUI",
          "classname": "ImageView",
          "name": "img_prompt1",
          "ZOrder": 1,
          "actiontag": 46465,
          "anchorPointX": 0.5,
          "anchorPointY": 0.5,
          "classType": "ImageView",
          "colorB": 255,
          "colorG": 255,
          "colorR": 255,
          "customProperty": "",
          "flipX": false,
          "flipY": false,
          "height": 104,
          "ignoreSize": true,
          "layoutParameter": null,
          "opacity": 255,
          "positionPercentX": 0.6390625,
          "positionPercentY": 0.7125,
          "positionType": 0,
          "rotation": 0,
          "scaleX": 1,
          "scaleY": 0.799999952,
          "sizePercentX": 0.01640625,
          "sizePercentY": 0.144444451,
          "sizeType": 0,
          "tag": 15170,
          "touchAble": false,
          "useMergedTexture": false,
          "visible": true,
          "width": 21,
          "x": 818,
          "y": 513,
          "capInsetsHeight": 1,
          "capInsetsWidth": 1,
          "capInsetsX": 0,
          "capInsetsY": 0,
          "fileName": null,
          "fileNameData": {
            "path": "slider_prompt.png",
            "plistFile": "",
            "resourceType": 1
          },
          "scale9Enable": false,
          "scale9Height": 104,
          "scale9Width": 21
        }
      },
      {
        "classname": "ImageView",
        "name": null,
        "children": [],
        "options": {
          "__type": "ImageViewSurrogate:#EditorCommon.JsonModel.Component.GUI",
          "classname": "ImageView",
          "name": "img_longline1",
          "ZOrder": 0,
          "actiontag": 46466,
          "anchorPointX": 0.5,
          "anchorPointY": 0.5,
          "classType": "ImageView",
          "colorB": 255,
          "colorG": 255,
          "colorR": 255,
          "customProperty": "",
          "flipX": false,
          "flipY": false,
          "height": 8,
          "ignoreSize": true,
          "layoutParameter": null,
          "opacity": 255,
          "positionPercentX": 0.6375,
          "positionPercentY": 0.379166663,
          "positionType": 0,
          "rotation": 90,
          "scaleX": 0.6999999,
          "scaleY": 1,
          "sizePercentX": 0.530468762,
          "sizePercentY": 0.0111111114,
          "sizeType": 0,
          "tag": 15171,
          "touchAble": false,
          "useMergedTexture": false,
          "visible": true,
          "width": 679,
          "x": 816,
          "y": 273,
          "capInsetsHeight": 1,
          "capInsetsWidth": 1,
          "capInsetsX": 0,
          "capInsetsY": 0,
          "fileName": null,
          "fileNameData": {
            "path": "splitline.png",
            "plistFile": "",
            "resourceType": 1
          },
          "scale9Enable": false,
          "scale9Height": 8,
          "scale9Width": 679
        }
      },
      {
        "classname": "ImageView",
        "name": null,
        "children": [],
        "options": {
          "__type": "ImageViewSurrogate:#EditorCommon.JsonModel.Component.GUI",
          "classname": "ImageView",
          "name": "img_loading",
          "ZOrder": 1,
          "actiontag": 96406,
          "anchorPointX": 0.5,
          "anchorPointY": 0.5,
          "classType": "ImageView",
          "colorB": 22,
          "colorG": 49,
          "colorR": 83,
          "customProperty": "",
          "flipX": true,
          "flipY": false,
          "height": 64,
          "ignoreSize": true,
          "layoutParameter": null,
          "opacity": 255,
          "positionPercentX": 0.5,
          "positionPercentY": 0.4263889,
          "positionType": 0,
          "rotation": 0,
          "scaleX": 1.5,
          "scaleY": 1.5,
          "sizePercentX": 0.05,
          "sizePercentY": 0.08888889,
          "sizeType": 0,
          "tag": 59558,
          "touchAble": false,
          "useMergedTexture": false,
          "visible": true,
          "width": 64,
          "x": 640,
          "y": 307,
          "capInsetsHeight": 1,
          "capInsetsWidth": 1,
          "capInsetsX": 0,
          "capInsetsY": 0,
          "fileName": null,
          "fileNameData": {
            "path": "white_circle.png",
            "plistFile": "",
            "resourceType": 1
          },
          "scale9Enable": false,
          "scale9Height": 64,
          "scale9Width": 64
        }
      },
      {
        "classname": "Button",
        "name": null,
        "children": [
          {
            "classname": "Label",
            "name": null,
            "children": [],
            "options": {
              "__type": "LabelSurrogate:#EditorCommon.JsonModel.Component.GUI",
              "classname": "Label",
              "name": "Label_100017",
              "ZOrder": 1,
              "actiontag": 100017,
              "anchorPointX": 0.5,
              "anchorPointY": 0.5,
              "classType": "Label",
              "colorB": 255,
              "colorG": 255,
              "colorR": 255,
              "customProperty": "",
              "flipX": false,
              "flipY": false,
              "height": 39,
              "ignoreSize": true,
              "layoutParameter": null,
              "opacity": 255,
              "positionPercentX": 0,
              "positionPercentY": 0,
              "positionType": 0,
              "rotation": 0,
              "scaleX": 1,
              "scaleY": 1,
              "sizePercentX": 0.560509562,
              "sizePercentY": 0.467532456,
              "sizeType": 0,
              "tag": 62776,
              "touchAble": false,
              "useMergedTexture": false,
              "visible": true,
              "width": 96,
              "x": 0,
              "y": 0,
              "areaHeight": 0,
              "areaWidth": 0,
              "fontFile": null,
              "fontName": "FZDaBiaoSong-B06S.ttf",
              "fontSize": 35,
              "hAlignment": 0,
              "text": "搜  索",
              "touchScaleEnable": false,
              "vAlignment": 0
            }
          },
          {
            "classname": "Label",
            "name": null,
            "children": [],
            "options": {
              "__type": "LabelSurrogate:#EditorCommon.JsonModel.Component.GUI",
              "classname": "Label",
              "name": "Label_100017_Copy0",
              "ZOrder": 0,
              "actiontag": 100019,
              "anchorPointX": 0.5,
              "anchorPointY": 0.5,
              "classType": "Label",
              "colorB": 0,
              "colorG": 0,
              "colorR": 0,
              "customProperty": "",
              "flipX": false,
              "flipY": false,
              "height": 39,
              "ignoreSize": true,
              "layoutParameter": null,
              "opacity": 255,
              "positionPercentX": 0.01910828,
              "positionPercentY": -0.0259740259,
              "positionType": 0,
              "rotation": 0,
              "scaleX": 1,
              "scaleY": 1,
              "sizePercentX": 0.560509562,
              "sizePercentY": 0.467532456,
              "sizeType": 0,
              "tag": 62778,
              "touchAble": false,
              "useMergedTexture": false,
              "visible": true,
              "width": 96,
              "x": 3,
              "y": -2,
              "areaHeight": 0,
              "areaWidth": 0,
              "fontFile": null,
              "fontName": "FZDaBiaoSong-B06S.ttf",
              "fontSize": 35,
              "hAlignment": 0,
              "text": "搜  索",
              "touchScaleEnable": false,
              "vAlignment": 0
            }
          }
        ],
        "options": {
          "__type": "ButtonSurrogate:#EditorCommon.JsonModel.Component.GUI",
          "classname": "Button",
          "name": "btn_search",
          "ZOrder": 0,
          "actiontag": 100016,
          "anchorPointX": 0.5,
          "anchorPointY": 0.5,
          "classType": "Button",
          "colorB": 255,
          "colorG": 255,
          "colorR": 255,
          "customProperty": "",
          "flipX": false,
          "flipY": false,
          "height": 77,
          "ignoreSize": true,
          "layoutParameter": null,
          "opacity": 255,
          "positionPercentX": 0.367968738,
          "positionPercentY": 0.740277767,
          "positionType": 0,
          "rotation": 0,
          "scaleX": 0.799999952,
          "scaleY": 0.799999952,
          "sizePercentX": 0.122656249,
          "sizePercentY": 0.106944442,
          "sizeType": 0,
          "tag": 62775,
          "touchAble": true,
          "useMergedTexture": false,
          "visible": true,
          "width": 157,
          "x": 471,
          "y": 533,
          "capInsetsHeight": 1,
          "capInsetsWidth": 1,
          "capInsetsX": 0,
          "capInsetsY": 0,
          "disabled": null,
          "disabledData": {
            "path": "btn_brown_disabled.png",
            "plistFile": "",
            "resourceType": 1
          },
          "fontName": "微软雅黑",
          "fontSize": 14,
          "fontType": 0,
          "normal": null,
          "normalData": {
            "path": "btn_brown.png",
            "plistFile": "",
            "resourceType": 1
          },
          "pressed": null,
          "pressedData": {
            "path": "btn_brown_pressed.png",
            "plistFile": "",
            "resourceType": 1
          },
          "scale9Enable": false,
          "scale9Height": 77,
          "scale9Width": 157,
          "text": "",
          "textColorB": 255,
          "textColorG": 255,
          "textColorR": 255
        }
      }
    ],
    "options": {
      "__type": "PanelSurrogate:#EditorCommon.JsonModel.Component.GUI",
      "classname": "Panel",
      "name": "panel_search",
      "ZOrder": 0,
      "actiontag": -1,
      "anchorPointX": 0,
      "anchorPointY": 0,
      "classType": "Panel",
      "colorB": 255,
      "colorG": 255,
      "colorR": 255,
      "customProperty": "",
      "flipX": false,
      "flipY": false,
      "height": 720,
      "ignoreSize": false,
      "layoutParameter": null,
      "opacity": 255,
      "positionPercentX": 0,
      "positionPercentY": 0,
      "positionType": 0,
      "rotation": 0,
      "scaleX": 1,
      "scaleY": 1,
      "sizePercentX": 0,
      "sizePercentY": 0,
      "sizeType": 0,
      "tag": 12089,
      "touchAble": false,
      "useMergedTexture": false,
      "visible": true,
      "width": 1280,
      "x": 0,
      "y": 0,
      "adaptScreen": false,
      "backGroundImage": null,
      "backGroundImageData": null,
      "backGroundScale9Enable": false,
      "bgColorB": 255,
      "bgColorG": 200,
      "bgColorOpacity": 0,
      "bgColorR": 150,
      "bgEndColorB": 255,
      "bgEndColorG": 200,
      "bgEndColorR": 150,
      "bgStartColorB": 255,
      "bgStartColorG": 255,
      "bgStartColorR": 255,
      "capInsetsHeight": 1,
      "capInsetsWidth": 1,
      "capInsetsX": 0,
      "capInsetsY": 0,
      "clipAble": false,
      "colorType": 1,
      "layoutType": 0,
      "vectorX": 0,
      "vectorY": -0.5
    }
  }
}
